Copyright 1986-2017 Xilinx, Inc. All Rights Reserved.
---------------------------------------------------------------------------------------------------------------------------------------------------------
| Tool Version : Vivado v.2017.4 (win64) Build 2086221 Fri Dec 15 20:55:39 MST 2017
| Date         : Tue Jul  7 15:01:20 2026
| Host         : WIN-JS24ECESSM5 running 64-bit major release  (build 9200)
| Command      : report_timing_summary -max_paths 10 -file TopDebug_timing_summary_routed.rpt -rpx TopDebug_timing_summary_routed.rpx -warn_on_violation
| Design       : TopDebug
| Device       : 7a35t-csg324
| Speed File   : -1  PRODUCTION 1.20 2017-11-01
---------------------------------------------------------------------------------------------------------------------------------------------------------

Timing Summary Report

------------------------------------------------------------------------------------------------
| Timer Settings
| --------------
------------------------------------------------------------------------------------------------

  Enable Multi Corner Analysis               :  Yes
  Enable Pessimism Removal                   :  Yes
  Pessimism Removal Resolution               :  Nearest Common Node
  Enable Input Delay Default Clock           :  No
  Enable Preset / Clear Arcs                 :  No
  Disable Flight Delays                      :  No
  Ignore I/O Paths                           :  No
  Timing Early Launch at Borrowing Latches   :  false

  Corner  Analyze    Analyze    
  Name    Max Paths  Min Paths  
  ------  ---------  ---------  
  Slow    Yes        Yes        
  Fast    Yes        Yes        



check_timing report

Table of Contents
-----------------
1. checking no_clock
2. checking constant_clock
3. checking pulse_width_clock
4. checking unconstrained_internal_endpoints
5. checking no_input_delay
6. checking no_output_delay
7. checking multiple_clock
8. checking generated_clocks
9. checking loops
10. checking partial_input_delay
11. checking partial_output_delay
12. checking latch_loops

1. checking no_clock
--------------------
 There are 0 register/latch pins with no clock.


2. checking constant_clock
--------------------------
 There are 0 register/latch pins with constant_clock.


3. checking pulse_width_clock
-----------------------------
 There are 0 register/latch pins which need pulse_width check


4. checking unconstrained_internal_endpoints
--------------------------------------------
 There are 0 pins that are not constrained for maximum delay.

 There are 0 pins that are not constrained for maximum delay due to constant clock.


5. checking no_input_delay
--------------------------
 There are 23 input ports with no input delay specified. (HIGH)

 There are 0 input ports with no input delay but user has a false path constraint.


6. checking no_output_delay
---------------------------
 There are 55 ports with no output delay specified. (HIGH)

 There are 0 ports with no output delay but user has a false path constraint

 There are 0 ports with no output delay but with a timing clock defined on it or propagating through it


7. checking multiple_clock
--------------------------
 There are 0 register/latch pins with multiple clocks.


8. checking generated_clocks
----------------------------
 There are 0 generated clocks that are not connected to a clock source.


9. checking loops
-----------------
 There are 0 combinational loops in the design.


10. checking partial_input_delay
--------------------------------
 There are 0 input ports with partial input delay specified.


11. checking partial_output_delay
---------------------------------
 There are 0 ports with partial output delay specified.


12. checking latch_loops
------------------------
 There are 0 combinational latch loops in the design through latch input



------------------------------------------------------------------------------------------------
| Design Timing Summary
| ---------------------
------------------------------------------------------------------------------------------------

    WNS(ns)      TNS(ns)  TNS Failing Endpoints  TNS Total Endpoints      WHS(ns)      THS(ns)  THS Failing Endpoints  THS Total Endpoints     WPWS(ns)     TPWS(ns)  TPWS Failing Endpoints  TPWS Total Endpoints  
    -------      -------  ---------------------  -------------------      -------      -------  ---------------------  -------------------     --------     --------  ----------------------  --------------------  
     -0.298       -1.668                     12                19439        0.038        0.000                      0                19439        4.500        0.000                       0                  4186  


Timing constraints are not met.


------------------------------------------------------------------------------------------------
| Clock Summary
| -------------
------------------------------------------------------------------------------------------------

Clock      Waveform(ns)       Period(ns)      Frequency(MHz)
-----      ------------       ----------      --------------
sys_clk    {0.000 5.000}      10.000          100.000         
  cpu_clk  {0.000 40.000}     80.000          12.500          
  vga_clk  {0.000 20.000}     40.000          25.000          


------------------------------------------------------------------------------------------------
| Intra Clock Table
| -----------------
------------------------------------------------------------------------------------------------

Clock             WNS(ns)      TNS(ns)  TNS Failing Endpoints  TNS Total Endpoints      WHS(ns)      THS(ns)  THS Failing Endpoints  THS Total Endpoints     WPWS(ns)     TPWS(ns)  TPWS Failing Endpoints  TPWS Total Endpoints  
-----             -------      -------  ---------------------  -------------------      -------      -------  ---------------------  -------------------     --------     --------  ----------------------  --------------------  
sys_clk             1.743        0.000                      0                  652        0.041        0.000                      0                  652        4.500        0.000                       0                   341  
  cpu_clk          11.263        0.000                      0                15707        0.038        0.000                      0                15707       38.750        0.000                       0                  3762  
  vga_clk          33.593        0.000                      0                  161        0.092        0.000                      0                  161       19.500        0.000                       0                    83  


------------------------------------------------------------------------------------------------
| Inter Clock Table
| -----------------
------------------------------------------------------------------------------------------------

From Clock    To Clock          WNS(ns)      TNS(ns)  TNS Failing Endpoints  TNS Total Endpoints      WHS(ns)      THS(ns)  THS Failing Endpoints  THS Total Endpoints  
----------    --------          -------      -------  ---------------------  -------------------      -------      -------  ---------------------  -------------------  
cpu_clk       sys_clk            -0.298       -1.668                     12                   32        1.045        0.000                      0                   32  
sys_clk       cpu_clk             2.202        0.000                      0                 2470        0.167        0.000                      0                 2470  


------------------------------------------------------------------------------------------------
| Other Path Groups Table
| -----------------------
------------------------------------------------------------------------------------------------

Path Group         From Clock         To Clock               WNS(ns)      TNS(ns)  TNS Failing Endpoints  TNS Total Endpoints      WHS(ns)      THS(ns)  THS Failing Endpoints  THS Total Endpoints  
----------         ----------         --------               -------      -------  ---------------------  -------------------      -------      -------  ---------------------  -------------------  
**async_default**  sys_clk            cpu_clk                  1.303        0.000                      0                 2700        0.482        0.000                      0                 2700  
**async_default**  vga_clk            vga_clk                 34.908        0.000                      0                   76        0.774        0.000                      0                   76  


------------------------------------------------------------------------------------------------
| Timing Details
| --------------
------------------------------------------------------------------------------------------------


---------------------------------------------------------------------------------------------------
From Clock:  sys_clk
  To Clock:  sys_clk

Setup :            0  Failing Endpoints,  Worst Slack        1.743ns,  Total Violation        0.000ns
Hold  :            0  Failing Endpoints,  Worst Slack        0.041ns,  Total Violation        0.000ns
PW    :            0  Failing Endpoints,  Worst Slack        4.500ns,  Total Violation        0.000ns
---------------------------------------------------------------------------------------------------


Max Delay Paths
--------------------------------------------------------------------------------------
Slack (MET) :             1.743ns  (required time - arrival time)
  Source:                 uDebugCtrl/dbg_reg_addr_reg[3]/C
                            (rising edge-triggered cell FDCE clocked by sys_clk  {rise@0.000ns fall@5.000ns period=10.000ns})
  Destination:            uDebugCtrl/resp_buf_reg[4][7]/D
                            (rising edge-triggered cell FDRE clocked by sys_clk  {rise@0.000ns fall@5.000ns period=10.000ns})
  Path Group:             sys_clk
  Path Type:              Setup (Max at Slow Process Corner)
  Requirement:            10.000ns  (sys_clk rise@10.000ns - sys_clk rise@0.000ns)
  Data Path Delay:        7.953ns  (logic 1.417ns (17.818%)  route 6.536ns (82.182%))
  Logic Levels:           5  (LUT5=1 LUT6=3 MUXF8=1)
  Clock Path Skew:        -0.300ns (DCD - SCD + CPR)
    Destination Clock Delay (DCD):    4.799ns = ( 14.799 - 10.000 ) 
    Source Clock Delay      (SCD):    5.284ns
    Clock Pessimism Removal (CPR):    0.186ns
  Clock Uncertainty:      0.035ns  ((TSJ^2 + TIJ^2)^1/2 + DJ) / 2 + PE
    Total System Jitter     (TSJ):    0.071ns
    Total Input Jitter      (TIJ):    0.000ns
    Discrete Jitter          (DJ):    0.000ns
    Phase Error              (PE):    0.000ns

    Location             Delay type                Incr(ns)  Path(ns)    Netlist Resource(s)
  -------------------------------------------------------------------    -------------------
                         (clock sys_clk rise edge)    0.000     0.000 r  
    P17                                               0.000     0.000 r  clk (IN)
                         net (fo=0)                   0.000     0.000    clk
    P17                  IBUF (Prop_ibuf_I_O)         1.478     1.478 r  clk_IBUF_inst/O
                         net (fo=1, routed)           1.972     3.450    clk_IBUF
    BUFGCTRL_X0Y1        BUFG (Prop_bufg_I_O)         0.096     3.546 r  clk_IBUF_BUFG_inst/O
                         net (fo=340, routed)         1.738     5.284    uDebugCtrl/clk_IBUF_BUFG
    SLICE_X28Y102        FDCE                                         r  uDebugCtrl/dbg_reg_addr_reg[3]/C
  -------------------------------------------------------------------    -------------------
    SLICE_X28Y102        FDCE (Prop_fdce_C_Q)         0.456     5.740 r  uDebugCtrl/dbg_reg_addr_reg[3]/Q
                         net (fo=66, routed)          2.939     8.680    uCPUPipe/uRegFile/dbg_reg_addr_reg[4][1]
    SLICE_X19Y128        MUXF8 (Prop_muxf8_S_O)       0.273     8.953 r  uCPUPipe/uRegFile/resp_buf_reg[4][7]_i_10/O
                         net (fo=1, routed)           1.432    10.385    uCPUPipe/uRegFile/resp_buf_reg[4][7]_i_10_n_0
    SLICE_X23Y108        LUT6 (Prop_lut6_I0_O)        0.316    10.701 r  uCPUPipe/uRegFile/resp_buf[4][7]_i_6/O
                         net (fo=1, routed)           1.585    12.286    uCPUTop/uDataMemory/pipe_dbg_reg[7]
    SLICE_X44Y86         LUT6 (Prop_lut6_I2_O)        0.124    12.410 r  uCPUTop/uDataMemory/resp_buf[4][7]_i_4/O
                         net (fo=1, routed)           0.279    12.689    uDebugCtrl/cmd_reg_reg[1]_7
    SLICE_X44Y86         LUT6 (Prop_lut6_I2_O)        0.124    12.813 r  uDebugCtrl/resp_buf[4][7]_i_2/O
                         net (fo=1, routed)           0.299    13.113    uDebugCtrl/resp_buf[4][7]_i_2_n_0
    SLICE_X43Y86         LUT5 (Prop_lut5_I0_O)        0.124    13.237 r  uDebugCtrl/resp_buf[4][7]_i_1/O
                         net (fo=1, routed)           0.000    13.237    uDebugCtrl/resp_buf[4][7]_i_1_n_0
    SLICE_X43Y86         FDRE                                         r  uDebugCtrl/resp_buf_reg[4][7]/D
  -------------------------------------------------------------------    -------------------

                         (clock sys_clk rise edge)   10.000    10.000 r  
    P17                                               0.000    10.000 r  clk (IN)
                         net (fo=0)                   0.000    10.000    clk
    P17                  IBUF (Prop_ibuf_I_O)         1.408    11.408 r  clk_IBUF_inst/O
                         net (fo=1, routed)           1.868    13.276    clk_IBUF
    BUFGCTRL_X0Y1        BUFG (Prop_bufg_I_O)         0.091    13.367 r  clk_IBUF_BUFG_inst/O
                         net (fo=340, routed)         1.432    14.799    uDebugCtrl/clk_IBUF_BUFG
    SLICE_X43Y86         FDRE                                         r  uDebugCtrl/resp_buf_reg[4][7]/C
                         clock pessimism              0.186    14.985    
                         clock uncertainty           -0.035    14.949    
    SLICE_X43Y86         FDRE (Setup_fdre_C_D)        0.031    14.980    uDebugCtrl/resp_buf_reg[4][7]
  -------------------------------------------------------------------
                         required time                         14.980    
                         arrival time                         -13.237    
  -------------------------------------------------------------------
                         slack                                  1.743    

Slack (MET) :             1.980ns  (required time - arrival time)
  Source:                 uDebugCtrl/cmd_reg_reg[1]/C
                            (rising edge-triggered cell FDCE clocked by sys_clk  {rise@0.000ns fall@5.000ns period=10.000ns})
  Destination:            uDebugCtrl/resp_buf_reg[3][2]/D
                            (rising edge-triggered cell FDRE clocked by sys_clk  {rise@0.000ns fall@5.000ns period=10.000ns})
  Path Group:             sys_clk
  Path Type:              Setup (Max at Slow Process Corner)
  Requirement:            10.000ns  (sys_clk rise@10.000ns - sys_clk rise@0.000ns)
  Data Path Delay:        7.903ns  (logic 0.952ns (12.046%)  route 6.951ns (87.954%))
  Logic Levels:           4  (LUT3=1 LUT5=1 LUT6=2)
  Clock Path Skew:        -0.110ns (DCD - SCD + CPR)
    Destination Clock Delay (DCD):    4.795ns = ( 14.795 - 10.000 ) 
    Source Clock Delay      (SCD):    5.091ns
    Clock Pessimism Removal (CPR):    0.186ns
  Clock Uncertainty:      0.035ns  ((TSJ^2 + TIJ^2)^1/2 + DJ) / 2 + PE
    Total System Jitter     (TSJ):    0.071ns
    Total Input Jitter      (TIJ):    0.000ns
    Discrete Jitter          (DJ):    0.000ns
    Phase Error              (PE):    0.000ns

    Location             Delay type                Incr(ns)  Path(ns)    Netlist Resource(s)
  -------------------------------------------------------------------    -------------------
                         (clock sys_clk rise edge)    0.000     0.000 r  
    P17                                               0.000     0.000 r  clk (IN)
                         net (fo=0)                   0.000     0.000    clk
    P17                  IBUF (Prop_ibuf_I_O)         1.478     1.478 r  clk_IBUF_inst/O
                         net (fo=1, routed)           1.972     3.450    clk_IBUF
    BUFGCTRL_X0Y1        BUFG (Prop_bufg_I_O)         0.096     3.546 r  clk_IBUF_BUFG_inst/O
                         net (fo=340, routed)         1.545     5.091    uDebugCtrl/clk_IBUF_BUFG
    SLICE_X29Y82         FDCE                                         r  uDebugCtrl/cmd_reg_reg[1]/C
  -------------------------------------------------------------------    -------------------
    SLICE_X29Y82         FDCE (Prop_fdce_C_Q)         0.456     5.547 f  uDebugCtrl/cmd_reg_reg[1]/Q
                         net (fo=55, routed)          1.849     7.396    uDebugCtrl/Q[1]
    SLICE_X27Y101        LUT3 (Prop_lut3_I0_O)        0.124     7.520 r  uDebugCtrl/resp_buf[1][7]_i_16/O
                         net (fo=32, routed)          3.071    10.591    uDebugCtrl/resp_buf[1][7]_i_16_n_0
    SLICE_X62Y97         LUT6 (Prop_lut6_I0_O)        0.124    10.715 r  uDebugCtrl/resp_buf[3][2]_i_5/O
                         net (fo=1, routed)           1.869    12.584    uDebugCtrl/resp_buf[3][2]_i_5_n_0
    SLICE_X36Y83         LUT6 (Prop_lut6_I3_O)        0.124    12.708 r  uDebugCtrl/resp_buf[3][2]_i_2/O
                         net (fo=1, routed)           0.162    12.870    uDebugCtrl/resp_buf[3][2]_i_2_n_0
    SLICE_X36Y83         LUT5 (Prop_lut5_I0_O)        0.124    12.994 r  uDebugCtrl/resp_buf[3][2]_i_1/O
                         net (fo=1, routed)           0.000    12.994    uDebugCtrl/resp_buf[3][2]_i_1_n_0
    SLICE_X36Y83         FDRE                                         r  uDebugCtrl/resp_buf_reg[3][2]/D
  -------------------------------------------------------------------    -------------------

                         (clock sys_clk rise edge)   10.000    10.000 r  
    P17                                               0.000    10.000 r  clk (IN)
                         net (fo=0)                   0.000    10.000    clk
    P17                  IBUF (Prop_ibuf_I_O)         1.408    11.408 r  clk_IBUF_inst/O
                         net (fo=1, routed)           1.868    13.276    clk_IBUF
    BUFGCTRL_X0Y1        BUFG (Prop_bufg_I_O)         0.091    13.367 r  clk_IBUF_BUFG_inst/O
                         net (fo=340, routed)         1.428    14.795    uDebugCtrl/clk_IBUF_BUFG
    SLICE_X36Y83         FDRE                                         r  uDebugCtrl/resp_buf_reg[3][2]/C
                         clock pessimism              0.186    14.981    
                         clock uncertainty           -0.035    14.945    
    SLICE_X36Y83         FDRE (Setup_fdre_C_D)        0.029    14.974    uDebugCtrl/resp_buf_reg[3][2]
  -------------------------------------------------------------------
                         required time                         14.974    
                         arrival time                         -12.994    
  -------------------------------------------------------------------
                         slack                                  1.980    

Slack (MET) :             2.018ns  (required time - arrival time)
  Source:                 uDebugCtrl/dbg_reg_addr_reg[1]_rep__0/C
                            (rising edge-triggered cell FDCE clocked by sys_clk  {rise@0.000ns fall@5.000ns period=10.000ns})
  Destination:            uDebugCtrl/resp_buf_reg[2][2]/D
                            (rising edge-triggered cell FDRE clocked by sys_clk  {rise@0.000ns fall@5.000ns period=10.000ns})
  Path Group:             sys_clk
  Path Type:              Setup (Max at Slow Process Corner)
  Requirement:            10.000ns  (sys_clk rise@10.000ns - sys_clk rise@0.000ns)
  Data Path Delay:        7.730ns  (logic 1.616ns (20.906%)  route 6.114ns (79.094%))
  Logic Levels:           7  (LUT5=1 LUT6=4 MUXF7=1 MUXF8=1)
  Clock Path Skew:        -0.294ns (DCD - SCD + CPR)
    Destination Clock Delay (DCD):    4.803ns = ( 14.803 - 10.000 ) 
    Source Clock Delay      (SCD):    5.282ns
    Clock Pessimism Removal (CPR):    0.186ns
  Clock Uncertainty:      0.035ns  ((TSJ^2 + TIJ^2)^1/2 + DJ) / 2 + PE
    Total System Jitter     (TSJ):    0.071ns
    Total Input Jitter      (TIJ):    0.000ns
    Discrete Jitter          (DJ):    0.000ns
    Phase Error              (PE):    0.000ns

    Location             Delay type                Incr(ns)  Path(ns)    Netlist Resource(s)
  -------------------------------------------------------------------    -------------------
                         (clock sys_clk rise edge)    0.000     0.000 r  
    P17                                               0.000     0.000 r  clk (IN)
                         net (fo=0)                   0.000     0.000    clk
    P17                  IBUF (Prop_ibuf_I_O)         1.478     1.478 r  clk_IBUF_inst/O
                         net (fo=1, routed)           1.972     3.450    clk_IBUF
    BUFGCTRL_X0Y1        BUFG (Prop_bufg_I_O)         0.096     3.546 r  clk_IBUF_BUFG_inst/O
                         net (fo=340, routed)         1.736     5.282    uDebugCtrl/clk_IBUF_BUFG
    SLICE_X27Y109        FDCE                                         r  uDebugCtrl/dbg_reg_addr_reg[1]_rep__0/C
  -------------------------------------------------------------------    -------------------
    SLICE_X27Y109        FDCE (Prop_fdce_C_Q)         0.456     5.738 r  uDebugCtrl/dbg_reg_addr_reg[1]_rep__0/Q
                         net (fo=86, routed)          2.625     8.363    uCPUPipe/uRegFile/dbg_reg_addr_reg[1]_rep__0
    SLICE_X6Y124         LUT6 (Prop_lut6_I2_O)        0.124     8.487 r  uCPUPipe/uRegFile/resp_buf[2][2]_i_30/O
                         net (fo=1, routed)           0.000     8.487    uCPUPipe/uRegFile/resp_buf[2][2]_i_30_n_0
    SLICE_X6Y124         MUXF7 (Prop_muxf7_I1_O)      0.247     8.734 r  uCPUPipe/uRegFile/resp_buf_reg[2][2]_i_21/O
                         net (fo=1, routed)           0.000     8.734    uCPUPipe/uRegFile/resp_buf_reg[2][2]_i_21_n_0
    SLICE_X6Y124         MUXF8 (Prop_muxf8_I0_O)      0.098     8.832 r  uCPUPipe/uRegFile/resp_buf_reg[2][2]_i_13/O
                         net (fo=1, routed)           1.411    10.243    uCPUPipe/uRegFile/resp_buf_reg[2][2]_i_13_n_0
    SLICE_X17Y110        LUT6 (Prop_lut6_I0_O)        0.319    10.562 r  uCPUPipe/uRegFile/resp_buf[2][2]_i_7/O
                         net (fo=1, routed)           1.411    11.973    uCPUTop/uDataMemory/pipe_dbg_reg[18]
    SLICE_X30Y99         LUT6 (Prop_lut6_I2_O)        0.124    12.097 r  uCPUTop/uDataMemory/resp_buf[2][2]_i_4/O
                         net (fo=1, routed)           0.171    12.268    uDebugCtrl/cmd_reg_reg[1]_18
    SLICE_X30Y99         LUT6 (Prop_lut6_I2_O)        0.124    12.392 r  uDebugCtrl/resp_buf[2][2]_i_2/O
                         net (fo=1, routed)           0.496    12.888    uDebugCtrl/resp_buf[2][2]_i_2_n_0
    SLICE_X30Y99         LUT5 (Prop_lut5_I0_O)        0.124    13.012 r  uDebugCtrl/resp_buf[2][2]_i_1/O
                         net (fo=1, routed)           0.000    13.012    uDebugCtrl/resp_buf[2][2]_i_1_n_0
    SLICE_X30Y99         FDRE                                         r  uDebugCtrl/resp_buf_reg[2][2]/D
  -------------------------------------------------------------------    -------------------

                         (clock sys_clk rise edge)   10.000    10.000 r  
    P17                                               0.000    10.000 r  clk (IN)
                         net (fo=0)                   0.000    10.000    clk
    P17                  IBUF (Prop_ibuf_I_O)         1.408    11.408 r  clk_IBUF_inst/O
                         net (fo=1, routed)           1.868    13.276    clk_IBUF
    BUFGCTRL_X0Y1        BUFG (Prop_bufg_I_O)         0.091    13.367 r  clk_IBUF_BUFG_inst/O
                         net (fo=340, routed)         1.436    14.803    uDebugCtrl/clk_IBUF_BUFG
    SLICE_X30Y99         FDRE                                         r  uDebugCtrl/resp_buf_reg[2][2]/C
                         clock pessimism              0.186    14.989    
                         clock uncertainty           -0.035    14.953    
    SLICE_X30Y99         FDRE (Setup_fdre_C_D)        0.077    15.030    uDebugCtrl/resp_buf_reg[2][2]
  -------------------------------------------------------------------
                         required time                         15.030    
                         arrival time                         -13.012    
  -------------------------------------------------------------------
                         slack                                  2.018    

Slack (MET) :             2.057ns  (required time - arrival time)
  Source:                 uDebugCtrl/dbg_reg_addr_reg[1]_rep/C
                            (rising edge-triggered cell FDCE clocked by sys_clk  {rise@0.000ns fall@5.000ns period=10.000ns})
  Destination:            uDebugCtrl/resp_buf_reg[4][1]/D
                            (rising edge-triggered cell FDRE clocked by sys_clk  {rise@0.000ns fall@5.000ns period=10.000ns})
  Path Group:             sys_clk
  Path Type:              Setup (Max at Slow Process Corner)
  Requirement:            10.000ns  (sys_clk rise@10.000ns - sys_clk rise@0.000ns)
  Data Path Delay:        7.639ns  (logic 1.610ns (21.075%)  route 6.029ns (78.925%))
  Logic Levels:           7  (LUT5=2 LUT6=3 MUXF7=1 MUXF8=1)
  Clock Path Skew:        -0.298ns (DCD - SCD + CPR)
    Destination Clock Delay (DCD):    4.799ns = ( 14.799 - 10.000 ) 
    Source Clock Delay      (SCD):    5.282ns
    Clock Pessimism Removal (CPR):    0.186ns
  Clock Uncertainty:      0.035ns  ((TSJ^2 + TIJ^2)^1/2 + DJ) / 2 + PE
    Total System Jitter     (TSJ):    0.071ns
    Total Input Jitter      (TIJ):    0.000ns
    Discrete Jitter          (DJ):    0.000ns
    Phase Error              (PE):    0.000ns

    Location             Delay type                Incr(ns)  Path(ns)    Netlist Resource(s)
  -------------------------------------------------------------------    -------------------
                         (clock sys_clk rise edge)    0.000     0.000 r  
    P17                                               0.000     0.000 r  clk (IN)
                         net (fo=0)                   0.000     0.000    clk
    P17                  IBUF (Prop_ibuf_I_O)         1.478     1.478 r  clk_IBUF_inst/O
                         net (fo=1, routed)           1.972     3.450    clk_IBUF
    BUFGCTRL_X0Y1        BUFG (Prop_bufg_I_O)         0.096     3.546 r  clk_IBUF_BUFG_inst/O
                         net (fo=340, routed)         1.736     5.282    uDebugCtrl/clk_IBUF_BUFG
    SLICE_X27Y109        FDCE                                         r  uDebugCtrl/dbg_reg_addr_reg[1]_rep/C
  -------------------------------------------------------------------    -------------------
    SLICE_X27Y109        FDCE (Prop_fdce_C_Q)         0.456     5.738 r  uDebugCtrl/dbg_reg_addr_reg[1]_rep/Q
                         net (fo=86, routed)          2.512     8.250    uCPUPipe/uRegFile/dbg_reg_addr_reg[1]_rep
    SLICE_X3Y118         LUT5 (Prop_lut5_I2_O)        0.124     8.374 r  uCPUPipe/uRegFile/resp_buf[4][1]_i_26/O
                         net (fo=1, routed)           0.000     8.374    uCPUPipe/uRegFile/resp_buf[4][1]_i_26_n_0
    SLICE_X3Y118         MUXF7 (Prop_muxf7_I0_O)      0.238     8.612 r  uCPUPipe/uRegFile/resp_buf_reg[4][1]_i_18/O
                         net (fo=1, routed)           0.000     8.612    uCPUPipe/uRegFile/resp_buf_reg[4][1]_i_18_n_0
    SLICE_X3Y118         MUXF8 (Prop_muxf8_I0_O)      0.104     8.716 r  uCPUPipe/uRegFile/resp_buf_reg[4][1]_i_10/O
                         net (fo=1, routed)           1.606    10.322    uCPUPipe/uRegFile/resp_buf_reg[4][1]_i_10_n_0
    SLICE_X16Y108        LUT6 (Prop_lut6_I0_O)        0.316    10.638 r  uCPUPipe/uRegFile/resp_buf[4][1]_i_6/O
                         net (fo=1, routed)           1.354    11.993    uCPUTop/uDataMemory/pipe_dbg_reg[1]
    SLICE_X35Y90         LUT6 (Prop_lut6_I2_O)        0.124    12.117 r  uCPUTop/uDataMemory/resp_buf[4][1]_i_4/O
                         net (fo=1, routed)           0.154    12.271    uDebugCtrl/cmd_reg_reg[1]_1
    SLICE_X35Y90         LUT6 (Prop_lut6_I2_O)        0.124    12.395 r  uDebugCtrl/resp_buf[4][1]_i_2/O
                         net (fo=1, routed)           0.403    12.798    uDebugCtrl/resp_buf[4][1]_i_2_n_0
    SLICE_X35Y90         LUT5 (Prop_lut5_I0_O)        0.124    12.922 r  uDebugCtrl/resp_buf[4][1]_i_1/O
                         net (fo=1, routed)           0.000    12.922    uDebugCtrl/resp_buf[4][1]_i_1_n_0
    SLICE_X35Y90         FDRE                                         r  uDebugCtrl/resp_buf_reg[4][1]/D
  -------------------------------------------------------------------    -------------------

                         (clock sys_clk rise edge)   10.000    10.000 r  
    P17                                               0.000    10.000 r  clk (IN)
                         net (fo=0)                   0.000    10.000    clk
    P17                  IBUF (Prop_ibuf_I_O)         1.408    11.408 r  clk_IBUF_inst/O
                         net (fo=1, routed)           1.868    13.276    clk_IBUF
    BUFGCTRL_X0Y1        BUFG (Prop_bufg_I_O)         0.091    13.367 r  clk_IBUF_BUFG_inst/O
                         net (fo=340, routed)         1.432    14.799    uDebugCtrl/clk_IBUF_BUFG
    SLICE_X35Y90         FDRE                                         r  uDebugCtrl/resp_buf_reg[4][1]/C
                         clock pessimism              0.186    14.985    
                         clock uncertainty           -0.035    14.949    
    SLICE_X35Y90         FDRE (Setup_fdre_C_D)        0.029    14.978    uDebugCtrl/resp_buf_reg[4][1]
  -------------------------------------------------------------------
                         required time                         14.978    
                         arrival time                         -12.922    
  -------------------------------------------------------------------
                         slack                                  2.057    

Slack (MET) :             2.146ns  (required time - arrival time)
  Source:                 uDebugCtrl/dbg_reg_addr_reg[1]_rep__1/C
                            (rising edge-triggered cell FDCE clocked by sys_clk  {rise@0.000ns fall@5.000ns period=10.000ns})
  Destination:            uDebugCtrl/resp_buf_reg[1][7]/D
                            (rising edge-triggered cell FDRE clocked by sys_clk  {rise@0.000ns fall@5.000ns period=10.000ns})
  Path Group:             sys_clk
  Path Type:              Setup (Max at Slow Process Corner)
  Requirement:            10.000ns  (sys_clk rise@10.000ns - sys_clk rise@0.000ns)
  Data Path Delay:        7.737ns  (logic 1.617ns (20.899%)  route 6.120ns (79.101%))
  Logic Levels:           7  (LUT6=5 MUXF7=1 MUXF8=1)
  Clock Path Skew:        -0.112ns (DCD - SCD + CPR)
    Destination Clock Delay (DCD):    4.975ns = ( 14.975 - 10.000 ) 
    Source Clock Delay      (SCD):    5.282ns
    Clock Pessimism Removal (CPR):    0.195ns
  Clock Uncertainty:      0.035ns  ((TSJ^2 + TIJ^2)^1/2 + DJ) / 2 + PE
    Total System Jitter     (TSJ):    0.071ns
    Total Input Jitter      (TIJ):    0.000ns
    Discrete Jitter          (DJ):    0.000ns
    Phase Error              (PE):    0.000ns

    Location             Delay type                Incr(ns)  Path(ns)    Netlist Resource(s)
  -------------------------------------------------------------------    -------------------
                         (clock sys_clk rise edge)    0.000     0.000 r  
    P17                                               0.000     0.000 r  clk (IN)
                         net (fo=0)                   0.000     0.000    clk
    P17                  IBUF (Prop_ibuf_I_O)         1.478     1.478 r  clk_IBUF_inst/O
                         net (fo=1, routed)           1.972     3.450    clk_IBUF
    BUFGCTRL_X0Y1        BUFG (Prop_bufg_I_O)         0.096     3.546 r  clk_IBUF_BUFG_inst/O
                         net (fo=340, routed)         1.736     5.282    uDebugCtrl/clk_IBUF_BUFG
    SLICE_X27Y109        FDCE                                         r  uDebugCtrl/dbg_reg_addr_reg[1]_rep__1/C
  -------------------------------------------------------------------    -------------------
    SLICE_X27Y109        FDCE (Prop_fdce_C_Q)         0.456     5.738 r  uDebugCtrl/dbg_reg_addr_reg[1]_rep__1/Q
                         net (fo=86, routed)          2.936     8.674    uCPUPipe/uRegFile/dbg_reg_addr_reg[1]_rep__1
    SLICE_X33Y136        LUT6 (Prop_lut6_I2_O)        0.124     8.798 r  uCPUPipe/uRegFile/resp_buf[1][7]_i_48/O
                         net (fo=1, routed)           0.000     8.798    uCPUPipe/uRegFile/resp_buf[1][7]_i_48_n_0
    SLICE_X33Y136        MUXF7 (Prop_muxf7_I1_O)      0.245     9.043 r  uCPUPipe/uRegFile/resp_buf_reg[1][7]_i_38/O
                         net (fo=1, routed)           0.000     9.043    uCPUPipe/uRegFile/resp_buf_reg[1][7]_i_38_n_0
    SLICE_X33Y136        MUXF8 (Prop_muxf8_I0_O)      0.104     9.147 r  uCPUPipe/uRegFile/resp_buf_reg[1][7]_i_26/O
                         net (fo=1, routed)           1.494    10.641    uCPUPipe/uRegFile/resp_buf_reg[1][7]_i_26_n_0
    SLICE_X34Y114        LUT6 (Prop_lut6_I0_O)        0.316    10.957 r  uCPUPipe/uRegFile/resp_buf[1][7]_i_15/O
                         net (fo=1, routed)           0.910    11.867    uCPUTop/uDataMemory/pipe_dbg_reg[31]
    SLICE_X41Y107        LUT6 (Prop_lut6_I2_O)        0.124    11.991 r  uCPUTop/uDataMemory/resp_buf[1][7]_i_9/O
                         net (fo=1, routed)           0.433    12.424    uDebugCtrl/cmd_reg_reg[1]_31
    SLICE_X41Y107        LUT6 (Prop_lut6_I2_O)        0.124    12.548 r  uDebugCtrl/resp_buf[1][7]_i_6/O
                         net (fo=1, routed)           0.348    12.896    uDebugCtrl/resp_buf[1][7]_i_6_n_0
    SLICE_X40Y107        LUT6 (Prop_lut6_I0_O)        0.124    13.020 r  uDebugCtrl/resp_buf[1][7]_i_3/O
                         net (fo=1, routed)           0.000    13.020    uDebugCtrl/resp_buf[1][7]_i_3_n_0
    SLICE_X40Y107        FDRE                                         r  uDebugCtrl/resp_buf_reg[1][7]/D
  -------------------------------------------------------------------    -------------------

                         (clock sys_clk rise edge)   10.000    10.000 r  
    P17                                               0.000    10.000 r  clk (IN)
                         net (fo=0)                   0.000    10.000    clk
    P17                  IBUF (Prop_ibuf_I_O)         1.408    11.408 r  clk_IBUF_inst/O
                         net (fo=1, routed)           1.868    13.276    clk_IBUF
    BUFGCTRL_X0Y1        BUFG (Prop_bufg_I_O)         0.091    13.367 r  clk_IBUF_BUFG_inst/O
                         net (fo=340, routed)         1.608    14.975    uDebugCtrl/clk_IBUF_BUFG
    SLICE_X40Y107        FDRE                                         r  uDebugCtrl/resp_buf_reg[1][7]/C
                         clock pessimism              0.195    15.170    
                         clock uncertainty           -0.035    15.135    
    SLICE_X40Y107        FDRE (Setup_fdre_C_D)        0.031    15.166    uDebugCtrl/resp_buf_reg[1][7]
  -------------------------------------------------------------------
                         required time                         15.166    
                         arrival time                         -13.020    
  -------------------------------------------------------------------
                         slack                                  2.146    

Slack (MET) :             2.225ns  (required time - arrival time)
  Source:                 uDebugCtrl/cmd_reg_reg[1]/C
                            (rising edge-triggered cell FDCE clocked by sys_clk  {rise@0.000ns fall@5.000ns period=10.000ns})
  Destination:            uDebugCtrl/resp_buf_reg[4][4]/D
                            (rising edge-triggered cell FDRE clocked by sys_clk  {rise@0.000ns fall@5.000ns period=10.000ns})
  Path Group:             sys_clk
  Path Type:              Setup (Max at Slow Process Corner)
  Requirement:            10.000ns  (sys_clk rise@10.000ns - sys_clk rise@0.000ns)
  Data Path Delay:        7.663ns  (logic 0.952ns (12.424%)  route 6.711ns (87.576%))
  Logic Levels:           4  (LUT3=1 LUT5=1 LUT6=2)
  Clock Path Skew:        -0.106ns (DCD - SCD + CPR)
    Destination Clock Delay (DCD):    4.799ns = ( 14.799 - 10.000 ) 
    Source Clock Delay      (SCD):    5.091ns
    Clock Pessimism Removal (CPR):    0.186ns
  Clock Uncertainty:      0.035ns  ((TSJ^2 + TIJ^2)^1/2 + DJ) / 2 + PE
    Total System Jitter     (TSJ):    0.071ns
    Total Input Jitter      (TIJ):    0.000ns
    Discrete Jitter          (DJ):    0.000ns
    Phase Error              (PE):    0.000ns

    Location             Delay type                Incr(ns)  Path(ns)    Netlist Resource(s)
  -------------------------------------------------------------------    -------------------
                         (clock sys_clk rise edge)    0.000     0.000 r  
    P17                                               0.000     0.000 r  clk (IN)
                         net (fo=0)                   0.000     0.000    clk
    P17                  IBUF (Prop_ibuf_I_O)         1.478     1.478 r  clk_IBUF_inst/O
                         net (fo=1, routed)           1.972     3.450    clk_IBUF
    BUFGCTRL_X0Y1        BUFG (Prop_bufg_I_O)         0.096     3.546 r  clk_IBUF_BUFG_inst/O
                         net (fo=340, routed)         1.545     5.091    uDebugCtrl/clk_IBUF_BUFG
    SLICE_X29Y82         FDCE                                         r  uDebugCtrl/cmd_reg_reg[1]/C
  -------------------------------------------------------------------    -------------------
    SLICE_X29Y82         FDCE (Prop_fdce_C_Q)         0.456     5.547 f  uDebugCtrl/cmd_reg_reg[1]/Q
                         net (fo=55, routed)          1.849     7.396    uDebugCtrl/Q[1]
    SLICE_X27Y101        LUT3 (Prop_lut3_I0_O)        0.124     7.520 r  uDebugCtrl/resp_buf[1][7]_i_16/O
                         net (fo=32, routed)          3.245    10.765    uDebugCtrl/resp_buf[1][7]_i_16_n_0
    SLICE_X61Y91         LUT6 (Prop_lut6_I0_O)        0.124    10.889 r  uDebugCtrl/resp_buf[4][4]_i_5/O
                         net (fo=1, routed)           1.331    12.220    uDebugCtrl/resp_buf[4][4]_i_5_n_0
    SLICE_X40Y86         LUT6 (Prop_lut6_I3_O)        0.124    12.344 r  uDebugCtrl/resp_buf[4][4]_i_2/O
                         net (fo=1, routed)           0.286    12.630    uDebugCtrl/resp_buf[4][4]_i_2_n_0
    SLICE_X43Y86         LUT5 (Prop_lut5_I0_O)        0.124    12.754 r  uDebugCtrl/resp_buf[4][4]_i_1/O
                         net (fo=1, routed)           0.000    12.754    uDebugCtrl/resp_buf[4][4]_i_1_n_0
    SLICE_X43Y86         FDRE                                         r  uDebugCtrl/resp_buf_reg[4][4]/D
  -------------------------------------------------------------------    -------------------

                         (clock sys_clk rise edge)   10.000    10.000 r  
    P17                                               0.000    10.000 r  clk (IN)
                         net (fo=0)                   0.000    10.000    clk
    P17                  IBUF (Prop_ibuf_I_O)         1.408    11.408 r  clk_IBUF_inst/O
                         net (fo=1, routed)           1.868    13.276    clk_IBUF
    BUFGCTRL_X0Y1        BUFG (Prop_bufg_I_O)         0.091    13.367 r  clk_IBUF_BUFG_inst/O
                         net (fo=340, routed)         1.432    14.799    uDebugCtrl/clk_IBUF_BUFG
    SLICE_X43Y86         FDRE                                         r  uDebugCtrl/resp_buf_reg[4][4]/C
                         clock pessimism              0.186    14.985    
                         clock uncertainty           -0.035    14.949    
    SLICE_X43Y86         FDRE (Setup_fdre_C_D)        0.029    14.978    uDebugCtrl/resp_buf_reg[4][4]
  -------------------------------------------------------------------
                         required time                         14.978    
                         arrival time                         -12.754    
  -------------------------------------------------------------------
                         slack                                  2.225    

Slack (MET) :             2.255ns  (required time - arrival time)
  Source:                 uDebugCtrl/cmd_reg_reg[1]/C
                            (rising edge-triggered cell FDCE clocked by sys_clk  {rise@0.000ns fall@5.000ns period=10.000ns})
  Destination:            uDebugCtrl/resp_buf_reg[4][0]/D
                            (rising edge-triggered cell FDRE clocked by sys_clk  {rise@0.000ns fall@5.000ns period=10.000ns})
  Path Group:             sys_clk
  Path Type:              Setup (Max at Slow Process Corner)
  Requirement:            10.000ns  (sys_clk rise@10.000ns - sys_clk rise@0.000ns)
  Data Path Delay:        7.701ns  (logic 0.952ns (12.362%)  route 6.749ns (87.638%))
  Logic Levels:           4  (LUT3=1 LUT5=1 LUT6=2)
  Clock Path Skew:        -0.037ns (DCD - SCD + CPR)
    Destination Clock Delay (DCD):    4.797ns = ( 14.797 - 10.000 ) 
    Source Clock Delay      (SCD):    5.091ns
    Clock Pessimism Removal (CPR):    0.257ns
  Clock Uncertainty:      0.035ns  ((TSJ^2 + TIJ^2)^1/2 + DJ) / 2 + PE
    Total System Jitter     (TSJ):    0.071ns
    Total Input Jitter      (TIJ):    0.000ns
    Discrete Jitter          (DJ):    0.000ns
    Phase Error              (PE):    0.000ns

    Location             Delay type                Incr(ns)  Path(ns)    Netlist Resource(s)
  -------------------------------------------------------------------    -------------------
                         (clock sys_clk rise edge)    0.000     0.000 r  
    P17                                               0.000     0.000 r  clk (IN)
                         net (fo=0)                   0.000     0.000    clk
    P17                  IBUF (Prop_ibuf_I_O)         1.478     1.478 r  clk_IBUF_inst/O
                         net (fo=1, routed)           1.972     3.450    clk_IBUF
    BUFGCTRL_X0Y1        BUFG (Prop_bufg_I_O)         0.096     3.546 r  clk_IBUF_BUFG_inst/O
                         net (fo=340, routed)         1.545     5.091    uDebugCtrl/clk_IBUF_BUFG
    SLICE_X29Y82         FDCE                                         r  uDebugCtrl/cmd_reg_reg[1]/C
  -------------------------------------------------------------------    -------------------
    SLICE_X29Y82         FDCE (Prop_fdce_C_Q)         0.456     5.547 f  uDebugCtrl/cmd_reg_reg[1]/Q
                         net (fo=55, routed)          1.849     7.396    uDebugCtrl/Q[1]
    SLICE_X27Y101        LUT3 (Prop_lut3_I0_O)        0.124     7.520 r  uDebugCtrl/resp_buf[1][7]_i_16/O
                         net (fo=32, routed)          2.963    10.483    uDebugCtrl/resp_buf[1][7]_i_16_n_0
    SLICE_X58Y78         LUT6 (Prop_lut6_I0_O)        0.124    10.607 r  uDebugCtrl/resp_buf[4][0]_i_5/O
                         net (fo=1, routed)           1.775    12.382    uDebugCtrl/resp_buf[4][0]_i_5_n_0
    SLICE_X32Y86         LUT6 (Prop_lut6_I3_O)        0.124    12.506 r  uDebugCtrl/resp_buf[4][0]_i_2/O
                         net (fo=1, routed)           0.162    12.668    uDebugCtrl/resp_buf[4][0]_i_2_n_0
    SLICE_X32Y86         LUT5 (Prop_lut5_I0_O)        0.124    12.792 r  uDebugCtrl/resp_buf[4][0]_i_1/O
                         net (fo=1, routed)           0.000    12.792    uDebugCtrl/resp_buf[4][0]_i_1_n_0
    SLICE_X32Y86         FDRE                                         r  uDebugCtrl/resp_buf_reg[4][0]/D
  -------------------------------------------------------------------    -------------------

                         (clock sys_clk rise edge)   10.000    10.000 r  
    P17                                               0.000    10.000 r  clk (IN)
                         net (fo=0)                   0.000    10.000    clk
    P17                  IBUF (Prop_ibuf_I_O)         1.408    11.408 r  clk_IBUF_inst/O
                         net (fo=1, routed)           1.868    13.276    clk_IBUF
    BUFGCTRL_X0Y1        BUFG (Prop_bufg_I_O)         0.091    13.367 r  clk_IBUF_BUFG_inst/O
                         net (fo=340, routed)         1.430    14.797    uDebugCtrl/clk_IBUF_BUFG
    SLICE_X32Y86         FDRE                                         r  uDebugCtrl/resp_buf_reg[4][0]/C
                         clock pessimism              0.257    15.054    
                         clock uncertainty           -0.035    15.019    
    SLICE_X32Y86         FDRE (Setup_fdre_C_D)        0.029    15.048    uDebugCtrl/resp_buf_reg[4][0]
  -------------------------------------------------------------------
                         required time                         15.048    
                         arrival time                         -12.792    
  -------------------------------------------------------------------
                         slack                                  2.255    

Slack (MET) :             2.260ns  (required time - arrival time)
  Source:                 uDebugCtrl/cpu_step_reg/C
                            (rising edge-triggered cell FDCE clocked by sys_clk  {rise@0.000ns fall@5.000ns period=10.000ns})
  Destination:            uDebugCtrl/resp_buf_reg[3][5]/D
                            (rising edge-triggered cell FDRE clocked by sys_clk  {rise@0.000ns fall@5.000ns period=10.000ns})
  Path Group:             sys_clk
  Path Type:              Setup (Max at Slow Process Corner)
  Requirement:            10.000ns  (sys_clk rise@10.000ns - sys_clk rise@0.000ns)
  Data Path Delay:        7.629ns  (logic 1.214ns (15.912%)  route 6.415ns (84.088%))
  Logic Levels:           5  (LUT5=2 LUT6=3)
  Clock Path Skew:        -0.106ns (DCD - SCD + CPR)
    Destination Clock Delay (DCD):    4.800ns = ( 14.800 - 10.000 ) 
    Source Clock Delay      (SCD):    5.092ns
    Clock Pessimism Removal (CPR):    0.186ns
  Clock Uncertainty:      0.035ns  ((TSJ^2 + TIJ^2)^1/2 + DJ) / 2 + PE
    Total System Jitter     (TSJ):    0.071ns
    Total Input Jitter      (TIJ):    0.000ns
    Discrete Jitter          (DJ):    0.000ns
    Phase Error              (PE):    0.000ns

    Location             Delay type                Incr(ns)  Path(ns)    Netlist Resource(s)
  -------------------------------------------------------------------    -------------------
                         (clock sys_clk rise edge)    0.000     0.000 r  
    P17                                               0.000     0.000 r  clk (IN)
                         net (fo=0)                   0.000     0.000    clk
    P17                  IBUF (Prop_ibuf_I_O)         1.478     1.478 r  clk_IBUF_inst/O
                         net (fo=1, routed)           1.972     3.450    clk_IBUF
    BUFGCTRL_X0Y1        BUFG (Prop_bufg_I_O)         0.096     3.546 r  clk_IBUF_BUFG_inst/O
                         net (fo=340, routed)         1.546     5.092    uDebugCtrl/clk_IBUF_BUFG
    SLICE_X28Y83         FDCE                                         r  uDebugCtrl/cpu_step_reg/C
  -------------------------------------------------------------------    -------------------
    SLICE_X28Y83         FDCE (Prop_fdce_C_Q)         0.419     5.511 r  uDebugCtrl/cpu_step_reg/Q
                         net (fo=19, routed)          3.056     8.567    uDebugCtrl/cpu_step
    SLICE_X21Y109        LUT5 (Prop_lut5_I1_O)        0.299     8.866 r  uDebugCtrl/resp_buf[1][7]_i_28/O
                         net (fo=32, routed)          1.089     9.955    uCPUPipe/uRegFile/dbg_bypass
    SLICE_X37Y111        LUT6 (Prop_lut6_I3_O)        0.124    10.079 r  uCPUPipe/uRegFile/resp_buf[3][5]_i_6/O
                         net (fo=1, routed)           1.423    11.502    uCPUTop/uDataMemory/pipe_dbg_reg[13]
    SLICE_X43Y86         LUT6 (Prop_lut6_I2_O)        0.124    11.626 r  uCPUTop/uDataMemory/resp_buf[3][5]_i_4/O
                         net (fo=1, routed)           0.433    12.060    uDebugCtrl/cmd_reg_reg[1]_13
    SLICE_X43Y86         LUT6 (Prop_lut6_I2_O)        0.124    12.184 r  uDebugCtrl/resp_buf[3][5]_i_2/O
                         net (fo=1, routed)           0.414    12.597    uDebugCtrl/resp_buf[3][5]_i_2_n_0
    SLICE_X40Y87         LUT5 (Prop_lut5_I0_O)        0.124    12.721 r  uDebugCtrl/resp_buf[3][5]_i_1/O
                         net (fo=1, routed)           0.000    12.721    uDebugCtrl/resp_buf[3][5]_i_1_n_0
    SLICE_X40Y87         FDRE                                         r  uDebugCtrl/resp_buf_reg[3][5]/D
  -------------------------------------------------------------------    -------------------

                         (clock sys_clk rise edge)   10.000    10.000 r  
    P17                                               0.000    10.000 r  clk (IN)
                         net (fo=0)                   0.000    10.000    clk
    P17                  IBUF (Prop_ibuf_I_O)         1.408    11.408 r  clk_IBUF_inst/O
                         net (fo=1, routed)           1.868    13.276    clk_IBUF
    BUFGCTRL_X0Y1        BUFG (Prop_bufg_I_O)         0.091    13.367 r  clk_IBUF_BUFG_inst/O
                         net (fo=340, routed)         1.433    14.800    uDebugCtrl/clk_IBUF_BUFG
    SLICE_X40Y87         FDRE                                         r  uDebugCtrl/resp_buf_reg[3][5]/C
                         clock pessimism              0.186    14.986    
                         clock uncertainty           -0.035    14.950    
    SLICE_X40Y87         FDRE (Setup_fdre_C_D)        0.031    14.981    uDebugCtrl/resp_buf_reg[3][5]
  -------------------------------------------------------------------
                         required time                         14.981    
                         arrival time                         -12.721    
  -------------------------------------------------------------------
                         slack                                  2.260    

Slack (MET) :             2.270ns  (required time - arrival time)
  Source:                 uDebugCtrl/dbg_reg_addr_reg[1]_rep/C
                            (rising edge-triggered cell FDCE clocked by sys_clk  {rise@0.000ns fall@5.000ns period=10.000ns})
  Destination:            uDebugCtrl/resp_buf_reg[4][5]/D
                            (rising edge-triggered cell FDRE clocked by sys_clk  {rise@0.000ns fall@5.000ns period=10.000ns})
  Path Group:             sys_clk
  Path Type:              Setup (Max at Slow Process Corner)
  Requirement:            10.000ns  (sys_clk rise@10.000ns - sys_clk rise@0.000ns)
  Data Path Delay:        7.424ns  (logic 1.574ns (21.202%)  route 5.850ns (78.798%))
  Logic Levels:           7  (LUT5=1 LUT6=4 MUXF7=1 MUXF8=1)
  Clock Path Skew:        -0.300ns (DCD - SCD + CPR)
    Destination Clock Delay (DCD):    4.797ns = ( 14.797 - 10.000 ) 
    Source Clock Delay      (SCD):    5.282ns
    Clock Pessimism Removal (CPR):    0.186ns
  Clock Uncertainty:      0.035ns  ((TSJ^2 + TIJ^2)^1/2 + DJ) / 2 + PE
    Total System Jitter     (TSJ):    0.071ns
    Total Input Jitter      (TIJ):    0.000ns
    Discrete Jitter          (DJ):    0.000ns
    Phase Error              (PE):    0.000ns

    Location             Delay type                Incr(ns)  Path(ns)    Netlist Resource(s)
  -------------------------------------------------------------------    -------------------
                         (clock sys_clk rise edge)    0.000     0.000 r  
    P17                                               0.000     0.000 r  clk (IN)
                         net (fo=0)                   0.000     0.000    clk
    P17                  IBUF (Prop_ibuf_I_O)         1.478     1.478 r  clk_IBUF_inst/O
                         net (fo=1, routed)           1.972     3.450    clk_IBUF
    BUFGCTRL_X0Y1        BUFG (Prop_bufg_I_O)         0.096     3.546 r  clk_IBUF_BUFG_inst/O
                         net (fo=340, routed)         1.736     5.282    uDebugCtrl/clk_IBUF_BUFG
    SLICE_X27Y109        FDCE                                         r  uDebugCtrl/dbg_reg_addr_reg[1]_rep/C
  -------------------------------------------------------------------    -------------------
    SLICE_X27Y109        FDCE (Prop_fdce_C_Q)         0.456     5.738 r  uDebugCtrl/dbg_reg_addr_reg[1]_rep/Q
                         net (fo=86, routed)          2.352     8.090    uCPUPipe/uRegFile/dbg_reg_addr_reg[1]_rep
    SLICE_X5Y113         LUT6 (Prop_lut6_I2_O)        0.124     8.214 r  uCPUPipe/uRegFile/resp_buf[4][5]_i_28/O
                         net (fo=1, routed)           0.000     8.214    uCPUPipe/uRegFile/resp_buf[4][5]_i_28_n_0
    SLICE_X5Y113         MUXF7 (Prop_muxf7_I0_O)      0.212     8.426 r  uCPUPipe/uRegFile/resp_buf_reg[4][5]_i_19/O
                         net (fo=1, routed)           0.000     8.426    uCPUPipe/uRegFile/resp_buf_reg[4][5]_i_19_n_0
    SLICE_X5Y113         MUXF8 (Prop_muxf8_I1_O)      0.094     8.520 r  uCPUPipe/uRegFile/resp_buf_reg[4][5]_i_10/O
                         net (fo=1, routed)           1.481    10.001    uCPUPipe/uRegFile/resp_buf_reg[4][5]_i_10_n_0
    SLICE_X16Y106        LUT6 (Prop_lut6_I0_O)        0.316    10.317 r  uCPUPipe/uRegFile/resp_buf[4][5]_i_6/O
                         net (fo=1, routed)           1.573    11.890    uCPUTop/uDataMemory/pipe_dbg_reg[5]
    SLICE_X39Y85         LUT6 (Prop_lut6_I2_O)        0.124    12.014 r  uCPUTop/uDataMemory/resp_buf[4][5]_i_4/O
                         net (fo=1, routed)           0.149    12.163    uDebugCtrl/cmd_reg_reg[1]_5
    SLICE_X39Y85         LUT6 (Prop_lut6_I2_O)        0.124    12.287 r  uDebugCtrl/resp_buf[4][5]_i_2/O
                         net (fo=1, routed)           0.295    12.582    uDebugCtrl/resp_buf[4][5]_i_2_n_0
    SLICE_X39Y86         LUT5 (Prop_lut5_I0_O)        0.124    12.706 r  uDebugCtrl/resp_buf[4][5]_i_1/O
                         net (fo=1, routed)           0.000    12.706    uDebugCtrl/resp_buf[4][5]_i_1_n_0
    SLICE_X39Y86         FDRE                                         r  uDebugCtrl/resp_buf_reg[4][5]/D
  -------------------------------------------------------------------    -------------------

                         (clock sys_clk rise edge)   10.000    10.000 r  
    P17                                               0.000    10.000 r  clk (IN)
                         net (fo=0)                   0.000    10.000    clk
    P17                  IBUF (Prop_ibuf_I_O)         1.408    11.408 r  clk_IBUF_inst/O
                         net (fo=1, routed)           1.868    13.276    clk_IBUF
    BUFGCTRL_X0Y1        BUFG (Prop_bufg_I_O)         0.091    13.367 r  clk_IBUF_BUFG_inst/O
                         net (fo=340, routed)         1.430    14.797    uDebugCtrl/clk_IBUF_BUFG
    SLICE_X39Y86         FDRE                                         r  uDebugCtrl/resp_buf_reg[4][5]/C
                         clock pessimism              0.186    14.983    
                         clock uncertainty           -0.035    14.947    
    SLICE_X39Y86         FDRE (Setup_fdre_C_D)        0.029    14.976    uDebugCtrl/resp_buf_reg[4][5]
  -------------------------------------------------------------------
                         required time                         14.976    
                         arrival time                         -12.706    
  -------------------------------------------------------------------
                         slack                                  2.270    

Slack (MET) :             2.387ns  (required time - arrival time)
  Source:                 uDebugCtrl/dbg_reg_addr_reg[1]_rep/C
                            (rising edge-triggered cell FDCE clocked by sys_clk  {rise@0.000ns fall@5.000ns period=10.000ns})
  Destination:            uDebugCtrl/resp_buf_reg[4][6]/D
                            (rising edge-triggered cell FDRE clocked by sys_clk  {rise@0.000ns fall@5.000ns period=10.000ns})
  Path Group:             sys_clk
  Path Type:              Setup (Max at Slow Process Corner)
  Requirement:            10.000ns  (sys_clk rise@10.000ns - sys_clk rise@0.000ns)
  Data Path Delay:        7.313ns  (logic 1.617ns (22.111%)  route 5.696ns (77.889%))
  Logic Levels:           7  (LUT5=1 LUT6=4 MUXF7=1 MUXF8=1)
  Clock Path Skew:        -0.294ns (DCD - SCD + CPR)
    Destination Clock Delay (DCD):    4.803ns = ( 14.803 - 10.000 ) 
    Source Clock Delay      (SCD):    5.282ns
    Clock Pessimism Removal (CPR):    0.186ns
  Clock Uncertainty:      0.035ns  ((TSJ^2 + TIJ^2)^1/2 + DJ) / 2 + PE
    Total System Jitter     (TSJ):    0.071ns
    Total Input Jitter      (TIJ):    0.000ns
    Discrete Jitter          (DJ):    0.000ns
    Phase Error              (PE):    0.000ns

    Location             Delay type                Incr(ns)  Path(ns)    Netlist Resource(s)
  -------------------------------------------------------------------    -------------------
                         (clock sys_clk rise edge)    0.000     0.000 r  
    P17                                               0.000     0.000 r  clk (IN)
                         net (fo=0)                   0.000     0.000    clk
    P17                  IBUF (Prop_ibuf_I_O)         1.478     1.478 r  clk_IBUF_inst/O
                         net (fo=1, routed)           1.972     3.450    clk_IBUF
    BUFGCTRL_X0Y1        BUFG (Prop_bufg_I_O)         0.096     3.546 r  clk_IBUF_BUFG_inst/O
                         net (fo=340, routed)         1.736     5.282    uDebugCtrl/clk_IBUF_BUFG
    SLICE_X27Y109        FDCE                                         r  uDebugCtrl/dbg_reg_addr_reg[1]_rep/C
  -------------------------------------------------------------------    -------------------
    SLICE_X27Y109        FDCE (Prop_fdce_C_Q)         0.456     5.738 r  uDebugCtrl/dbg_reg_addr_reg[1]_rep/Q
                         net (fo=86, routed)          2.459     8.197    uCPUPipe/uRegFile/dbg_reg_addr_reg[1]_rep
    SLICE_X11Y118        LUT6 (Prop_lut6_I2_O)        0.124     8.321 r  uCPUPipe/uRegFile/resp_buf[4][6]_i_27/O
                         net (fo=1, routed)           0.000     8.321    uCPUPipe/uRegFile/resp_buf[4][6]_i_27_n_0
    SLICE_X11Y118        MUXF7 (Prop_muxf7_I1_O)      0.245     8.566 r  uCPUPipe/uRegFile/resp_buf_reg[4][6]_i_18/O
                         net (fo=1, routed)           0.000     8.566    uCPUPipe/uRegFile/resp_buf_reg[4][6]_i_18_n_0
    SLICE_X11Y118        MUXF8 (Prop_muxf8_I0_O)      0.104     8.670 r  uCPUPipe/uRegFile/resp_buf_reg[4][6]_i_10/O
                         net (fo=1, routed)           1.530    10.201    uCPUPipe/uRegFile/resp_buf_reg[4][6]_i_10_n_0
    SLICE_X24Y108        LUT6 (Prop_lut6_I0_O)        0.316    10.517 r  uCPUPipe/uRegFile/resp_buf[4][6]_i_6/O
                         net (fo=1, routed)           1.387    11.903    uCPUTop/uDataMemory/pipe_dbg_reg[6]
    SLICE_X44Y90         LUT6 (Prop_lut6_I2_O)        0.124    12.027 r  uCPUTop/uDataMemory/resp_buf[4][6]_i_4/O
                         net (fo=1, routed)           0.158    12.186    uDebugCtrl/cmd_reg_reg[1]_6
    SLICE_X44Y90         LUT6 (Prop_lut6_I2_O)        0.124    12.310 r  uDebugCtrl/resp_buf[4][6]_i_2/O
                         net (fo=1, routed)           0.162    12.471    uDebugCtrl/resp_buf[4][6]_i_2_n_0
    SLICE_X44Y90         LUT5 (Prop_lut5_I0_O)        0.124    12.595 r  uDebugCtrl/resp_buf[4][6]_i_1/O
                         net (fo=1, routed)           0.000    12.595    uDebugCtrl/resp_buf[4][6]_i_1_n_0
    SLICE_X44Y90         FDRE                                         r  uDebugCtrl/resp_buf_reg[4][6]/D
  -------------------------------------------------------------------    -------------------

                         (clock sys_clk rise edge)   10.000    10.000 r  
    P17                                               0.000    10.000 r  clk (IN)
                         net (fo=0)                   0.000    10.000    clk
    P17                  IBUF (Prop_ibuf_I_O)         1.408    11.408 r  clk_IBUF_inst/O
                         net (fo=1, routed)           1.868    13.276    clk_IBUF
    BUFGCTRL_X0Y1        BUFG (Prop_bufg_I_O)         0.091    13.367 r  clk_IBUF_BUFG_inst/O
                         net (fo=340, routed)         1.436    14.803    uDebugCtrl/clk_IBUF_BUFG
    SLICE_X44Y90         FDRE                                         r  uDebugCtrl/resp_buf_reg[4][6]/C
                         clock pessimism              0.186    14.989    
                         clock uncertainty           -0.035    14.953    
    SLICE_X44Y90         FDRE (Setup_fdre_C_D)        0.029    14.982    uDebugCtrl/resp_buf_reg[4][6]
  -------------------------------------------------------------------
                         required time                         14.982    
                         arrival time                         -12.595    
  -------------------------------------------------------------------
                         slack                                  2.387    





Min Delay Paths
--------------------------------------------------------------------------------------
Slack (MET) :             0.041ns  (arrival time - required time)
  Source:                 uDebugCtrl/resp_buf_reg[4][7]/C
                            (rising edge-triggered cell FDRE clocked by sys_clk  {rise@0.000ns fall@5.000ns period=10.000ns})
  Destination:            uDebugCtrl/tx_data_reg[7]/D
                            (rising edge-triggered cell FDCE clocked by sys_clk  {rise@0.000ns fall@5.000ns period=10.000ns})
  Path Group:             sys_clk
  Path Type:              Hold (Min at Fast Process Corner)
  Requirement:            0.000ns  (sys_clk rise@0.000ns - sys_clk rise@0.000ns)
  Data Path Delay:        0.411ns  (logic 0.190ns (46.280%)  route 0.221ns (53.720%))
  Logic Levels:           1  (LUT3=1)
  Clock Path Skew:        0.263ns (DCD - SCD - CPR)
    Destination Clock Delay (DCD):    1.976ns
    Source Clock Delay      (SCD):    1.463ns
    Clock Pessimism Removal (CPR):    0.250ns

    Location             Delay type                Incr(ns)  Path(ns)    Netlist Resource(s)
  -------------------------------------------------------------------    -------------------
                         (clock sys_clk rise edge)    0.000     0.000 r  
    P17                                               0.000     0.000 r  clk (IN)
                         net (fo=0)                   0.000     0.000    clk
    P17                  IBUF (Prop_ibuf_I_O)         0.246     0.246 r  clk_IBUF_inst/O
                         net (fo=1, routed)           0.634     0.880    clk_IBUF
    BUFGCTRL_X0Y1        BUFG (Prop_bufg_I_O)         0.026     0.906 r  clk_IBUF_BUFG_inst/O
                         net (fo=340, routed)         0.557     1.463    uDebugCtrl/clk_IBUF_BUFG
    SLICE_X43Y86         FDRE                                         r  uDebugCtrl/resp_buf_reg[4][7]/C
  -------------------------------------------------------------------    -------------------
    SLICE_X43Y86         FDRE (Prop_fdre_C_Q)         0.141     1.604 r  uDebugCtrl/resp_buf_reg[4][7]/Q
                         net (fo=1, routed)           0.221     1.825    uDebugCtrl/resp_buf_reg[4]_4[7]
    SLICE_X33Y86         LUT3 (Prop_lut3_I0_O)        0.049     1.874 r  uDebugCtrl/tx_data[7]_i_1/O
                         net (fo=1, routed)           0.000     1.874    uDebugCtrl/resp_buf__0[7]
    SLICE_X33Y86         FDCE                                         r  uDebugCtrl/tx_data_reg[7]/D
  -------------------------------------------------------------------    -------------------

                         (clock sys_clk rise edge)    0.000     0.000 r  
    P17                                               0.000     0.000 r  clk (IN)
                         net (fo=0)                   0.000     0.000    clk
    P17                  IBUF (Prop_ibuf_I_O)         0.434     0.434 r  clk_IBUF_inst/O
                         net (fo=1, routed)           0.689     1.123    clk_IBUF
    BUFGCTRL_X0Y1        BUFG (Prop_bufg_I_O)         0.029     1.152 r  clk_IBUF_BUFG_inst/O
                         net (fo=340, routed)         0.824     1.976    uDebugCtrl/clk_IBUF_BUFG
    SLICE_X33Y86         FDCE                                         r  uDebugCtrl/tx_data_reg[7]/C
                         clock pessimism             -0.250     1.726    
    SLICE_X33Y86         FDCE (Hold_fdce_C_D)         0.107     1.833    uDebugCtrl/tx_data_reg[7]
  -------------------------------------------------------------------
                         required time                         -1.833    
                         arrival time                           1.874    
  -------------------------------------------------------------------
                         slack                                  0.041    

Slack (MET) :             0.071ns  (arrival time - required time)
  Source:                 uUartRx/rx_data_reg[0]/C
                            (rising edge-triggered cell FDCE clocked by sys_clk  {rise@0.000ns fall@5.000ns period=10.000ns})
  Destination:            uDebugCtrl/payload_reg[6][0]/D
                            (rising edge-triggered cell FDRE clocked by sys_clk  {rise@0.000ns fall@5.000ns period=10.000ns})
  Path Group:             sys_clk
  Path Type:              Hold (Min at Fast Process Corner)
  Requirement:            0.000ns  (sys_clk rise@0.000ns - sys_clk rise@0.000ns)
  Data Path Delay:        0.405ns  (logic 0.141ns (34.790%)  route 0.264ns (65.210%))
  Logic Levels:           0  
  Clock Path Skew:        0.264ns (DCD - SCD - CPR)
    Destination Clock Delay (DCD):    1.969ns
    Source Clock Delay      (SCD):    1.455ns
    Clock Pessimism Removal (CPR):    0.250ns

    Location             Delay type                Incr(ns)  Path(ns)    Netlist Resource(s)
  -------------------------------------------------------------------    -------------------
                         (clock sys_clk rise edge)    0.000     0.000 r  
    P17                                               0.000     0.000 r  clk (IN)
                         net (fo=0)                   0.000     0.000    clk
    P17                  IBUF (Prop_ibuf_I_O)         0.246     0.246 r  clk_IBUF_inst/O
                         net (fo=1, routed)           0.634     0.880    clk_IBUF
    BUFGCTRL_X0Y1        BUFG (Prop_bufg_I_O)         0.026     0.906 r  clk_IBUF_BUFG_inst/O
                         net (fo=340, routed)         0.549     1.455    uUartRx/CLK
    SLICE_X36Y76         FDCE                                         r  uUartRx/rx_data_reg[0]/C
  -------------------------------------------------------------------    -------------------
    SLICE_X36Y76         FDCE (Prop_fdce_C_Q)         0.141     1.596 r  uUartRx/rx_data_reg[0]/Q
                         net (fo=11, routed)          0.264     1.860    uDebugCtrl/rx_data[0]
    SLICE_X32Y78         FDRE                                         r  uDebugCtrl/payload_reg[6][0]/D
  -------------------------------------------------------------------    -------------------

                         (clock sys_clk rise edge)    0.000     0.000 r  
    P17                                               0.000     0.000 r  clk (IN)
                         net (fo=0)                   0.000     0.000    clk
    P17                  IBUF (Prop_ibuf_I_O)         0.434     0.434 r  clk_IBUF_inst/O
                         net (fo=1, routed)           0.689     1.123    clk_IBUF
    BUFGCTRL_X0Y1        BUFG (Prop_bufg_I_O)         0.029     1.152 r  clk_IBUF_BUFG_inst/O
                         net (fo=340, routed)         0.817     1.969    uDebugCtrl/clk_IBUF_BUFG
    SLICE_X32Y78         FDRE                                         r  uDebugCtrl/payload_reg[6][0]/C
                         clock pessimism             -0.250     1.719    
    SLICE_X32Y78         FDRE (Hold_fdre_C_D)         0.070     1.789    uDebugCtrl/payload_reg[6][0]
  -------------------------------------------------------------------
                         required time                         -1.789    
                         arrival time                           1.860    
  -------------------------------------------------------------------
                         slack                                  0.071    

Slack (MET) :             0.100ns  (arrival time - required time)
  Source:                 uUartRx/rx_data_reg[7]/C
                            (rising edge-triggered cell FDCE clocked by sys_clk  {rise@0.000ns fall@5.000ns period=10.000ns})
  Destination:            uDebugCtrl/payload_reg[6][7]/D
                            (rising edge-triggered cell FDRE clocked by sys_clk  {rise@0.000ns fall@5.000ns period=10.000ns})
  Path Group:             sys_clk
  Path Type:              Hold (Min at Fast Process Corner)
  Requirement:            0.000ns  (sys_clk rise@0.000ns - sys_clk rise@0.000ns)
  Data Path Delay:        0.377ns  (logic 0.128ns (33.997%)  route 0.249ns (66.003%))
  Logic Levels:           0  
  Clock Path Skew:        0.265ns (DCD - SCD - CPR)
    Destination Clock Delay (DCD):    1.969ns
    Source Clock Delay      (SCD):    1.454ns
    Clock Pessimism Removal (CPR):    0.250ns

    Location             Delay type                Incr(ns)  Path(ns)    Netlist Resource(s)
  -------------------------------------------------------------------    -------------------
                         (clock sys_clk rise edge)    0.000     0.000 r  
    P17                                               0.000     0.000 r  clk (IN)
                         net (fo=0)                   0.000     0.000    clk
    P17                  IBUF (Prop_ibuf_I_O)         0.246     0.246 r  clk_IBUF_inst/O
                         net (fo=1, routed)           0.634     0.880    clk_IBUF
    BUFGCTRL_X0Y1        BUFG (Prop_bufg_I_O)         0.026     0.906 r  clk_IBUF_BUFG_inst/O
                         net (fo=340, routed)         0.548     1.454    uUartRx/CLK
    SLICE_X35Y76         FDCE                                         r  uUartRx/rx_data_reg[7]/C
  -------------------------------------------------------------------    -------------------
    SLICE_X35Y76         FDCE (Prop_fdce_C_Q)         0.128     1.582 r  uUartRx/rx_data_reg[7]/Q
                         net (fo=11, routed)          0.249     1.831    uDebugCtrl/rx_data[7]
    SLICE_X40Y77         FDRE                                         r  uDebugCtrl/payload_reg[6][7]/D
  -------------------------------------------------------------------    -------------------

                         (clock sys_clk rise edge)    0.000     0.000 r  
    P17                                               0.000     0.000 r  clk (IN)
                         net (fo=0)                   0.000     0.000    clk
    P17                  IBUF (Prop_ibuf_I_O)         0.434     0.434 r  clk_IBUF_inst/O
                         net (fo=1, routed)           0.689     1.123    clk_IBUF
    BUFGCTRL_X0Y1        BUFG (Prop_bufg_I_O)         0.029     1.152 r  clk_IBUF_BUFG_inst/O
                         net (fo=340, routed)         0.817     1.969    uDebugCtrl/clk_IBUF_BUFG
    SLICE_X40Y77         FDRE                                         r  uDebugCtrl/payload_reg[6][7]/C
                         clock pessimism             -0.250     1.719    
    SLICE_X40Y77         FDRE (Hold_fdre_C_D)         0.012     1.731    uDebugCtrl/payload_reg[6][7]
  -------------------------------------------------------------------
                         required time                         -1.731    
                         arrival time                           1.831    
  -------------------------------------------------------------------
                         slack                                  0.100    

Slack (MET) :             0.100ns  (arrival time - required time)
  Source:                 uUartRx/rx_data_reg[5]/C
                            (rising edge-triggered cell FDCE clocked by sys_clk  {rise@0.000ns fall@5.000ns period=10.000ns})
  Destination:            uDebugCtrl/payload_reg[3][5]/D
                            (rising edge-triggered cell FDRE clocked by sys_clk  {rise@0.000ns fall@5.000ns period=10.000ns})
  Path Group:             sys_clk
  Path Type:              Hold (Min at Fast Process Corner)
  Requirement:            0.000ns  (sys_clk rise@0.000ns - sys_clk rise@0.000ns)
  Data Path Delay:        0.440ns  (logic 0.141ns (32.051%)  route 0.299ns (67.949%))
  Logic Levels:           0  
  Clock Path Skew:        0.268ns (DCD - SCD - CPR)
    Destination Clock Delay (DCD):    1.972ns
    Source Clock Delay      (SCD):    1.454ns
    Clock Pessimism Removal (CPR):    0.250ns

    Location             Delay type                Incr(ns)  Path(ns)    Netlist Resource(s)
  -------------------------------------------------------------------    -------------------
                         (clock sys_clk rise edge)    0.000     0.000 r  
    P17                                               0.000     0.000 r  clk (IN)
                         net (fo=0)                   0.000     0.000    clk
    P17                  IBUF (Prop_ibuf_I_O)         0.246     0.246 r  clk_IBUF_inst/O
                         net (fo=1, routed)           0.634     0.880    clk_IBUF
    BUFGCTRL_X0Y1        BUFG (Prop_bufg_I_O)         0.026     0.906 r  clk_IBUF_BUFG_inst/O
                         net (fo=340, routed)         0.548     1.454    uUartRx/CLK
    SLICE_X35Y76         FDCE                                         r  uUartRx/rx_data_reg[5]/C
  -------------------------------------------------------------------    -------------------
    SLICE_X35Y76         FDCE (Prop_fdce_C_Q)         0.141     1.595 r  uUartRx/rx_data_reg[5]/Q
                         net (fo=11, routed)          0.299     1.894    uDebugCtrl/rx_data[5]
    SLICE_X39Y81         FDRE                                         r  uDebugCtrl/payload_reg[3][5]/D
  -------------------------------------------------------------------    -------------------

                         (clock sys_clk rise edge)    0.000     0.000 r  
    P17                                               0.000     0.000 r  clk (IN)
                         net (fo=0)                   0.000     0.000    clk
    P17                  IBUF (Prop_ibuf_I_O)         0.434     0.434 r  clk_IBUF_inst/O
                         net (fo=1, routed)           0.689     1.123    clk_IBUF
    BUFGCTRL_X0Y1        BUFG (Prop_bufg_I_O)         0.029     1.152 r  clk_IBUF_BUFG_inst/O
                         net (fo=340, routed)         0.820     1.972    uDebugCtrl/clk_IBUF_BUFG
    SLICE_X39Y81         FDRE                                         r  uDebugCtrl/payload_reg[3][5]/C
                         clock pessimism             -0.250     1.722    
    SLICE_X39Y81         FDRE (Hold_fdre_C_D)         0.072     1.794    uDebugCtrl/payload_reg[3][5]
  -------------------------------------------------------------------
                         required time                         -1.794    
                         arrival time                           1.894    
  -------------------------------------------------------------------
                         slack                                  0.100    

Slack (MET) :             0.113ns  (arrival time - required time)
  Source:                 uDebugCtrl/payload_reg[0][3]/C
                            (rising edge-triggered cell FDRE clocked by sys_clk  {rise@0.000ns fall@5.000ns period=10.000ns})
  Destination:            uDebugCtrl/dbg_reg_addr_reg[3]/D
                            (rising edge-triggered cell FDCE clocked by sys_clk  {rise@0.000ns fall@5.000ns period=10.000ns})
  Path Group:             sys_clk
  Path Type:              Hold (Min at Fast Process Corner)
  Requirement:            0.000ns  (sys_clk rise@0.000ns - sys_clk rise@0.000ns)
  Data Path Delay:        0.532ns  (logic 0.141ns (26.486%)  route 0.391ns (73.514%))
  Logic Levels:           0  
  Clock Path Skew:        0.353ns (DCD - SCD - CPR)
    Destination Clock Delay (DCD):    2.070ns
    Source Clock Delay      (SCD):    1.466ns
    Clock Pessimism Removal (CPR):    0.250ns

    Location             Delay type                Incr(ns)  Path(ns)    Netlist Resource(s)
  -------------------------------------------------------------------    -------------------
                         (clock sys_clk rise edge)    0.000     0.000 r  
    P17                                               0.000     0.000 r  clk (IN)
                         net (fo=0)                   0.000     0.000    clk
    P17                  IBUF (Prop_ibuf_I_O)         0.246     0.246 r  clk_IBUF_inst/O
                         net (fo=1, routed)           0.634     0.880    clk_IBUF
    BUFGCTRL_X0Y1        BUFG (Prop_bufg_I_O)         0.026     0.906 r  clk_IBUF_BUFG_inst/O
                         net (fo=340, routed)         0.560     1.466    uDebugCtrl/clk_IBUF_BUFG
    SLICE_X31Y92         FDRE                                         r  uDebugCtrl/payload_reg[0][3]/C
  -------------------------------------------------------------------    -------------------
    SLICE_X31Y92         FDRE (Prop_fdre_C_Q)         0.141     1.607 r  uDebugCtrl/payload_reg[0][3]/Q
                         net (fo=4, routed)           0.391     1.998    uDebugCtrl/p_0_in[27]
    SLICE_X28Y102        FDCE                                         r  uDebugCtrl/dbg_reg_addr_reg[3]/D
  -------------------------------------------------------------------    -------------------

                         (clock sys_clk rise edge)    0.000     0.000 r  
    P17                                               0.000     0.000 r  clk (IN)
                         net (fo=0)                   0.000     0.000    clk
    P17                  IBUF (Prop_ibuf_I_O)         0.434     0.434 r  clk_IBUF_inst/O
                         net (fo=1, routed)           0.689     1.123    clk_IBUF
    BUFGCTRL_X0Y1        BUFG (Prop_bufg_I_O)         0.029     1.152 r  clk_IBUF_BUFG_inst/O
                         net (fo=340, routed)         0.918     2.070    uDebugCtrl/clk_IBUF_BUFG
    SLICE_X28Y102        FDCE                                         r  uDebugCtrl/dbg_reg_addr_reg[3]/C
                         clock pessimism             -0.250     1.819    
    SLICE_X28Y102        FDCE (Hold_fdce_C_D)         0.066     1.885    uDebugCtrl/dbg_reg_addr_reg[3]
  -------------------------------------------------------------------
                         required time                         -1.885    
                         arrival time                           1.998    
  -------------------------------------------------------------------
                         slack                                  0.113    

Slack (MET) :             0.117ns  (arrival time - required time)
  Source:                 uUartRx/rx_data_reg[2]/C
                            (rising edge-triggered cell FDCE clocked by sys_clk  {rise@0.000ns fall@5.000ns period=10.000ns})
  Destination:            uDebugCtrl/payload_reg[7][2]/D
                            (rising edge-triggered cell FDRE clocked by sys_clk  {rise@0.000ns fall@5.000ns period=10.000ns})
  Path Group:             sys_clk
  Path Type:              Hold (Min at Fast Process Corner)
  Requirement:            0.000ns  (sys_clk rise@0.000ns - sys_clk rise@0.000ns)
  Data Path Delay:        0.450ns  (logic 0.141ns (31.355%)  route 0.309ns (68.645%))
  Logic Levels:           0  
  Clock Path Skew:        0.263ns (DCD - SCD - CPR)
    Destination Clock Delay (DCD):    1.967ns
    Source Clock Delay      (SCD):    1.454ns
    Clock Pessimism Removal (CPR):    0.250ns

    Location             Delay type                Incr(ns)  Path(ns)    Netlist Resource(s)
  -------------------------------------------------------------------    -------------------
                         (clock sys_clk rise edge)    0.000     0.000 r  
    P17                                               0.000     0.000 r  clk (IN)
                         net (fo=0)                   0.000     0.000    clk
    P17                  IBUF (Prop_ibuf_I_O)         0.246     0.246 r  clk_IBUF_inst/O
                         net (fo=1, routed)           0.634     0.880    clk_IBUF
    BUFGCTRL_X0Y1        BUFG (Prop_bufg_I_O)         0.026     0.906 r  clk_IBUF_BUFG_inst/O
                         net (fo=340, routed)         0.548     1.454    uUartRx/CLK
    SLICE_X35Y76         FDCE                                         r  uUartRx/rx_data_reg[2]/C
  -------------------------------------------------------------------    -------------------
    SLICE_X35Y76         FDCE (Prop_fdce_C_Q)         0.141     1.595 r  uUartRx/rx_data_reg[2]/Q
                         net (fo=13, routed)          0.309     1.904    uDebugCtrl/rx_data[2]
    SLICE_X41Y76         FDRE                                         r  uDebugCtrl/payload_reg[7][2]/D
  -------------------------------------------------------------------    -------------------

                         (clock sys_clk rise edge)    0.000     0.000 r  
    P17                                               0.000     0.000 r  clk (IN)
                         net (fo=0)                   0.000     0.000    clk
    P17                  IBUF (Prop_ibuf_I_O)         0.434     0.434 r  clk_IBUF_inst/O
                         net (fo=1, routed)           0.689     1.123    clk_IBUF
    BUFGCTRL_X0Y1        BUFG (Prop_bufg_I_O)         0.029     1.152 r  clk_IBUF_BUFG_inst/O
                         net (fo=340, routed)         0.816     1.967    uDebugCtrl/clk_IBUF_BUFG
    SLICE_X41Y76         FDRE                                         r  uDebugCtrl/payload_reg[7][2]/C
                         clock pessimism             -0.250     1.717    
    SLICE_X41Y76         FDRE (Hold_fdre_C_D)         0.070     1.787    uDebugCtrl/payload_reg[7][2]
  -------------------------------------------------------------------
                         required time                         -1.787    
                         arrival time                           1.904    
  -------------------------------------------------------------------
                         slack                                  0.117    

Slack (MET) :             0.155ns  (arrival time - required time)
  Source:                 uUartRx/bit_idx_reg[2]/C
                            (rising edge-triggered cell FDCE clocked by sys_clk  {rise@0.000ns fall@5.000ns period=10.000ns})
  Destination:            uUartRx/rx_shift_reg[3]/D
                            (rising edge-triggered cell FDCE clocked by sys_clk  {rise@0.000ns fall@5.000ns period=10.000ns})
  Path Group:             sys_clk
  Path Type:              Hold (Min at Fast Process Corner)
  Requirement:            0.000ns  (sys_clk rise@0.000ns - sys_clk rise@0.000ns)
  Data Path Delay:        0.509ns  (logic 0.186ns (36.576%)  route 0.323ns (63.424%))
  Logic Levels:           1  (LUT6=1)
  Clock Path Skew:        0.262ns (DCD - SCD - CPR)
    Destination Clock Delay (DCD):    1.965ns
    Source Clock Delay      (SCD):    1.453ns
    Clock Pessimism Removal (CPR):    0.250ns

    Location             Delay type                Incr(ns)  Path(ns)    Netlist Resource(s)
  -------------------------------------------------------------------    -------------------
                         (clock sys_clk rise edge)    0.000     0.000 r  
    P17                                               0.000     0.000 r  clk (IN)
                         net (fo=0)                   0.000     0.000    clk
    P17                  IBUF (Prop_ibuf_I_O)         0.246     0.246 r  clk_IBUF_inst/O
                         net (fo=1, routed)           0.634     0.880    clk_IBUF
    BUFGCTRL_X0Y1        BUFG (Prop_bufg_I_O)         0.026     0.906 r  clk_IBUF_BUFG_inst/O
                         net (fo=340, routed)         0.547     1.453    uUartRx/CLK
    SLICE_X35Y74         FDCE                                         r  uUartRx/bit_idx_reg[2]/C
  -------------------------------------------------------------------    -------------------
    SLICE_X35Y74         FDCE (Prop_fdce_C_Q)         0.141     1.594 r  uUartRx/bit_idx_reg[2]/Q
                         net (fo=12, routed)          0.323     1.917    uUartRx/bit_idx_reg_n_0_[2]
    SLICE_X36Y75         LUT6 (Prop_lut6_I1_O)        0.045     1.962 r  uUartRx/rx_shift[3]_i_1/O
                         net (fo=1, routed)           0.000     1.962    uUartRx/rx_shift[3]_i_1_n_0
    SLICE_X36Y75         FDCE                                         r  uUartRx/rx_shift_reg[3]/D
  -------------------------------------------------------------------    -------------------

                         (clock sys_clk rise edge)    0.000     0.000 r  
    P17                                               0.000     0.000 r  clk (IN)
                         net (fo=0)                   0.000     0.000    clk
    P17                  IBUF (Prop_ibuf_I_O)         0.434     0.434 r  clk_IBUF_inst/O
                         net (fo=1, routed)           0.689     1.123    clk_IBUF
    BUFGCTRL_X0Y1        BUFG (Prop_bufg_I_O)         0.029     1.152 r  clk_IBUF_BUFG_inst/O
                         net (fo=340, routed)         0.813     1.965    uUartRx/CLK
    SLICE_X36Y75         FDCE                                         r  uUartRx/rx_shift_reg[3]/C
                         clock pessimism             -0.250     1.715    
    SLICE_X36Y75         FDCE (Hold_fdce_C_D)         0.092     1.807    uUartRx/rx_shift_reg[3]
  -------------------------------------------------------------------
                         required time                         -1.807    
                         arrival time                           1.962    
  -------------------------------------------------------------------
                         slack                                  0.155    

Slack (MET) :             0.157ns  (arrival time - required time)
  Source:                 uUartRx/bit_idx_reg[2]/C
                            (rising edge-triggered cell FDCE clocked by sys_clk  {rise@0.000ns fall@5.000ns period=10.000ns})
  Destination:            uUartRx/rx_shift_reg[0]/D
                            (rising edge-triggered cell FDCE clocked by sys_clk  {rise@0.000ns fall@5.000ns period=10.000ns})
  Path Group:             sys_clk
  Path Type:              Hold (Min at Fast Process Corner)
  Requirement:            0.000ns  (sys_clk rise@0.000ns - sys_clk rise@0.000ns)
  Data Path Delay:        0.510ns  (logic 0.186ns (36.504%)  route 0.324ns (63.496%))
  Logic Levels:           1  (LUT6=1)
  Clock Path Skew:        0.262ns (DCD - SCD - CPR)
    Destination Clock Delay (DCD):    1.965ns
    Source Clock Delay      (SCD):    1.453ns
    Clock Pessimism Removal (CPR):    0.250ns

    Location             Delay type                Incr(ns)  Path(ns)    Netlist Resource(s)
  -------------------------------------------------------------------    -------------------
                         (clock sys_clk rise edge)    0.000     0.000 r  
    P17                                               0.000     0.000 r  clk (IN)
                         net (fo=0)                   0.000     0.000    clk
    P17                  IBUF (Prop_ibuf_I_O)         0.246     0.246 r  clk_IBUF_inst/O
                         net (fo=1, routed)           0.634     0.880    clk_IBUF
    BUFGCTRL_X0Y1        BUFG (Prop_bufg_I_O)         0.026     0.906 r  clk_IBUF_BUFG_inst/O
                         net (fo=340, routed)         0.547     1.453    uUartRx/CLK
    SLICE_X35Y74         FDCE                                         r  uUartRx/bit_idx_reg[2]/C
  -------------------------------------------------------------------    -------------------
    SLICE_X35Y74         FDCE (Prop_fdce_C_Q)         0.141     1.594 r  uUartRx/bit_idx_reg[2]/Q
                         net (fo=12, routed)          0.324     1.918    uUartRx/bit_idx_reg_n_0_[2]
    SLICE_X36Y75         LUT6 (Prop_lut6_I1_O)        0.045     1.963 r  uUartRx/rx_shift[0]_i_1/O
                         net (fo=1, routed)           0.000     1.963    uUartRx/rx_shift[0]_i_1_n_0
    SLICE_X36Y75         FDCE                                         r  uUartRx/rx_shift_reg[0]/D
  -------------------------------------------------------------------    -------------------

                         (clock sys_clk rise edge)    0.000     0.000 r  
    P17                                               0.000     0.000 r  clk (IN)
                         net (fo=0)                   0.000     0.000    clk
    P17                  IBUF (Prop_ibuf_I_O)         0.434     0.434 r  clk_IBUF_inst/O
                         net (fo=1, routed)           0.689     1.123    clk_IBUF
    BUFGCTRL_X0Y1        BUFG (Prop_bufg_I_O)         0.029     1.152 r  clk_IBUF_BUFG_inst/O
                         net (fo=340, routed)         0.813     1.965    uUartRx/CLK
    SLICE_X36Y75         FDCE                                         r  uUartRx/rx_shift_reg[0]/C
                         clock pessimism             -0.250     1.715    
    SLICE_X36Y75         FDCE (Hold_fdce_C_D)         0.091     1.806    uUartRx/rx_shift_reg[0]
  -------------------------------------------------------------------
                         required time                         -1.806    
                         arrival time                           1.963    
  -------------------------------------------------------------------
                         slack                                  0.157    

Slack (MET) :             0.160ns  (arrival time - required time)
  Source:                 uDebugCtrl/resp_buf_reg[4][4]/C
                            (rising edge-triggered cell FDRE clocked by sys_clk  {rise@0.000ns fall@5.000ns period=10.000ns})
  Destination:            uDebugCtrl/tx_data_reg[4]/D
                            (rising edge-triggered cell FDCE clocked by sys_clk  {rise@0.000ns fall@5.000ns period=10.000ns})
  Path Group:             sys_clk
  Path Type:              Hold (Min at Fast Process Corner)
  Requirement:            0.000ns  (sys_clk rise@0.000ns - sys_clk rise@0.000ns)
  Data Path Delay:        0.514ns  (logic 0.186ns (36.156%)  route 0.328ns (63.844%))
  Logic Levels:           1  (LUT3=1)
  Clock Path Skew:        0.263ns (DCD - SCD - CPR)
    Destination Clock Delay (DCD):    1.976ns
    Source Clock Delay      (SCD):    1.463ns
    Clock Pessimism Removal (CPR):    0.250ns

    Location             Delay type                Incr(ns)  Path(ns)    Netlist Resource(s)
  -------------------------------------------------------------------    -------------------
                         (clock sys_clk rise edge)    0.000     0.000 r  
    P17                                               0.000     0.000 r  clk (IN)
                         net (fo=0)                   0.000     0.000    clk
    P17                  IBUF (Prop_ibuf_I_O)         0.246     0.246 r  clk_IBUF_inst/O
                         net (fo=1, routed)           0.634     0.880    clk_IBUF
    BUFGCTRL_X0Y1        BUFG (Prop_bufg_I_O)         0.026     0.906 r  clk_IBUF_BUFG_inst/O
                         net (fo=340, routed)         0.557     1.463    uDebugCtrl/clk_IBUF_BUFG
    SLICE_X43Y86         FDRE                                         r  uDebugCtrl/resp_buf_reg[4][4]/C
  -------------------------------------------------------------------    -------------------
    SLICE_X43Y86         FDRE (Prop_fdre_C_Q)         0.141     1.604 r  uDebugCtrl/resp_buf_reg[4][4]/Q
                         net (fo=1, routed)           0.328     1.932    uDebugCtrl/resp_buf_reg[4]_4[4]
    SLICE_X33Y85         LUT3 (Prop_lut3_I0_O)        0.045     1.977 r  uDebugCtrl/tx_data[4]_i_1/O
                         net (fo=1, routed)           0.000     1.977    uDebugCtrl/resp_buf__0[4]
    SLICE_X33Y85         FDCE                                         r  uDebugCtrl/tx_data_reg[4]/D
  -------------------------------------------------------------------    -------------------

                         (clock sys_clk rise edge)    0.000     0.000 r  
    P17                                               0.000     0.000 r  clk (IN)
                         net (fo=0)                   0.000     0.000    clk
    P17                  IBUF (Prop_ibuf_I_O)         0.434     0.434 r  clk_IBUF_inst/O
                         net (fo=1, routed)           0.689     1.123    clk_IBUF
    BUFGCTRL_X0Y1        BUFG (Prop_bufg_I_O)         0.029     1.152 r  clk_IBUF_BUFG_inst/O
                         net (fo=340, routed)         0.824     1.976    uDebugCtrl/clk_IBUF_BUFG
    SLICE_X33Y85         FDCE                                         r  uDebugCtrl/tx_data_reg[4]/C
                         clock pessimism             -0.250     1.726    
    SLICE_X33Y85         FDCE (Hold_fdce_C_D)         0.092     1.818    uDebugCtrl/tx_data_reg[4]
  -------------------------------------------------------------------
                         required time                         -1.818    
                         arrival time                           1.977    
  -------------------------------------------------------------------
                         slack                                  0.160    

Slack (MET) :             0.162ns  (arrival time - required time)
  Source:                 uDebugCtrl/payload_reg[7][5]/C
                            (rising edge-triggered cell FDRE clocked by sys_clk  {rise@0.000ns fall@5.000ns period=10.000ns})
  Destination:            uDebugCtrl/dmem_wr_data_reg[5]/D
                            (rising edge-triggered cell FDCE clocked by sys_clk  {rise@0.000ns fall@5.000ns period=10.000ns})
  Path Group:             sys_clk
  Path Type:              Hold (Min at Fast Process Corner)
  Requirement:            0.000ns  (sys_clk rise@0.000ns - sys_clk rise@0.000ns)
  Data Path Delay:        0.268ns  (logic 0.141ns (52.572%)  route 0.127ns (47.428%))
  Logic Levels:           0  
  Clock Path Skew:        0.034ns (DCD - SCD - CPR)
    Destination Clock Delay (DCD):    1.970ns
    Source Clock Delay      (SCD):    1.457ns
    Clock Pessimism Removal (CPR):    0.479ns

    Location             Delay type                Incr(ns)  Path(ns)    Netlist Resource(s)
  -------------------------------------------------------------------    -------------------
                         (clock sys_clk rise edge)    0.000     0.000 r  
    P17                                               0.000     0.000 r  clk (IN)
                         net (fo=0)                   0.000     0.000    clk
    P17                  IBUF (Prop_ibuf_I_O)         0.246     0.246 r  clk_IBUF_inst/O
                         net (fo=1, routed)           0.634     0.880    clk_IBUF
    BUFGCTRL_X0Y1        BUFG (Prop_bufg_I_O)         0.026     0.906 r  clk_IBUF_BUFG_inst/O
                         net (fo=340, routed)         0.551     1.457    uDebugCtrl/clk_IBUF_BUFG
    SLICE_X31Y78         FDRE                                         r  uDebugCtrl/payload_reg[7][5]/C
  -------------------------------------------------------------------    -------------------
    SLICE_X31Y78         FDRE (Prop_fdre_C_Q)         0.141     1.598 r  uDebugCtrl/payload_reg[7][5]/Q
                         net (fo=2, routed)           0.127     1.725    uDebugCtrl/payload_reg[7]_5[5]
    SLICE_X29Y78         FDCE                                         r  uDebugCtrl/dmem_wr_data_reg[5]/D
  -------------------------------------------------------------------    -------------------

                         (clock sys_clk rise edge)    0.000     0.000 r  
    P17                                               0.000     0.000 r  clk (IN)
                         net (fo=0)                   0.000     0.000    clk
    P17                  IBUF (Prop_ibuf_I_O)         0.434     0.434 r  clk_IBUF_inst/O
                         net (fo=1, routed)           0.689     1.123    clk_IBUF
    BUFGCTRL_X0Y1        BUFG (Prop_bufg_I_O)         0.029     1.152 r  clk_IBUF_BUFG_inst/O
                         net (fo=340, routed)         0.819     1.970    uDebugCtrl/clk_IBUF_BUFG
    SLICE_X29Y78         FDCE                                         r  uDebugCtrl/dmem_wr_data_reg[5]/C
                         clock pessimism             -0.479     1.491    
    SLICE_X29Y78         FDCE (Hold_fdce_C_D)         0.072     1.563    uDebugCtrl/dmem_wr_data_reg[5]
  -------------------------------------------------------------------
                         required time                         -1.563    
                         arrival time                           1.725    
  -------------------------------------------------------------------
                         slack                                  0.162    





Pulse Width Checks
--------------------------------------------------------------------------------------
Clock Name:         sys_clk
Waveform(ns):       { 0.000 5.000 }
Period(ns):         10.000
Sources:            { clk }

Check Type        Corner  Lib Pin  Reference Pin  Required(ns)  Actual(ns)  Slack(ns)  Location       Pin
Min Period        n/a     BUFG/I   n/a            2.155         10.000      7.845      BUFGCTRL_X0Y1  clk_IBUF_BUFG_inst/I
Min Period        n/a     FDCE/C   n/a            1.000         10.000      9.000      SLICE_X36Y46   clk_div_reg[0]/C
Min Period        n/a     FDCE/C   n/a            1.000         10.000      9.000      SLICE_X36Y46   clk_div_reg[1]/C
Min Period        n/a     FDCE/C   n/a            1.000         10.000      9.000      SLICE_X36Y46   clk_div_reg[2]/C
Min Period        n/a     FDCE/C   n/a            1.000         10.000      9.000      SLICE_X30Y80   uDebugCtrl/FSM_sequential_state_reg[0]/C
Min Period        n/a     FDCE/C   n/a            1.000         10.000      9.000      SLICE_X31Y80   uDebugCtrl/FSM_sequential_state_reg[1]/C
Min Period        n/a     FDCE/C   n/a            1.000         10.000      9.000      SLICE_X31Y81   uDebugCtrl/FSM_sequential_state_reg[2]/C
Min Period        n/a     FDCE/C   n/a            1.000         10.000      9.000      SLICE_X29Y81   uDebugCtrl/cmd_reg_reg[0]/C
Min Period        n/a     FDCE/C   n/a            1.000         10.000      9.000      SLICE_X29Y82   uDebugCtrl/cmd_reg_reg[1]/C
Min Period        n/a     FDCE/C   n/a            1.000         10.000      9.000      SLICE_X29Y81   uDebugCtrl/cmd_reg_reg[2]/C
Low Pulse Width   Fast    FDCE/C   n/a            0.500         5.000       4.500      SLICE_X30Y80   uDebugCtrl/FSM_sequential_state_reg[0]/C
Low Pulse Width   Fast    FDCE/C   n/a            0.500         5.000       4.500      SLICE_X31Y80   uDebugCtrl/FSM_sequential_state_reg[1]/C
Low Pulse Width   Fast    FDCE/C   n/a            0.500         5.000       4.500      SLICE_X31Y81   uDebugCtrl/FSM_sequential_state_reg[2]/C
Low Pulse Width   Fast    FDCE/C   n/a            0.500         5.000       4.500      SLICE_X29Y81   uDebugCtrl/cmd_reg_reg[0]/C
Low Pulse Width   Fast    FDCE/C   n/a            0.500         5.000       4.500      SLICE_X29Y81   uDebugCtrl/cmd_reg_reg[2]/C
Low Pulse Width   Fast    FDCE/C   n/a            0.500         5.000       4.500      SLICE_X29Y81   uDebugCtrl/cmd_reg_reg[4]/C
Low Pulse Width   Fast    FDCE/C   n/a            0.500         5.000       4.500      SLICE_X29Y81   uDebugCtrl/cmd_reg_reg[5]/C
Low Pulse Width   Fast    FDCE/C   n/a            0.500         5.000       4.500      SLICE_X28Y81   uDebugCtrl/cpu_reset_reg/C
Low Pulse Width   Fast    FDCE/C   n/a            0.500         5.000       4.500      SLICE_X28Y102  uDebugCtrl/dbg_reg_addr_reg[0]/C
Low Pulse Width   Fast    FDCE/C   n/a            0.500         5.000       4.500      SLICE_X29Y99   uDebugCtrl/dbg_reg_addr_reg[1]/C
High Pulse Width  Slow    FDCE/C   n/a            0.500         5.000       4.500      SLICE_X29Y82   uDebugCtrl/cmd_reg_reg[1]/C
High Pulse Width  Slow    FDCE/C   n/a            0.500         5.000       4.500      SLICE_X29Y82   uDebugCtrl/cmd_reg_reg[3]/C
High Pulse Width  Slow    FDCE/C   n/a            0.500         5.000       4.500      SLICE_X29Y82   uDebugCtrl/cmd_reg_reg[6]/C
High Pulse Width  Slow    FDCE/C   n/a            0.500         5.000       4.500      SLICE_X31Y82   uDebugCtrl/cmd_reg_reg[7]/C
High Pulse Width  Slow    FDCE/C   n/a            0.500         5.000       4.500      SLICE_X28Y102  uDebugCtrl/dbg_reg_addr_reg[0]/C
High Pulse Width  Slow    FDCE/C   n/a            0.500         5.000       4.500      SLICE_X27Y109  uDebugCtrl/dbg_reg_addr_reg[0]_rep/C
High Pulse Width  Slow    FDCE/C   n/a            0.500         5.000       4.500      SLICE_X29Y99   uDebugCtrl/dbg_reg_addr_reg[1]/C
High Pulse Width  Slow    FDCE/C   n/a            0.500         5.000       4.500      SLICE_X27Y109  uDebugCtrl/dbg_reg_addr_reg[1]_rep/C
High Pulse Width  Slow    FDCE/C   n/a            0.500         5.000       4.500      SLICE_X27Y109  uDebugCtrl/dbg_reg_addr_reg[1]_rep__0/C
High Pulse Width  Slow    FDCE/C   n/a            0.500         5.000       4.500      SLICE_X27Y109  uDebugCtrl/dbg_reg_addr_reg[1]_rep__1/C



---------------------------------------------------------------------------------------------------
From Clock:  cpu_clk
  To Clock:  cpu_clk

Setup :            0  Failing Endpoints,  Worst Slack       11.263ns,  Total Violation        0.000ns
Hold  :            0  Failing Endpoints,  Worst Slack        0.038ns,  Total Violation        0.000ns
PW    :            0  Failing Endpoints,  Worst Slack       38.750ns,  Total Violation        0.000ns
---------------------------------------------------------------------------------------------------


Max Delay Paths
--------------------------------------------------------------------------------------
Slack (MET) :             11.263ns  (required time - arrival time)
  Source:                 uCPUTop/uIfetch/inst_dbg_en_sync_reg/C
                            (rising edge-triggered cell FDCE clocked by cpu_clk  {rise@0.000ns fall@40.000ns period=80.000ns})
  Destination:            uCPUTop/uDataMemory/mem_reg_12/ADDRARDADDR[3]
                            (falling edge-triggered cell RAMB36E1 clocked by cpu_clk  {rise@0.000ns fall@40.000ns period=80.000ns})
  Path Group:             cpu_clk
  Path Type:              Setup (Max at Slow Process Corner)
  Requirement:            40.000ns  (cpu_clk fall@40.000ns - cpu_clk rise@0.000ns)
  Data Path Delay:        28.247ns  (logic 6.380ns (22.584%)  route 21.868ns (77.416%))
  Logic Levels:           22  (CARRY4=5 LUT2=3 LUT3=2 LUT4=4 LUT6=3 MUXF7=3 MUXF8=1 RAMS64E=1)
  Clock Path Skew:        0.112ns (DCD - SCD + CPR)
    Destination Clock Delay (DCD):    7.689ns = ( 47.689 - 40.000 ) 
    Source Clock Delay      (SCD):    8.087ns
    Clock Pessimism Removal (CPR):    0.509ns
  Clock Uncertainty:      0.035ns  ((TSJ^2 + TIJ^2)^1/2 + DJ) / 2 + PE
    Total System Jitter     (TSJ):    0.071ns
    Total Input Jitter      (TIJ):    0.000ns
    Discrete Jitter          (DJ):    0.000ns
    Phase Error              (PE):    0.000ns

    Location             Delay type                Incr(ns)  Path(ns)    Netlist Resource(s)
  -------------------------------------------------------------------    -------------------
                         (clock cpu_clk rise edge)    0.000     0.000 r  
    P17                                               0.000     0.000 r  clk (IN)
                         net (fo=0)                   0.000     0.000    clk
    P17                  IBUF (Prop_ibuf_I_O)         1.478     1.478 r  clk_IBUF_inst/O
                         net (fo=1, routed)           1.972     3.450    clk_IBUF
    BUFGCTRL_X0Y1        BUFG (Prop_bufg_I_O)         0.096     3.546 r  clk_IBUF_BUFG_inst/O
                         net (fo=340, routed)         1.565     5.111    clk_IBUF_BUFG
    SLICE_X36Y46         FDCE (Prop_fdce_C_Q)         0.419     5.530 r  clk_div_reg[2]/Q
                         net (fo=2, routed)           0.735     6.266    clk_12_5mhz
    BUFGCTRL_X0Y0        BUFG (Prop_bufg_I_O)         0.271     6.537 r  BUFG_cpu_clk/O
                         net (fo=3762, routed)        1.550     8.087    uCPUTop/uIfetch/clk
    SLICE_X45Y85         FDCE                                         r  uCPUTop/uIfetch/inst_dbg_en_sync_reg/C
  -------------------------------------------------------------------    -------------------
    SLICE_X45Y85         FDCE (Prop_fdce_C_Q)         0.456     8.543 r  uCPUTop/uIfetch/inst_dbg_en_sync_reg/Q
                         net (fo=79, routed)          1.198     9.740    uCPUTop/uIfetch/inst_dbg_en_sync
    SLICE_X47Y74         LUT3 (Prop_lut3_I1_O)        0.124     9.864 r  uCPUTop/uIfetch/mem_reg_1536_1791_1_1_i_5/O
                         net (fo=168, routed)         1.326    11.190    uCPUTop/uIfetch/mem_reg_512_767_2_2/A3
    SLICE_X46Y64         RAMS64E (Prop_rams64e_ADR3_O)
                                                      0.246    11.437 r  uCPUTop/uIfetch/mem_reg_512_767_2_2/RAMS64E_A/O
                         net (fo=1, routed)           0.000    11.437    uCPUTop/uIfetch/mem_reg_512_767_2_2/OA
    SLICE_X46Y64         MUXF7 (Prop_muxf7_I1_O)      0.214    11.651 r  uCPUTop/uIfetch/mem_reg_512_767_2_2/F7.A/O
                         net (fo=1, routed)           0.000    11.651    uCPUTop/uIfetch/mem_reg_512_767_2_2/O1
    SLICE_X46Y64         MUXF8 (Prop_muxf8_I1_O)      0.088    11.739 r  uCPUTop/uIfetch/mem_reg_512_767_2_2/F8/O
                         net (fo=1, routed)           0.990    12.729    uCPUTop/uIfetch/mem_reg_512_767_2_2_n_0
    SLICE_X45Y69         LUT6 (Prop_lut6_I1_O)        0.319    13.048 r  uCPUTop/uIfetch/pcReg[31]_i_44/O
                         net (fo=1, routed)           0.000    13.048    uCPUTop/uIfetch/pcReg[31]_i_44_n_0
    SLICE_X45Y69         MUXF7 (Prop_muxf7_I0_O)      0.238    13.286 r  uCPUTop/uIfetch/pcReg_reg[31]_i_22/O
                         net (fo=31, routed)          2.416    15.701    uCPUTop/uIfetch/single_inst_rd[2]
    SLICE_X40Y93         LUT4 (Prop_lut4_I3_O)        0.324    16.025 f  uCPUTop/uIfetch/vga_fb_mem_reg_0_i_309/O
                         net (fo=2, routed)           0.455    16.481    uCPUTop/uIfetch/vga_fb_mem_reg_0_i_309_n_0
    SLICE_X40Y93         LUT4 (Prop_lut4_I3_O)        0.326    16.807 r  uCPUTop/uIfetch/vga_fb_mem_reg_0_i_207/O
                         net (fo=40, routed)          1.907    18.713    uCPUTop/uIfetch/isAUIPC
    SLICE_X35Y88         LUT6 (Prop_lut6_I3_O)        0.124    18.837 r  uCPUTop/uIfetch/vga_fb_mem_reg_0_i_80/O
                         net (fo=25, routed)          3.483    22.320    uCPUTop/uIfetch/vga_fb_mem_reg_0_i_80_n_0
    SLICE_X57Y96         LUT4 (Prop_lut4_I0_O)        0.124    22.444 r  uCPUTop/uIfetch/vga_fb_mem_reg_0_i_427/O
                         net (fo=1, routed)           0.000    22.444    uCPUTop/uIfetch/vga_fb_mem_reg_0_i_427_n_0
    SLICE_X57Y96         CARRY4 (Prop_carry4_S[0]_O[1])
                                                      0.424    22.868 r  uCPUTop/uIfetch/vga_fb_mem_reg_0_i_414/O[1]
                         net (fo=1, routed)           0.820    23.689    uCPUTop/uRegFile/pcReg_reg[13][2]
    SLICE_X55Y96         LUT2 (Prop_lut2_I1_O)        0.303    23.992 r  uCPUTop/uRegFile/vga_fb_mem_reg_0_i_394/O
                         net (fo=1, routed)           0.000    23.992    uCPUTop/uIfetch/S[0]
    SLICE_X55Y96         CARRY4 (Prop_carry4_S[1]_O[2])
                                                      0.580    24.572 r  uCPUTop/uIfetch/vga_fb_mem_reg_0_i_370/O[2]
                         net (fo=2, routed)           0.992    25.564    uCPUTop/uRegFile/pcReg_reg[10][1]
    SLICE_X52Y97         LUT2 (Prop_lut2_I0_O)        0.302    25.866 r  uCPUTop/uRegFile/vga_fb_mem_reg_0_i_372/O
                         net (fo=1, routed)           0.000    25.866    uCPUTop/uIfetch/pcReg_reg[6]_0[1]
    SLICE_X52Y97         CARRY4 (Prop_carry4_S[2]_CO[3])
                                                      0.380    26.246 r  uCPUTop/uIfetch/vga_fb_mem_reg_0_i_299/CO[3]
                         net (fo=1, routed)           0.000    26.246    uCPUTop/uIfetch/vga_fb_mem_reg_0_i_299_n_0
    SLICE_X52Y98         CARRY4 (Prop_carry4_CI_CO[0])
                                                      0.254    26.500 r  uCPUTop/uIfetch/vga_fb_mem_reg_0_i_263/CO[0]
                         net (fo=2, routed)           0.819    27.319    uCPUTop/uDataMemory/CO[0]
    SLICE_X53Y96         LUT2 (Prop_lut2_I0_O)        0.367    27.686 r  uCPUTop/uDataMemory/vga_fb_mem_reg_0_i_264/O
                         net (fo=1, routed)           0.000    27.686    uCPUTop/uIfetch/pcReg_reg[14]_1[0]
    SLICE_X53Y96         CARRY4 (Prop_carry4_S[0]_O[0])
                                                      0.247    27.933 r  uCPUTop/uIfetch/vga_fb_mem_reg_0_i_102/O[0]
                         net (fo=1, routed)           0.602    28.535    uCPUTop/uIfetch/uALU/data10[4]
    SLICE_X58Y97         LUT4 (Prop_lut4_I3_O)        0.299    28.834 r  uCPUTop/uIfetch/vga_fb_mem_reg_0_i_107/O
                         net (fo=1, routed)           0.788    29.622    uCPUTop/uIfetch/vga_fb_mem_reg_0_i_107_n_0
    SLICE_X55Y97         LUT6 (Prop_lut6_I0_O)        0.124    29.746 r  uCPUTop/uIfetch/vga_fb_mem_reg_0_i_34/O
                         net (fo=1, routed)           0.000    29.746    uCPUTop/uIfetch/vga_fb_mem_reg_0_i_34_n_0
    SLICE_X55Y97         MUXF7 (Prop_muxf7_I1_O)      0.217    29.963 r  uCPUTop/uIfetch/vga_fb_mem_reg_0_i_5/O
                         net (fo=4, routed)           2.058    32.021    uCPUTop/uDataMemory/ALUResult[3]
    SLICE_X44Y75         LUT3 (Prop_lut3_I2_O)        0.299    32.320 r  uCPUTop/uDataMemory/mem_reg_0_i_13/O
                         net (fo=16, routed)          4.014    36.334    uCPUTop/uDataMemory/p_0_in[2]
    RAMB36_X1Y28         RAMB36E1                                     r  uCPUTop/uDataMemory/mem_reg_12/ADDRARDADDR[3]
  -------------------------------------------------------------------    -------------------

                         (clock cpu_clk fall edge)   40.000    40.000 r  
    P17                                               0.000    40.000 r  clk (IN)
                         net (fo=0)                   0.000    40.000    clk
    P17                  IBUF (Prop_ibuf_I_O)         1.408    41.408 r  clk_IBUF_inst/O
                         net (fo=1, routed)           1.868    43.276    clk_IBUF
    BUFGCTRL_X0Y1        BUFG (Prop_bufg_I_O)         0.091    43.367 r  clk_IBUF_BUFG_inst/O
                         net (fo=340, routed)         1.445    44.812    clk_IBUF_BUFG
    SLICE_X36Y46         FDCE (Prop_fdce_C_Q)         0.337    45.149 f  clk_div_reg[2]/Q
                         net (fo=2, routed)           0.653    45.803    clk_12_5mhz
    BUFGCTRL_X0Y0        BUFG (Prop_bufg_I_O)         0.232    46.035 f  BUFG_cpu_clk/O
                         net (fo=3762, routed)        1.655    47.689    uCPUTop/uDataMemory/clk_div_reg[2]
    RAMB36_X1Y28         RAMB36E1                                     r  uCPUTop/uDataMemory/mem_reg_12/CLKARDCLK  (IS_INVERTED)
                         clock pessimism              0.509    48.198    
                         clock uncertainty           -0.035    48.163    
    RAMB36_X1Y28         RAMB36E1 (Setup_ramb36e1_CLKARDCLK_ADDRARDADDR[3])
                                                     -0.566    47.597    uCPUTop/uDataMemory/mem_reg_12
  -------------------------------------------------------------------
                         required time                         47.597    
                         arrival time                         -36.334    
  -------------------------------------------------------------------
                         slack                                 11.263    

Slack (MET) :             11.591ns  (required time - arrival time)
  Source:                 uCPUTop/uIfetch/inst_dbg_en_sync_reg/C
                            (rising edge-triggered cell FDCE clocked by cpu_clk  {rise@0.000ns fall@40.000ns period=80.000ns})
  Destination:            uCPUTop/uDataMemory/mem_reg_15/ADDRARDADDR[3]
                            (falling edge-triggered cell RAMB36E1 clocked by cpu_clk  {rise@0.000ns fall@40.000ns period=80.000ns})
  Path Group:             cpu_clk
  Path Type:              Setup (Max at Slow Process Corner)
  Requirement:            40.000ns  (cpu_clk fall@40.000ns - cpu_clk rise@0.000ns)
  Data Path Delay:        27.912ns  (logic 6.380ns (22.856%)  route 21.532ns (77.144%))
  Logic Levels:           22  (CARRY4=5 LUT2=3 LUT3=2 LUT4=4 LUT6=3 MUXF7=3 MUXF8=1 RAMS64E=1)
  Clock Path Skew:        0.105ns (DCD - SCD + CPR)
    Destination Clock Delay (DCD):    7.682ns = ( 47.682 - 40.000 ) 
    Source Clock Delay      (SCD):    8.087ns
    Clock Pessimism Removal (CPR):    0.509ns
  Clock Uncertainty:      0.035ns  ((TSJ^2 + TIJ^2)^1/2 + DJ) / 2 + PE
    Total System Jitter     (TSJ):    0.071ns
    Total Input Jitter      (TIJ):    0.000ns
    Discrete Jitter          (DJ):    0.000ns
    Phase Error              (PE):    0.000ns

    Location             Delay type                Incr(ns)  Path(ns)    Netlist Resource(s)
  -------------------------------------------------------------------    -------------------
                         (clock cpu_clk rise edge)    0.000     0.000 r  
    P17                                               0.000     0.000 r  clk (IN)
                         net (fo=0)                   0.000     0.000    clk
    P17                  IBUF (Prop_ibuf_I_O)         1.478     1.478 r  clk_IBUF_inst/O
                         net (fo=1, routed)           1.972     3.450    clk_IBUF
    BUFGCTRL_X0Y1        BUFG (Prop_bufg_I_O)         0.096     3.546 r  clk_IBUF_BUFG_inst/O
                         net (fo=340, routed)         1.565     5.111    clk_IBUF_BUFG
    SLICE_X36Y46         FDCE (Prop_fdce_C_Q)         0.419     5.530 r  clk_div_reg[2]/Q
                         net (fo=2, routed)           0.735     6.266    clk_12_5mhz
    BUFGCTRL_X0Y0        BUFG (Prop_bufg_I_O)         0.271     6.537 r  BUFG_cpu_clk/O
                         net (fo=3762, routed)        1.550     8.087    uCPUTop/uIfetch/clk
    SLICE_X45Y85         FDCE                                         r  uCPUTop/uIfetch/inst_dbg_en_sync_reg/C
  -------------------------------------------------------------------    -------------------
    SLICE_X45Y85         FDCE (Prop_fdce_C_Q)         0.456     8.543 r  uCPUTop/uIfetch/inst_dbg_en_sync_reg/Q
                         net (fo=79, routed)          1.198     9.740    uCPUTop/uIfetch/inst_dbg_en_sync
    SLICE_X47Y74         LUT3 (Prop_lut3_I1_O)        0.124     9.864 r  uCPUTop/uIfetch/mem_reg_1536_1791_1_1_i_5/O
                         net (fo=168, routed)         1.326    11.190    uCPUTop/uIfetch/mem_reg_512_767_2_2/A3
    SLICE_X46Y64         RAMS64E (Prop_rams64e_ADR3_O)
                                                      0.246    11.437 r  uCPUTop/uIfetch/mem_reg_512_767_2_2/RAMS64E_A/O
                         net (fo=1, routed)           0.000    11.437    uCPUTop/uIfetch/mem_reg_512_767_2_2/OA
    SLICE_X46Y64         MUXF7 (Prop_muxf7_I1_O)      0.214    11.651 r  uCPUTop/uIfetch/mem_reg_512_767_2_2/F7.A/O
                         net (fo=1, routed)           0.000    11.651    uCPUTop/uIfetch/mem_reg_512_767_2_2/O1
    SLICE_X46Y64         MUXF8 (Prop_muxf8_I1_O)      0.088    11.739 r  uCPUTop/uIfetch/mem_reg_512_767_2_2/F8/O
                         net (fo=1, routed)           0.990    12.729    uCPUTop/uIfetch/mem_reg_512_767_2_2_n_0
    SLICE_X45Y69         LUT6 (Prop_lut6_I1_O)        0.319    13.048 r  uCPUTop/uIfetch/pcReg[31]_i_44/O
                         net (fo=1, routed)           0.000    13.048    uCPUTop/uIfetch/pcReg[31]_i_44_n_0
    SLICE_X45Y69         MUXF7 (Prop_muxf7_I0_O)      0.238    13.286 r  uCPUTop/uIfetch/pcReg_reg[31]_i_22/O
                         net (fo=31, routed)          2.416    15.701    uCPUTop/uIfetch/single_inst_rd[2]
    SLICE_X40Y93         LUT4 (Prop_lut4_I3_O)        0.324    16.025 f  uCPUTop/uIfetch/vga_fb_mem_reg_0_i_309/O
                         net (fo=2, routed)           0.455    16.481    uCPUTop/uIfetch/vga_fb_mem_reg_0_i_309_n_0
    SLICE_X40Y93         LUT4 (Prop_lut4_I3_O)        0.326    16.807 r  uCPUTop/uIfetch/vga_fb_mem_reg_0_i_207/O
                         net (fo=40, routed)          1.907    18.713    uCPUTop/uIfetch/isAUIPC
    SLICE_X35Y88         LUT6 (Prop_lut6_I3_O)        0.124    18.837 r  uCPUTop/uIfetch/vga_fb_mem_reg_0_i_80/O
                         net (fo=25, routed)          3.483    22.320    uCPUTop/uIfetch/vga_fb_mem_reg_0_i_80_n_0
    SLICE_X57Y96         LUT4 (Prop_lut4_I0_O)        0.124    22.444 r  uCPUTop/uIfetch/vga_fb_mem_reg_0_i_427/O
                         net (fo=1, routed)           0.000    22.444    uCPUTop/uIfetch/vga_fb_mem_reg_0_i_427_n_0
    SLICE_X57Y96         CARRY4 (Prop_carry4_S[0]_O[1])
                                                      0.424    22.868 r  uCPUTop/uIfetch/vga_fb_mem_reg_0_i_414/O[1]
                         net (fo=1, routed)           0.820    23.689    uCPUTop/uRegFile/pcReg_reg[13][2]
    SLICE_X55Y96         LUT2 (Prop_lut2_I1_O)        0.303    23.992 r  uCPUTop/uRegFile/vga_fb_mem_reg_0_i_394/O
                         net (fo=1, routed)           0.000    23.992    uCPUTop/uIfetch/S[0]
    SLICE_X55Y96         CARRY4 (Prop_carry4_S[1]_O[2])
                                                      0.580    24.572 r  uCPUTop/uIfetch/vga_fb_mem_reg_0_i_370/O[2]
                         net (fo=2, routed)           0.992    25.564    uCPUTop/uRegFile/pcReg_reg[10][1]
    SLICE_X52Y97         LUT2 (Prop_lut2_I0_O)        0.302    25.866 r  uCPUTop/uRegFile/vga_fb_mem_reg_0_i_372/O
                         net (fo=1, routed)           0.000    25.866    uCPUTop/uIfetch/pcReg_reg[6]_0[1]
    SLICE_X52Y97         CARRY4 (Prop_carry4_S[2]_CO[3])
                                                      0.380    26.246 r  uCPUTop/uIfetch/vga_fb_mem_reg_0_i_299/CO[3]
                         net (fo=1, routed)           0.000    26.246    uCPUTop/uIfetch/vga_fb_mem_reg_0_i_299_n_0
    SLICE_X52Y98         CARRY4 (Prop_carry4_CI_CO[0])
                                                      0.254    26.500 r  uCPUTop/uIfetch/vga_fb_mem_reg_0_i_263/CO[0]
                         net (fo=2, routed)           0.819    27.319    uCPUTop/uDataMemory/CO[0]
    SLICE_X53Y96         LUT2 (Prop_lut2_I0_O)        0.367    27.686 r  uCPUTop/uDataMemory/vga_fb_mem_reg_0_i_264/O
                         net (fo=1, routed)           0.000    27.686    uCPUTop/uIfetch/pcReg_reg[14]_1[0]
    SLICE_X53Y96         CARRY4 (Prop_carry4_S[0]_O[0])
                                                      0.247    27.933 r  uCPUTop/uIfetch/vga_fb_mem_reg_0_i_102/O[0]
                         net (fo=1, routed)           0.602    28.535    uCPUTop/uIfetch/uALU/data10[4]
    SLICE_X58Y97         LUT4 (Prop_lut4_I3_O)        0.299    28.834 r  uCPUTop/uIfetch/vga_fb_mem_reg_0_i_107/O
                         net (fo=1, routed)           0.788    29.622    uCPUTop/uIfetch/vga_fb_mem_reg_0_i_107_n_0
    SLICE_X55Y97         LUT6 (Prop_lut6_I0_O)        0.124    29.746 r  uCPUTop/uIfetch/vga_fb_mem_reg_0_i_34/O
                         net (fo=1, routed)           0.000    29.746    uCPUTop/uIfetch/vga_fb_mem_reg_0_i_34_n_0
    SLICE_X55Y97         MUXF7 (Prop_muxf7_I1_O)      0.217    29.963 r  uCPUTop/uIfetch/vga_fb_mem_reg_0_i_5/O
                         net (fo=4, routed)           2.058    32.021    uCPUTop/uDataMemory/ALUResult[3]
    SLICE_X44Y75         LUT3 (Prop_lut3_I2_O)        0.299    32.320 r  uCPUTop/uDataMemory/mem_reg_0_i_13/O
                         net (fo=16, routed)          3.679    35.998    uCPUTop/uDataMemory/p_0_in[2]
    RAMB36_X1Y26         RAMB36E1                                     r  uCPUTop/uDataMemory/mem_reg_15/ADDRARDADDR[3]
  -------------------------------------------------------------------    -------------------

                         (clock cpu_clk fall edge)   40.000    40.000 r  
    P17                                               0.000    40.000 r  clk (IN)
                         net (fo=0)                   0.000    40.000    clk
    P17                  IBUF (Prop_ibuf_I_O)         1.408    41.408 r  clk_IBUF_inst/O
                         net (fo=1, routed)           1.868    43.276    clk_IBUF
    BUFGCTRL_X0Y1        BUFG (Prop_bufg_I_O)         0.091    43.367 r  clk_IBUF_BUFG_inst/O
                         net (fo=340, routed)         1.445    44.812    clk_IBUF_BUFG
    SLICE_X36Y46         FDCE (Prop_fdce_C_Q)         0.337    45.149 f  clk_div_reg[2]/Q
                         net (fo=2, routed)           0.653    45.803    clk_12_5mhz
    BUFGCTRL_X0Y0        BUFG (Prop_bufg_I_O)         0.232    46.035 f  BUFG_cpu_clk/O
                         net (fo=3762, routed)        1.648    47.682    uCPUTop/uDataMemory/clk_div_reg[2]
    RAMB36_X1Y26         RAMB36E1                                     r  uCPUTop/uDataMemory/mem_reg_15/CLKARDCLK  (IS_INVERTED)
                         clock pessimism              0.509    48.191    
                         clock uncertainty           -0.035    48.156    
    RAMB36_X1Y26         RAMB36E1 (Setup_ramb36e1_CLKARDCLK_ADDRARDADDR[3])
                                                     -0.566    47.590    uCPUTop/uDataMemory/mem_reg_15
  -------------------------------------------------------------------
                         required time                         47.590    
                         arrival time                         -35.998    
  -------------------------------------------------------------------
                         slack                                 11.591    

Slack (MET) :             11.797ns  (required time - arrival time)
  Source:                 uCPUTop/uIfetch/inst_dbg_en_sync_reg/C
                            (rising edge-triggered cell FDCE clocked by cpu_clk  {rise@0.000ns fall@40.000ns period=80.000ns})
  Destination:            uCPUTop/uDataMemory/mem_reg_12/ADDRARDADDR[4]
                            (falling edge-triggered cell RAMB36E1 clocked by cpu_clk  {rise@0.000ns fall@40.000ns period=80.000ns})
  Path Group:             cpu_clk
  Path Type:              Setup (Max at Slow Process Corner)
  Requirement:            40.000ns  (cpu_clk fall@40.000ns - cpu_clk rise@0.000ns)
  Data Path Delay:        27.713ns  (logic 6.496ns (23.439%)  route 21.217ns (76.561%))
  Logic Levels:           21  (CARRY4=5 LUT2=3 LUT3=2 LUT4=3 LUT6=3 MUXF7=3 MUXF8=1 RAMS64E=1)
  Clock Path Skew:        0.112ns (DCD - SCD + CPR)
    Destination Clock Delay (DCD):    7.689ns = ( 47.689 - 40.000 ) 
    Source Clock Delay      (SCD):    8.087ns
    Clock Pessimism Removal (CPR):    0.509ns
  Clock Uncertainty:      0.035ns  ((TSJ^2 + TIJ^2)^1/2 + DJ) / 2 + PE
    Total System Jitter     (TSJ):    0.071ns
    Total Input Jitter      (TIJ):    0.000ns
    Discrete Jitter          (DJ):    0.000ns
    Phase Error              (PE):    0.000ns

    Location             Delay type                Incr(ns)  Path(ns)    Netlist Resource(s)
  -------------------------------------------------------------------    -------------------
                         (clock cpu_clk rise edge)    0.000     0.000 r  
    P17                                               0.000     0.000 r  clk (IN)
                         net (fo=0)                   0.000     0.000    clk
    P17                  IBUF (Prop_ibuf_I_O)         1.478     1.478 r  clk_IBUF_inst/O
                         net (fo=1, routed)           1.972     3.450    clk_IBUF
    BUFGCTRL_X0Y1        BUFG (Prop_bufg_I_O)         0.096     3.546 r  clk_IBUF_BUFG_inst/O
                         net (fo=340, routed)         1.565     5.111    clk_IBUF_BUFG
    SLICE_X36Y46         FDCE (Prop_fdce_C_Q)         0.419     5.530 r  clk_div_reg[2]/Q
                         net (fo=2, routed)           0.735     6.266    clk_12_5mhz
    BUFGCTRL_X0Y0        BUFG (Prop_bufg_I_O)         0.271     6.537 r  BUFG_cpu_clk/O
                         net (fo=3762, routed)        1.550     8.087    uCPUTop/uIfetch/clk
    SLICE_X45Y85         FDCE                                         r  uCPUTop/uIfetch/inst_dbg_en_sync_reg/C
  -------------------------------------------------------------------    -------------------
    SLICE_X45Y85         FDCE (Prop_fdce_C_Q)         0.456     8.543 r  uCPUTop/uIfetch/inst_dbg_en_sync_reg/Q
                         net (fo=79, routed)          1.198     9.740    uCPUTop/uIfetch/inst_dbg_en_sync
    SLICE_X47Y74         LUT3 (Prop_lut3_I1_O)        0.124     9.864 r  uCPUTop/uIfetch/mem_reg_1536_1791_1_1_i_5/O
                         net (fo=168, routed)         1.326    11.190    uCPUTop/uIfetch/mem_reg_512_767_2_2/A3
    SLICE_X46Y64         RAMS64E (Prop_rams64e_ADR3_O)
                                                      0.246    11.437 r  uCPUTop/uIfetch/mem_reg_512_767_2_2/RAMS64E_A/O
                         net (fo=1, routed)           0.000    11.437    uCPUTop/uIfetch/mem_reg_512_767_2_2/OA
    SLICE_X46Y64         MUXF7 (Prop_muxf7_I1_O)      0.214    11.651 r  uCPUTop/uIfetch/mem_reg_512_767_2_2/F7.A/O
                         net (fo=1, routed)           0.000    11.651    uCPUTop/uIfetch/mem_reg_512_767_2_2/O1
    SLICE_X46Y64         MUXF8 (Prop_muxf8_I1_O)      0.088    11.739 r  uCPUTop/uIfetch/mem_reg_512_767_2_2/F8/O
                         net (fo=1, routed)           0.990    12.729    uCPUTop/uIfetch/mem_reg_512_767_2_2_n_0
    SLICE_X45Y69         LUT6 (Prop_lut6_I1_O)        0.319    13.048 r  uCPUTop/uIfetch/pcReg[31]_i_44/O
                         net (fo=1, routed)           0.000    13.048    uCPUTop/uIfetch/pcReg[31]_i_44_n_0
    SLICE_X45Y69         MUXF7 (Prop_muxf7_I0_O)      0.238    13.286 r  uCPUTop/uIfetch/pcReg_reg[31]_i_22/O
                         net (fo=31, routed)          2.416    15.701    uCPUTop/uIfetch/single_inst_rd[2]
    SLICE_X40Y93         LUT4 (Prop_lut4_I3_O)        0.324    16.025 f  uCPUTop/uIfetch/vga_fb_mem_reg_0_i_309/O
                         net (fo=2, routed)           0.455    16.481    uCPUTop/uIfetch/vga_fb_mem_reg_0_i_309_n_0
    SLICE_X40Y93         LUT4 (Prop_lut4_I3_O)        0.326    16.807 r  uCPUTop/uIfetch/vga_fb_mem_reg_0_i_207/O
                         net (fo=40, routed)          1.907    18.713    uCPUTop/uIfetch/isAUIPC
    SLICE_X35Y88         LUT6 (Prop_lut6_I3_O)        0.124    18.837 r  uCPUTop/uIfetch/vga_fb_mem_reg_0_i_80/O
                         net (fo=25, routed)          3.483    22.320    uCPUTop/uIfetch/vga_fb_mem_reg_0_i_80_n_0
    SLICE_X57Y96         LUT4 (Prop_lut4_I0_O)        0.124    22.444 r  uCPUTop/uIfetch/vga_fb_mem_reg_0_i_427/O
                         net (fo=1, routed)           0.000    22.444    uCPUTop/uIfetch/vga_fb_mem_reg_0_i_427_n_0
    SLICE_X57Y96         CARRY4 (Prop_carry4_S[0]_O[1])
                                                      0.424    22.868 r  uCPUTop/uIfetch/vga_fb_mem_reg_0_i_414/O[1]
                         net (fo=1, routed)           0.820    23.689    uCPUTop/uRegFile/pcReg_reg[13][2]
    SLICE_X55Y96         LUT2 (Prop_lut2_I1_O)        0.303    23.992 r  uCPUTop/uRegFile/vga_fb_mem_reg_0_i_394/O
                         net (fo=1, routed)           0.000    23.992    uCPUTop/uIfetch/S[0]
    SLICE_X55Y96         CARRY4 (Prop_carry4_S[1]_O[2])
                                                      0.580    24.572 r  uCPUTop/uIfetch/vga_fb_mem_reg_0_i_370/O[2]
                         net (fo=2, routed)           0.992    25.564    uCPUTop/uRegFile/pcReg_reg[10][1]
    SLICE_X52Y97         LUT2 (Prop_lut2_I0_O)        0.302    25.866 r  uCPUTop/uRegFile/vga_fb_mem_reg_0_i_372/O
                         net (fo=1, routed)           0.000    25.866    uCPUTop/uIfetch/pcReg_reg[6]_0[1]
    SLICE_X52Y97         CARRY4 (Prop_carry4_S[2]_CO[3])
                                                      0.380    26.246 r  uCPUTop/uIfetch/vga_fb_mem_reg_0_i_299/CO[3]
                         net (fo=1, routed)           0.000    26.246    uCPUTop/uIfetch/vga_fb_mem_reg_0_i_299_n_0
    SLICE_X52Y98         CARRY4 (Prop_carry4_CI_CO[0])
                                                      0.254    26.500 r  uCPUTop/uIfetch/vga_fb_mem_reg_0_i_263/CO[0]
                         net (fo=2, routed)           0.819    27.319    uCPUTop/uDataMemory/CO[0]
    SLICE_X53Y96         LUT2 (Prop_lut2_I0_O)        0.367    27.686 r  uCPUTop/uDataMemory/vga_fb_mem_reg_0_i_264/O
                         net (fo=1, routed)           0.000    27.686    uCPUTop/uIfetch/pcReg_reg[14]_1[0]
    SLICE_X53Y96         CARRY4 (Prop_carry4_S[0]_CO[1])
                                                      0.457    28.143 r  uCPUTop/uIfetch/vga_fb_mem_reg_0_i_102/CO[1]
                         net (fo=1, routed)           0.595    28.738    uCPUTop/uIfetch/uALU/data10[5]
    SLICE_X53Y97         LUT6 (Prop_lut6_I1_O)        0.329    29.067 r  uCPUTop/uIfetch/vga_fb_mem_reg_0_i_32/O
                         net (fo=1, routed)           0.000    29.067    uCPUTop/uIfetch/vga_fb_mem_reg_0_i_32_n_0
    SLICE_X53Y97         MUXF7 (Prop_muxf7_I1_O)      0.217    29.284 r  uCPUTop/uIfetch/vga_fb_mem_reg_0_i_4/O
                         net (fo=4, routed)           1.571    30.855    uCPUTop/uDataMemory/ALUResult[4]
    SLICE_X44Y74         LUT3 (Prop_lut3_I2_O)        0.299    31.154 r  uCPUTop/uDataMemory/mem_reg_0_i_12/O
                         net (fo=16, routed)          4.645    35.800    uCPUTop/uDataMemory/p_0_in[3]
    RAMB36_X1Y28         RAMB36E1                                     r  uCPUTop/uDataMemory/mem_reg_12/ADDRARDADDR[4]
  -------------------------------------------------------------------    -------------------

                         (clock cpu_clk fall edge)   40.000    40.000 r  
    P17                                               0.000    40.000 r  clk (IN)
                         net (fo=0)                   0.000    40.000    clk
    P17                  IBUF (Prop_ibuf_I_O)         1.408    41.408 r  clk_IBUF_inst/O
                         net (fo=1, routed)           1.868    43.276    clk_IBUF
    BUFGCTRL_X0Y1        BUFG (Prop_bufg_I_O)         0.091    43.367 r  clk_IBUF_BUFG_inst/O
                         net (fo=340, routed)         1.445    44.812    clk_IBUF_BUFG
    SLICE_X36Y46         FDCE (Prop_fdce_C_Q)         0.337    45.149 f  clk_div_reg[2]/Q
                         net (fo=2, routed)           0.653    45.803    clk_12_5mhz
    BUFGCTRL_X0Y0        BUFG (Prop_bufg_I_O)         0.232    46.035 f  BUFG_cpu_clk/O
                         net (fo=3762, routed)        1.655    47.689    uCPUTop/uDataMemory/clk_div_reg[2]
    RAMB36_X1Y28         RAMB36E1                                     r  uCPUTop/uDataMemory/mem_reg_12/CLKARDCLK  (IS_INVERTED)
                         clock pessimism              0.509    48.198    
                         clock uncertainty           -0.035    48.163    
    RAMB36_X1Y28         RAMB36E1 (Setup_ramb36e1_CLKARDCLK_ADDRARDADDR[4])
                                                     -0.566    47.597    uCPUTop/uDataMemory/mem_reg_12
  -------------------------------------------------------------------
                         required time                         47.597    
                         arrival time                         -35.800    
  -------------------------------------------------------------------
                         slack                                 11.797    

Slack (MET) :             11.968ns  (required time - arrival time)
  Source:                 uCPUTop/uIfetch/inst_dbg_en_sync_reg/C
                            (rising edge-triggered cell FDCE clocked by cpu_clk  {rise@0.000ns fall@40.000ns period=80.000ns})
  Destination:            uCPUTop/uDataMemory/mem_reg_10/ADDRARDADDR[3]
                            (falling edge-triggered cell RAMB36E1 clocked by cpu_clk  {rise@0.000ns fall@40.000ns period=80.000ns})
  Path Group:             cpu_clk
  Path Type:              Setup (Max at Slow Process Corner)
  Requirement:            40.000ns  (cpu_clk fall@40.000ns - cpu_clk rise@0.000ns)
  Data Path Delay:        27.536ns  (logic 6.380ns (23.168%)  route 21.156ns (76.832%))
  Logic Levels:           22  (CARRY4=5 LUT2=3 LUT3=2 LUT4=4 LUT6=3 MUXF7=3 MUXF8=1 RAMS64E=1)
  Clock Path Skew:        0.105ns (DCD - SCD + CPR)
    Destination Clock Delay (DCD):    7.682ns = ( 47.682 - 40.000 ) 
    Source Clock Delay      (SCD):    8.087ns
    Clock Pessimism Removal (CPR):    0.509ns
  Clock Uncertainty:      0.035ns  ((TSJ^2 + TIJ^2)^1/2 + DJ) / 2 + PE
    Total System Jitter     (TSJ):    0.071ns
    Total Input Jitter      (TIJ):    0.000ns
    Discrete Jitter          (DJ):    0.000ns
    Phase Error              (PE):    0.000ns

    Location             Delay type                Incr(ns)  Path(ns)    Netlist Resource(s)
  -------------------------------------------------------------------    -------------------
                         (clock cpu_clk rise edge)    0.000     0.000 r  
    P17                                               0.000     0.000 r  clk (IN)
                         net (fo=0)                   0.000     0.000    clk
    P17                  IBUF (Prop_ibuf_I_O)         1.478     1.478 r  clk_IBUF_inst/O
                         net (fo=1, routed)           1.972     3.450    clk_IBUF
    BUFGCTRL_X0Y1        BUFG (Prop_bufg_I_O)         0.096     3.546 r  clk_IBUF_BUFG_inst/O
                         net (fo=340, routed)         1.565     5.111    clk_IBUF_BUFG
    SLICE_X36Y46         FDCE (Prop_fdce_C_Q)         0.419     5.530 r  clk_div_reg[2]/Q
                         net (fo=2, routed)           0.735     6.266    clk_12_5mhz
    BUFGCTRL_X0Y0        BUFG (Prop_bufg_I_O)         0.271     6.537 r  BUFG_cpu_clk/O
                         net (fo=3762, routed)        1.550     8.087    uCPUTop/uIfetch/clk
    SLICE_X45Y85         FDCE                                         r  uCPUTop/uIfetch/inst_dbg_en_sync_reg/C
  -------------------------------------------------------------------    -------------------
    SLICE_X45Y85         FDCE (Prop_fdce_C_Q)         0.456     8.543 r  uCPUTop/uIfetch/inst_dbg_en_sync_reg/Q
                         net (fo=79, routed)          1.198     9.740    uCPUTop/uIfetch/inst_dbg_en_sync
    SLICE_X47Y74         LUT3 (Prop_lut3_I1_O)        0.124     9.864 r  uCPUTop/uIfetch/mem_reg_1536_1791_1_1_i_5/O
                         net (fo=168, routed)         1.326    11.190    uCPUTop/uIfetch/mem_reg_512_767_2_2/A3
    SLICE_X46Y64         RAMS64E (Prop_rams64e_ADR3_O)
                                                      0.246    11.437 r  uCPUTop/uIfetch/mem_reg_512_767_2_2/RAMS64E_A/O
                         net (fo=1, routed)           0.000    11.437    uCPUTop/uIfetch/mem_reg_512_767_2_2/OA
    SLICE_X46Y64         MUXF7 (Prop_muxf7_I1_O)      0.214    11.651 r  uCPUTop/uIfetch/mem_reg_512_767_2_2/F7.A/O
                         net (fo=1, routed)           0.000    11.651    uCPUTop/uIfetch/mem_reg_512_767_2_2/O1
    SLICE_X46Y64         MUXF8 (Prop_muxf8_I1_O)      0.088    11.739 r  uCPUTop/uIfetch/mem_reg_512_767_2_2/F8/O
                         net (fo=1, routed)           0.990    12.729    uCPUTop/uIfetch/mem_reg_512_767_2_2_n_0
    SLICE_X45Y69         LUT6 (Prop_lut6_I1_O)        0.319    13.048 r  uCPUTop/uIfetch/pcReg[31]_i_44/O
                         net (fo=1, routed)           0.000    13.048    uCPUTop/uIfetch/pcReg[31]_i_44_n_0
    SLICE_X45Y69         MUXF7 (Prop_muxf7_I0_O)      0.238    13.286 r  uCPUTop/uIfetch/pcReg_reg[31]_i_22/O
                         net (fo=31, routed)          2.416    15.701    uCPUTop/uIfetch/single_inst_rd[2]
    SLICE_X40Y93         LUT4 (Prop_lut4_I3_O)        0.324    16.025 f  uCPUTop/uIfetch/vga_fb_mem_reg_0_i_309/O
                         net (fo=2, routed)           0.455    16.481    uCPUTop/uIfetch/vga_fb_mem_reg_0_i_309_n_0
    SLICE_X40Y93         LUT4 (Prop_lut4_I3_O)        0.326    16.807 r  uCPUTop/uIfetch/vga_fb_mem_reg_0_i_207/O
                         net (fo=40, routed)          1.907    18.713    uCPUTop/uIfetch/isAUIPC
    SLICE_X35Y88         LUT6 (Prop_lut6_I3_O)        0.124    18.837 r  uCPUTop/uIfetch/vga_fb_mem_reg_0_i_80/O
                         net (fo=25, routed)          3.483    22.320    uCPUTop/uIfetch/vga_fb_mem_reg_0_i_80_n_0
    SLICE_X57Y96         LUT4 (Prop_lut4_I0_O)        0.124    22.444 r  uCPUTop/uIfetch/vga_fb_mem_reg_0_i_427/O
                         net (fo=1, routed)           0.000    22.444    uCPUTop/uIfetch/vga_fb_mem_reg_0_i_427_n_0
    SLICE_X57Y96         CARRY4 (Prop_carry4_S[0]_O[1])
                                                      0.424    22.868 r  uCPUTop/uIfetch/vga_fb_mem_reg_0_i_414/O[1]
                         net (fo=1, routed)           0.820    23.689    uCPUTop/uRegFile/pcReg_reg[13][2]
    SLICE_X55Y96         LUT2 (Prop_lut2_I1_O)        0.303    23.992 r  uCPUTop/uRegFile/vga_fb_mem_reg_0_i_394/O
                         net (fo=1, routed)           0.000    23.992    uCPUTop/uIfetch/S[0]
    SLICE_X55Y96         CARRY4 (Prop_carry4_S[1]_O[2])
                                                      0.580    24.572 r  uCPUTop/uIfetch/vga_fb_mem_reg_0_i_370/O[2]
                         net (fo=2, routed)           0.992    25.564    uCPUTop/uRegFile/pcReg_reg[10][1]
    SLICE_X52Y97         LUT2 (Prop_lut2_I0_O)        0.302    25.866 r  uCPUTop/uRegFile/vga_fb_mem_reg_0_i_372/O
                         net (fo=1, routed)           0.000    25.866    uCPUTop/uIfetch/pcReg_reg[6]_0[1]
    SLICE_X52Y97         CARRY4 (Prop_carry4_S[2]_CO[3])
                                                      0.380    26.246 r  uCPUTop/uIfetch/vga_fb_mem_reg_0_i_299/CO[3]
                         net (fo=1, routed)           0.000    26.246    uCPUTop/uIfetch/vga_fb_mem_reg_0_i_299_n_0
    SLICE_X52Y98         CARRY4 (Prop_carry4_CI_CO[0])
                                                      0.254    26.500 r  uCPUTop/uIfetch/vga_fb_mem_reg_0_i_263/CO[0]
                         net (fo=2, routed)           0.819    27.319    uCPUTop/uDataMemory/CO[0]
    SLICE_X53Y96         LUT2 (Prop_lut2_I0_O)        0.367    27.686 r  uCPUTop/uDataMemory/vga_fb_mem_reg_0_i_264/O
                         net (fo=1, routed)           0.000    27.686    uCPUTop/uIfetch/pcReg_reg[14]_1[0]
    SLICE_X53Y96         CARRY4 (Prop_carry4_S[0]_O[0])
                                                      0.247    27.933 r  uCPUTop/uIfetch/vga_fb_mem_reg_0_i_102/O[0]
                         net (fo=1, routed)           0.602    28.535    uCPUTop/uIfetch/uALU/data10[4]
    SLICE_X58Y97         LUT4 (Prop_lut4_I3_O)        0.299    28.834 r  uCPUTop/uIfetch/vga_fb_mem_reg_0_i_107/O
                         net (fo=1, routed)           0.788    29.622    uCPUTop/uIfetch/vga_fb_mem_reg_0_i_107_n_0
    SLICE_X55Y97         LUT6 (Prop_lut6_I0_O)        0.124    29.746 r  uCPUTop/uIfetch/vga_fb_mem_reg_0_i_34/O
                         net (fo=1, routed)           0.000    29.746    uCPUTop/uIfetch/vga_fb_mem_reg_0_i_34_n_0
    SLICE_X55Y97         MUXF7 (Prop_muxf7_I1_O)      0.217    29.963 r  uCPUTop/uIfetch/vga_fb_mem_reg_0_i_5/O
                         net (fo=4, routed)           2.058    32.021    uCPUTop/uDataMemory/ALUResult[3]
    SLICE_X44Y75         LUT3 (Prop_lut3_I2_O)        0.299    32.320 r  uCPUTop/uDataMemory/mem_reg_0_i_13/O
                         net (fo=16, routed)          3.303    35.622    uCPUTop/uDataMemory/p_0_in[2]
    RAMB36_X0Y23         RAMB36E1                                     r  uCPUTop/uDataMemory/mem_reg_10/ADDRARDADDR[3]
  -------------------------------------------------------------------    -------------------

                         (clock cpu_clk fall edge)   40.000    40.000 r  
    P17                                               0.000    40.000 r  clk (IN)
                         net (fo=0)                   0.000    40.000    clk
    P17                  IBUF (Prop_ibuf_I_O)         1.408    41.408 r  clk_IBUF_inst/O
                         net (fo=1, routed)           1.868    43.276    clk_IBUF
    BUFGCTRL_X0Y1        BUFG (Prop_bufg_I_O)         0.091    43.367 r  clk_IBUF_BUFG_inst/O
                         net (fo=340, routed)         1.445    44.812    clk_IBUF_BUFG
    SLICE_X36Y46         FDCE (Prop_fdce_C_Q)         0.337    45.149 f  clk_div_reg[2]/Q
                         net (fo=2, routed)           0.653    45.803    clk_12_5mhz
    BUFGCTRL_X0Y0        BUFG (Prop_bufg_I_O)         0.232    46.035 f  BUFG_cpu_clk/O
                         net (fo=3762, routed)        1.648    47.682    uCPUTop/uDataMemory/clk_div_reg[2]
    RAMB36_X0Y23         RAMB36E1                                     r  uCPUTop/uDataMemory/mem_reg_10/CLKARDCLK  (IS_INVERTED)
                         clock pessimism              0.509    48.191    
                         clock uncertainty           -0.035    48.156    
    RAMB36_X0Y23         RAMB36E1 (Setup_ramb36e1_CLKARDCLK_ADDRARDADDR[3])
                                                     -0.566    47.590    uCPUTop/uDataMemory/mem_reg_10
  -------------------------------------------------------------------
                         required time                         47.590    
                         arrival time                         -35.622    
  -------------------------------------------------------------------
                         slack                                 11.968    

Slack (MET) :             11.988ns  (required time - arrival time)
  Source:                 uCPUTop/uIfetch/inst_dbg_en_sync_reg/C
                            (rising edge-triggered cell FDCE clocked by cpu_clk  {rise@0.000ns fall@40.000ns period=80.000ns})
  Destination:            uCPUTop/uDataMemory/mem_reg_12/ADDRARDADDR[1]
                            (falling edge-triggered cell RAMB36E1 clocked by cpu_clk  {rise@0.000ns fall@40.000ns period=80.000ns})
  Path Group:             cpu_clk
  Path Type:              Setup (Max at Slow Process Corner)
  Requirement:            40.000ns  (cpu_clk fall@40.000ns - cpu_clk rise@0.000ns)
  Data Path Delay:        27.522ns  (logic 5.934ns (21.559%)  route 21.589ns (78.441%))
  Logic Levels:           21  (CARRY4=4 LUT2=3 LUT3=2 LUT4=4 LUT6=3 MUXF7=3 MUXF8=1 RAMS64E=1)
  Clock Path Skew:        0.112ns (DCD - SCD + CPR)
    Destination Clock Delay (DCD):    7.689ns = ( 47.689 - 40.000 ) 
    Source Clock Delay      (SCD):    8.087ns
    Clock Pessimism Removal (CPR):    0.509ns
  Clock Uncertainty:      0.035ns  ((TSJ^2 + TIJ^2)^1/2 + DJ) / 2 + PE
    Total System Jitter     (TSJ):    0.071ns
    Total Input Jitter      (TIJ):    0.000ns
    Discrete Jitter          (DJ):    0.000ns
    Phase Error              (PE):    0.000ns

    Location             Delay type                Incr(ns)  Path(ns)    Netlist Resource(s)
  -------------------------------------------------------------------    -------------------
                         (clock cpu_clk rise edge)    0.000     0.000 r  
    P17                                               0.000     0.000 r  clk (IN)
                         net (fo=0)                   0.000     0.000    clk
    P17                  IBUF (Prop_ibuf_I_O)         1.478     1.478 r  clk_IBUF_inst/O
                         net (fo=1, routed)           1.972     3.450    clk_IBUF
    BUFGCTRL_X0Y1        BUFG (Prop_bufg_I_O)         0.096     3.546 r  clk_IBUF_BUFG_inst/O
                         net (fo=340, routed)         1.565     5.111    clk_IBUF_BUFG
    SLICE_X36Y46         FDCE (Prop_fdce_C_Q)         0.419     5.530 r  clk_div_reg[2]/Q
                         net (fo=2, routed)           0.735     6.266    clk_12_5mhz
    BUFGCTRL_X0Y0        BUFG (Prop_bufg_I_O)         0.271     6.537 r  BUFG_cpu_clk/O
                         net (fo=3762, routed)        1.550     8.087    uCPUTop/uIfetch/clk
    SLICE_X45Y85         FDCE                                         r  uCPUTop/uIfetch/inst_dbg_en_sync_reg/C
  -------------------------------------------------------------------    -------------------
    SLICE_X45Y85         FDCE (Prop_fdce_C_Q)         0.456     8.543 r  uCPUTop/uIfetch/inst_dbg_en_sync_reg/Q
                         net (fo=79, routed)          1.198     9.740    uCPUTop/uIfetch/inst_dbg_en_sync
    SLICE_X47Y74         LUT3 (Prop_lut3_I1_O)        0.124     9.864 r  uCPUTop/uIfetch/mem_reg_1536_1791_1_1_i_5/O
                         net (fo=168, routed)         1.326    11.190    uCPUTop/uIfetch/mem_reg_512_767_2_2/A3
    SLICE_X46Y64         RAMS64E (Prop_rams64e_ADR3_O)
                                                      0.246    11.437 r  uCPUTop/uIfetch/mem_reg_512_767_2_2/RAMS64E_A/O
                         net (fo=1, routed)           0.000    11.437    uCPUTop/uIfetch/mem_reg_512_767_2_2/OA
    SLICE_X46Y64         MUXF7 (Prop_muxf7_I1_O)      0.214    11.651 r  uCPUTop/uIfetch/mem_reg_512_767_2_2/F7.A/O
                         net (fo=1, routed)           0.000    11.651    uCPUTop/uIfetch/mem_reg_512_767_2_2/O1
    SLICE_X46Y64         MUXF8 (Prop_muxf8_I1_O)      0.088    11.739 r  uCPUTop/uIfetch/mem_reg_512_767_2_2/F8/O
                         net (fo=1, routed)           0.990    12.729    uCPUTop/uIfetch/mem_reg_512_767_2_2_n_0
    SLICE_X45Y69         LUT6 (Prop_lut6_I1_O)        0.319    13.048 r  uCPUTop/uIfetch/pcReg[31]_i_44/O
                         net (fo=1, routed)           0.000    13.048    uCPUTop/uIfetch/pcReg[31]_i_44_n_0
    SLICE_X45Y69         MUXF7 (Prop_muxf7_I0_O)      0.238    13.286 r  uCPUTop/uIfetch/pcReg_reg[31]_i_22/O
                         net (fo=31, routed)          2.416    15.701    uCPUTop/uIfetch/single_inst_rd[2]
    SLICE_X40Y93         LUT4 (Prop_lut4_I3_O)        0.324    16.025 f  uCPUTop/uIfetch/vga_fb_mem_reg_0_i_309/O
                         net (fo=2, routed)           0.455    16.481    uCPUTop/uIfetch/vga_fb_mem_reg_0_i_309_n_0
    SLICE_X40Y93         LUT4 (Prop_lut4_I3_O)        0.326    16.807 r  uCPUTop/uIfetch/vga_fb_mem_reg_0_i_207/O
                         net (fo=40, routed)          1.907    18.713    uCPUTop/uIfetch/isAUIPC
    SLICE_X35Y88         LUT6 (Prop_lut6_I3_O)        0.124    18.837 r  uCPUTop/uIfetch/vga_fb_mem_reg_0_i_80/O
                         net (fo=25, routed)          3.483    22.320    uCPUTop/uIfetch/vga_fb_mem_reg_0_i_80_n_0
    SLICE_X57Y96         LUT4 (Prop_lut4_I0_O)        0.124    22.444 r  uCPUTop/uIfetch/vga_fb_mem_reg_0_i_427/O
                         net (fo=1, routed)           0.000    22.444    uCPUTop/uIfetch/vga_fb_mem_reg_0_i_427_n_0
    SLICE_X57Y96         CARRY4 (Prop_carry4_S[0]_O[1])
                                                      0.424    22.868 r  uCPUTop/uIfetch/vga_fb_mem_reg_0_i_414/O[1]
                         net (fo=1, routed)           0.820    23.689    uCPUTop/uRegFile/pcReg_reg[13][2]
    SLICE_X55Y96         LUT2 (Prop_lut2_I1_O)        0.303    23.992 r  uCPUTop/uRegFile/vga_fb_mem_reg_0_i_394/O
                         net (fo=1, routed)           0.000    23.992    uCPUTop/uIfetch/S[0]
    SLICE_X55Y96         CARRY4 (Prop_carry4_S[1]_O[2])
                                                      0.580    24.572 r  uCPUTop/uIfetch/vga_fb_mem_reg_0_i_370/O[2]
                         net (fo=2, routed)           0.992    25.564    uCPUTop/uRegFile/pcReg_reg[10][1]
    SLICE_X52Y97         LUT2 (Prop_lut2_I0_O)        0.302    25.866 r  uCPUTop/uRegFile/vga_fb_mem_reg_0_i_372/O
                         net (fo=1, routed)           0.000    25.866    uCPUTop/uIfetch/pcReg_reg[6]_0[1]
    SLICE_X52Y97         CARRY4 (Prop_carry4_S[2]_O[2])
                                                      0.250    26.116 r  uCPUTop/uIfetch/vga_fb_mem_reg_0_i_299/O[2]
                         net (fo=2, routed)           0.829    26.945    uCPUTop/uRegFile/O[1]
    SLICE_X53Y95         LUT2 (Prop_lut2_I0_O)        0.301    27.246 r  uCPUTop/uRegFile/vga_fb_mem_reg_0_i_301/O
                         net (fo=1, routed)           0.000    27.246    uCPUTop/uIfetch/pcReg_reg[14]_0[1]
    SLICE_X53Y95         CARRY4 (Prop_carry4_S[2]_O[2])
                                                      0.248    27.494 r  uCPUTop/uIfetch/vga_fb_mem_reg_0_i_123/O[2]
                         net (fo=1, routed)           0.292    27.786    uCPUTop/uIfetch/uALU/data10[2]
    SLICE_X51Y95         LUT4 (Prop_lut4_I3_O)        0.302    28.088 r  uCPUTop/uIfetch/vga_fb_mem_reg_0_i_117/O
                         net (fo=1, routed)           0.575    28.663    uCPUTop/uIfetch/vga_fb_mem_reg_0_i_117_n_0
    SLICE_X51Y95         LUT6 (Prop_lut6_I0_O)        0.124    28.787 r  uCPUTop/uIfetch/vga_fb_mem_reg_0_i_38/O
                         net (fo=17, routed)          0.000    28.787    uCPUTop/uIfetch/vga_fb_mem_reg_0_i_38_n_0
    SLICE_X51Y95         MUXF7 (Prop_muxf7_I1_O)      0.217    29.004 r  uCPUTop/uIfetch/vga_fb_mem_reg_0_i_7/O
                         net (fo=8, routed)           1.852    30.856    uCPUTop/uDataMemory/ALUResult[1]
    SLICE_X43Y72         LUT3 (Prop_lut3_I2_O)        0.299    31.155 r  uCPUTop/uDataMemory/mem_reg_0_i_15/O
                         net (fo=16, routed)          4.453    35.609    uCPUTop/uDataMemory/p_0_in[0]
    RAMB36_X1Y28         RAMB36E1                                     r  uCPUTop/uDataMemory/mem_reg_12/ADDRARDADDR[1]
  -------------------------------------------------------------------    -------------------

                         (clock cpu_clk fall edge)   40.000    40.000 r  
    P17                                               0.000    40.000 r  clk (IN)
                         net (fo=0)                   0.000    40.000    clk
    P17                  IBUF (Prop_ibuf_I_O)         1.408    41.408 r  clk_IBUF_inst/O
                         net (fo=1, routed)           1.868    43.276    clk_IBUF
    BUFGCTRL_X0Y1        BUFG (Prop_bufg_I_O)         0.091    43.367 r  clk_IBUF_BUFG_inst/O
                         net (fo=340, routed)         1.445    44.812    clk_IBUF_BUFG
    SLICE_X36Y46         FDCE (Prop_fdce_C_Q)         0.337    45.149 f  clk_div_reg[2]/Q
                         net (fo=2, routed)           0.653    45.803    clk_12_5mhz
    BUFGCTRL_X0Y0        BUFG (Prop_bufg_I_O)         0.232    46.035 f  BUFG_cpu_clk/O
                         net (fo=3762, routed)        1.655    47.689    uCPUTop/uDataMemory/clk_div_reg[2]
    RAMB36_X1Y28         RAMB36E1                                     r  uCPUTop/uDataMemory/mem_reg_12/CLKARDCLK  (IS_INVERTED)
                         clock pessimism              0.509    48.198    
                         clock uncertainty           -0.035    48.163    
    RAMB36_X1Y28         RAMB36E1 (Setup_ramb36e1_CLKARDCLK_ADDRARDADDR[1])
                                                     -0.566    47.597    uCPUTop/uDataMemory/mem_reg_12
  -------------------------------------------------------------------
                         required time                         47.597    
                         arrival time                         -35.609    
  -------------------------------------------------------------------
                         slack                                 11.988    

Slack (MET) :             12.039ns  (required time - arrival time)
  Source:                 uCPUTop/uIfetch/inst_dbg_en_sync_reg/C
                            (rising edge-triggered cell FDCE clocked by cpu_clk  {rise@0.000ns fall@40.000ns period=80.000ns})
  Destination:            uCPUTop/uDataMemory/mem_reg_12/ADDRARDADDR[2]
                            (falling edge-triggered cell RAMB36E1 clocked by cpu_clk  {rise@0.000ns fall@40.000ns period=80.000ns})
  Path Group:             cpu_clk
  Path Type:              Setup (Max at Slow Process Corner)
  Requirement:            40.000ns  (cpu_clk fall@40.000ns - cpu_clk rise@0.000ns)
  Data Path Delay:        27.471ns  (logic 6.042ns (21.992%)  route 21.429ns (78.008%))
  Logic Levels:           21  (CARRY4=4 LUT2=3 LUT3=2 LUT4=4 LUT6=3 MUXF7=3 MUXF8=1 RAMS64E=1)
  Clock Path Skew:        0.112ns (DCD - SCD + CPR)
    Destination Clock Delay (DCD):    7.689ns = ( 47.689 - 40.000 ) 
    Source Clock Delay      (SCD):    8.087ns
    Clock Pessimism Removal (CPR):    0.509ns
  Clock Uncertainty:      0.035ns  ((TSJ^2 + TIJ^2)^1/2 + DJ) / 2 + PE
    Total System Jitter     (TSJ):    0.071ns
    Total Input Jitter      (TIJ):    0.000ns
    Discrete Jitter          (DJ):    0.000ns
    Phase Error              (PE):    0.000ns

    Location             Delay type                Incr(ns)  Path(ns)    Netlist Resource(s)
  -------------------------------------------------------------------    -------------------
                         (clock cpu_clk rise edge)    0.000     0.000 r  
    P17                                               0.000     0.000 r  clk (IN)
                         net (fo=0)                   0.000     0.000    clk
    P17                  IBUF (Prop_ibuf_I_O)         1.478     1.478 r  clk_IBUF_inst/O
                         net (fo=1, routed)           1.972     3.450    clk_IBUF
    BUFGCTRL_X0Y1        BUFG (Prop_bufg_I_O)         0.096     3.546 r  clk_IBUF_BUFG_inst/O
                         net (fo=340, routed)         1.565     5.111    clk_IBUF_BUFG
    SLICE_X36Y46         FDCE (Prop_fdce_C_Q)         0.419     5.530 r  clk_div_reg[2]/Q
                         net (fo=2, routed)           0.735     6.266    clk_12_5mhz
    BUFGCTRL_X0Y0        BUFG (Prop_bufg_I_O)         0.271     6.537 r  BUFG_cpu_clk/O
                         net (fo=3762, routed)        1.550     8.087    uCPUTop/uIfetch/clk
    SLICE_X45Y85         FDCE                                         r  uCPUTop/uIfetch/inst_dbg_en_sync_reg/C
  -------------------------------------------------------------------    -------------------
    SLICE_X45Y85         FDCE (Prop_fdce_C_Q)         0.456     8.543 r  uCPUTop/uIfetch/inst_dbg_en_sync_reg/Q
                         net (fo=79, routed)          1.198     9.740    uCPUTop/uIfetch/inst_dbg_en_sync
    SLICE_X47Y74         LUT3 (Prop_lut3_I1_O)        0.124     9.864 r  uCPUTop/uIfetch/mem_reg_1536_1791_1_1_i_5/O
                         net (fo=168, routed)         1.326    11.190    uCPUTop/uIfetch/mem_reg_512_767_2_2/A3
    SLICE_X46Y64         RAMS64E (Prop_rams64e_ADR3_O)
                                                      0.246    11.437 r  uCPUTop/uIfetch/mem_reg_512_767_2_2/RAMS64E_A/O
                         net (fo=1, routed)           0.000    11.437    uCPUTop/uIfetch/mem_reg_512_767_2_2/OA
    SLICE_X46Y64         MUXF7 (Prop_muxf7_I1_O)      0.214    11.651 r  uCPUTop/uIfetch/mem_reg_512_767_2_2/F7.A/O
                         net (fo=1, routed)           0.000    11.651    uCPUTop/uIfetch/mem_reg_512_767_2_2/O1
    SLICE_X46Y64         MUXF8 (Prop_muxf8_I1_O)      0.088    11.739 r  uCPUTop/uIfetch/mem_reg_512_767_2_2/F8/O
                         net (fo=1, routed)           0.990    12.729    uCPUTop/uIfetch/mem_reg_512_767_2_2_n_0
    SLICE_X45Y69         LUT6 (Prop_lut6_I1_O)        0.319    13.048 r  uCPUTop/uIfetch/pcReg[31]_i_44/O
                         net (fo=1, routed)           0.000    13.048    uCPUTop/uIfetch/pcReg[31]_i_44_n_0
    SLICE_X45Y69         MUXF7 (Prop_muxf7_I0_O)      0.238    13.286 r  uCPUTop/uIfetch/pcReg_reg[31]_i_22/O
                         net (fo=31, routed)          2.416    15.701    uCPUTop/uIfetch/single_inst_rd[2]
    SLICE_X40Y93         LUT4 (Prop_lut4_I3_O)        0.324    16.025 f  uCPUTop/uIfetch/vga_fb_mem_reg_0_i_309/O
                         net (fo=2, routed)           0.455    16.481    uCPUTop/uIfetch/vga_fb_mem_reg_0_i_309_n_0
    SLICE_X40Y93         LUT4 (Prop_lut4_I3_O)        0.326    16.807 r  uCPUTop/uIfetch/vga_fb_mem_reg_0_i_207/O
                         net (fo=40, routed)          1.907    18.713    uCPUTop/uIfetch/isAUIPC
    SLICE_X35Y88         LUT6 (Prop_lut6_I3_O)        0.124    18.837 r  uCPUTop/uIfetch/vga_fb_mem_reg_0_i_80/O
                         net (fo=25, routed)          3.483    22.320    uCPUTop/uIfetch/vga_fb_mem_reg_0_i_80_n_0
    SLICE_X57Y96         LUT4 (Prop_lut4_I0_O)        0.124    22.444 r  uCPUTop/uIfetch/vga_fb_mem_reg_0_i_427/O
                         net (fo=1, routed)           0.000    22.444    uCPUTop/uIfetch/vga_fb_mem_reg_0_i_427_n_0
    SLICE_X57Y96         CARRY4 (Prop_carry4_S[0]_O[1])
                                                      0.424    22.868 r  uCPUTop/uIfetch/vga_fb_mem_reg_0_i_414/O[1]
                         net (fo=1, routed)           0.820    23.689    uCPUTop/uRegFile/pcReg_reg[13][2]
    SLICE_X55Y96         LUT2 (Prop_lut2_I1_O)        0.303    23.992 r  uCPUTop/uRegFile/vga_fb_mem_reg_0_i_394/O
                         net (fo=1, routed)           0.000    23.992    uCPUTop/uIfetch/S[0]
    SLICE_X55Y96         CARRY4 (Prop_carry4_S[1]_O[2])
                                                      0.580    24.572 r  uCPUTop/uIfetch/vga_fb_mem_reg_0_i_370/O[2]
                         net (fo=2, routed)           0.992    25.564    uCPUTop/uRegFile/pcReg_reg[10][1]
    SLICE_X52Y97         LUT2 (Prop_lut2_I0_O)        0.302    25.866 r  uCPUTop/uRegFile/vga_fb_mem_reg_0_i_372/O
                         net (fo=1, routed)           0.000    25.866    uCPUTop/uIfetch/pcReg_reg[6]_0[1]
    SLICE_X52Y97         CARRY4 (Prop_carry4_S[2]_O[2])
                                                      0.250    26.116 r  uCPUTop/uIfetch/vga_fb_mem_reg_0_i_299/O[2]
                         net (fo=2, routed)           0.829    26.945    uCPUTop/uRegFile/O[1]
    SLICE_X53Y95         LUT2 (Prop_lut2_I0_O)        0.301    27.246 r  uCPUTop/uRegFile/vga_fb_mem_reg_0_i_301/O
                         net (fo=1, routed)           0.000    27.246    uCPUTop/uIfetch/pcReg_reg[14]_0[1]
    SLICE_X53Y95         CARRY4 (Prop_carry4_S[2]_O[3])
                                                      0.352    27.598 r  uCPUTop/uIfetch/vga_fb_mem_reg_0_i_123/O[3]
                         net (fo=1, routed)           0.323    27.921    uCPUTop/uIfetch/uALU/data10[3]
    SLICE_X55Y95         LUT4 (Prop_lut4_I3_O)        0.306    28.227 r  uCPUTop/uIfetch/vga_fb_mem_reg_0_i_112/O
                         net (fo=1, routed)           0.519    28.746    uCPUTop/uIfetch/vga_fb_mem_reg_0_i_112_n_0
    SLICE_X55Y94         LUT6 (Prop_lut6_I0_O)        0.124    28.870 r  uCPUTop/uIfetch/vga_fb_mem_reg_0_i_36/O
                         net (fo=14, routed)          0.000    28.870    uCPUTop/uIfetch/vga_fb_mem_reg_0_i_36_n_0
    SLICE_X55Y94         MUXF7 (Prop_muxf7_I1_O)      0.217    29.087 r  uCPUTop/uIfetch/vga_fb_mem_reg_0_i_6/O
                         net (fo=19, routed)          2.198    31.285    uCPUTop/uDataMemory/ALUResult[2]
    SLICE_X43Y75         LUT3 (Prop_lut3_I2_O)        0.299    31.584 r  uCPUTop/uDataMemory/mem_reg_0_i_14/O
                         net (fo=16, routed)          3.974    35.558    uCPUTop/uDataMemory/p_0_in[1]
    RAMB36_X1Y28         RAMB36E1                                     r  uCPUTop/uDataMemory/mem_reg_12/ADDRARDADDR[2]
  -------------------------------------------------------------------    -------------------

                         (clock cpu_clk fall edge)   40.000    40.000 r  
    P17                                               0.000    40.000 r  clk (IN)
                         net (fo=0)                   0.000    40.000    clk
    P17                  IBUF (Prop_ibuf_I_O)         1.408    41.408 r  clk_IBUF_inst/O
                         net (fo=1, routed)           1.868    43.276    clk_IBUF
    BUFGCTRL_X0Y1        BUFG (Prop_bufg_I_O)         0.091    43.367 r  clk_IBUF_BUFG_inst/O
                         net (fo=340, routed)         1.445    44.812    clk_IBUF_BUFG
    SLICE_X36Y46         FDCE (Prop_fdce_C_Q)         0.337    45.149 f  clk_div_reg[2]/Q
                         net (fo=2, routed)           0.653    45.803    clk_12_5mhz
    BUFGCTRL_X0Y0        BUFG (Prop_bufg_I_O)         0.232    46.035 f  BUFG_cpu_clk/O
                         net (fo=3762, routed)        1.655    47.689    uCPUTop/uDataMemory/clk_div_reg[2]
    RAMB36_X1Y28         RAMB36E1                                     r  uCPUTop/uDataMemory/mem_reg_12/CLKARDCLK  (IS_INVERTED)
                         clock pessimism              0.509    48.198    
                         clock uncertainty           -0.035    48.163    
    RAMB36_X1Y28         RAMB36E1 (Setup_ramb36e1_CLKARDCLK_ADDRARDADDR[2])
                                                     -0.566    47.597    uCPUTop/uDataMemory/mem_reg_12
  -------------------------------------------------------------------
                         required time                         47.597    
                         arrival time                         -35.558    
  -------------------------------------------------------------------
                         slack                                 12.039    

Slack (MET) :             12.085ns  (required time - arrival time)
  Source:                 uCPUTop/uIfetch/inst_dbg_en_sync_reg/C
                            (rising edge-triggered cell FDCE clocked by cpu_clk  {rise@0.000ns fall@40.000ns period=80.000ns})
  Destination:            uCPUTop/uDataMemory/mem_reg_10/ADDRARDADDR[1]
                            (falling edge-triggered cell RAMB36E1 clocked by cpu_clk  {rise@0.000ns fall@40.000ns period=80.000ns})
  Path Group:             cpu_clk
  Path Type:              Setup (Max at Slow Process Corner)
  Requirement:            40.000ns  (cpu_clk fall@40.000ns - cpu_clk rise@0.000ns)
  Data Path Delay:        27.418ns  (logic 5.934ns (21.641%)  route 21.485ns (78.359%))
  Logic Levels:           21  (CARRY4=4 LUT2=3 LUT3=2 LUT4=4 LUT6=3 MUXF7=3 MUXF8=1 RAMS64E=1)
  Clock Path Skew:        0.105ns (DCD - SCD + CPR)
    Destination Clock Delay (DCD):    7.682ns = ( 47.682 - 40.000 ) 
    Source Clock Delay      (SCD):    8.087ns
    Clock Pessimism Removal (CPR):    0.509ns
  Clock Uncertainty:      0.035ns  ((TSJ^2 + TIJ^2)^1/2 + DJ) / 2 + PE
    Total System Jitter     (TSJ):    0.071ns
    Total Input Jitter      (TIJ):    0.000ns
    Discrete Jitter          (DJ):    0.000ns
    Phase Error              (PE):    0.000ns

    Location             Delay type                Incr(ns)  Path(ns)    Netlist Resource(s)
  -------------------------------------------------------------------    -------------------
                         (clock cpu_clk rise edge)    0.000     0.000 r  
    P17                                               0.000     0.000 r  clk (IN)
                         net (fo=0)                   0.000     0.000    clk
    P17                  IBUF (Prop_ibuf_I_O)         1.478     1.478 r  clk_IBUF_inst/O
                         net (fo=1, routed)           1.972     3.450    clk_IBUF
    BUFGCTRL_X0Y1        BUFG (Prop_bufg_I_O)         0.096     3.546 r  clk_IBUF_BUFG_inst/O
                         net (fo=340, routed)         1.565     5.111    clk_IBUF_BUFG
    SLICE_X36Y46         FDCE (Prop_fdce_C_Q)         0.419     5.530 r  clk_div_reg[2]/Q
                         net (fo=2, routed)           0.735     6.266    clk_12_5mhz
    BUFGCTRL_X0Y0        BUFG (Prop_bufg_I_O)         0.271     6.537 r  BUFG_cpu_clk/O
                         net (fo=3762, routed)        1.550     8.087    uCPUTop/uIfetch/clk
    SLICE_X45Y85         FDCE                                         r  uCPUTop/uIfetch/inst_dbg_en_sync_reg/C
  -------------------------------------------------------------------    -------------------
    SLICE_X45Y85         FDCE (Prop_fdce_C_Q)         0.456     8.543 r  uCPUTop/uIfetch/inst_dbg_en_sync_reg/Q
                         net (fo=79, routed)          1.198     9.740    uCPUTop/uIfetch/inst_dbg_en_sync
    SLICE_X47Y74         LUT3 (Prop_lut3_I1_O)        0.124     9.864 r  uCPUTop/uIfetch/mem_reg_1536_1791_1_1_i_5/O
                         net (fo=168, routed)         1.326    11.190    uCPUTop/uIfetch/mem_reg_512_767_2_2/A3
    SLICE_X46Y64         RAMS64E (Prop_rams64e_ADR3_O)
                                                      0.246    11.437 r  uCPUTop/uIfetch/mem_reg_512_767_2_2/RAMS64E_A/O
                         net (fo=1, routed)           0.000    11.437    uCPUTop/uIfetch/mem_reg_512_767_2_2/OA
    SLICE_X46Y64         MUXF7 (Prop_muxf7_I1_O)      0.214    11.651 r  uCPUTop/uIfetch/mem_reg_512_767_2_2/F7.A/O
                         net (fo=1, routed)           0.000    11.651    uCPUTop/uIfetch/mem_reg_512_767_2_2/O1
    SLICE_X46Y64         MUXF8 (Prop_muxf8_I1_O)      0.088    11.739 r  uCPUTop/uIfetch/mem_reg_512_767_2_2/F8/O
                         net (fo=1, routed)           0.990    12.729    uCPUTop/uIfetch/mem_reg_512_767_2_2_n_0
    SLICE_X45Y69         LUT6 (Prop_lut6_I1_O)        0.319    13.048 r  uCPUTop/uIfetch/pcReg[31]_i_44/O
                         net (fo=1, routed)           0.000    13.048    uCPUTop/uIfetch/pcReg[31]_i_44_n_0
    SLICE_X45Y69         MUXF7 (Prop_muxf7_I0_O)      0.238    13.286 r  uCPUTop/uIfetch/pcReg_reg[31]_i_22/O
                         net (fo=31, routed)          2.416    15.701    uCPUTop/uIfetch/single_inst_rd[2]
    SLICE_X40Y93         LUT4 (Prop_lut4_I3_O)        0.324    16.025 f  uCPUTop/uIfetch/vga_fb_mem_reg_0_i_309/O
                         net (fo=2, routed)           0.455    16.481    uCPUTop/uIfetch/vga_fb_mem_reg_0_i_309_n_0
    SLICE_X40Y93         LUT4 (Prop_lut4_I3_O)        0.326    16.807 r  uCPUTop/uIfetch/vga_fb_mem_reg_0_i_207/O
                         net (fo=40, routed)          1.907    18.713    uCPUTop/uIfetch/isAUIPC
    SLICE_X35Y88         LUT6 (Prop_lut6_I3_O)        0.124    18.837 r  uCPUTop/uIfetch/vga_fb_mem_reg_0_i_80/O
                         net (fo=25, routed)          3.483    22.320    uCPUTop/uIfetch/vga_fb_mem_reg_0_i_80_n_0
    SLICE_X57Y96         LUT4 (Prop_lut4_I0_O)        0.124    22.444 r  uCPUTop/uIfetch/vga_fb_mem_reg_0_i_427/O
                         net (fo=1, routed)           0.000    22.444    uCPUTop/uIfetch/vga_fb_mem_reg_0_i_427_n_0
    SLICE_X57Y96         CARRY4 (Prop_carry4_S[0]_O[1])
                                                      0.424    22.868 r  uCPUTop/uIfetch/vga_fb_mem_reg_0_i_414/O[1]
                         net (fo=1, routed)           0.820    23.689    uCPUTop/uRegFile/pcReg_reg[13][2]
    SLICE_X55Y96         LUT2 (Prop_lut2_I1_O)        0.303    23.992 r  uCPUTop/uRegFile/vga_fb_mem_reg_0_i_394/O
                         net (fo=1, routed)           0.000    23.992    uCPUTop/uIfetch/S[0]
    SLICE_X55Y96         CARRY4 (Prop_carry4_S[1]_O[2])
                                                      0.580    24.572 r  uCPUTop/uIfetch/vga_fb_mem_reg_0_i_370/O[2]
                         net (fo=2, routed)           0.992    25.564    uCPUTop/uRegFile/pcReg_reg[10][1]
    SLICE_X52Y97         LUT2 (Prop_lut2_I0_O)        0.302    25.866 r  uCPUTop/uRegFile/vga_fb_mem_reg_0_i_372/O
                         net (fo=1, routed)           0.000    25.866    uCPUTop/uIfetch/pcReg_reg[6]_0[1]
    SLICE_X52Y97         CARRY4 (Prop_carry4_S[2]_O[2])
                                                      0.250    26.116 r  uCPUTop/uIfetch/vga_fb_mem_reg_0_i_299/O[2]
                         net (fo=2, routed)           0.829    26.945    uCPUTop/uRegFile/O[1]
    SLICE_X53Y95         LUT2 (Prop_lut2_I0_O)        0.301    27.246 r  uCPUTop/uRegFile/vga_fb_mem_reg_0_i_301/O
                         net (fo=1, routed)           0.000    27.246    uCPUTop/uIfetch/pcReg_reg[14]_0[1]
    SLICE_X53Y95         CARRY4 (Prop_carry4_S[2]_O[2])
                                                      0.248    27.494 r  uCPUTop/uIfetch/vga_fb_mem_reg_0_i_123/O[2]
                         net (fo=1, routed)           0.292    27.786    uCPUTop/uIfetch/uALU/data10[2]
    SLICE_X51Y95         LUT4 (Prop_lut4_I3_O)        0.302    28.088 r  uCPUTop/uIfetch/vga_fb_mem_reg_0_i_117/O
                         net (fo=1, routed)           0.575    28.663    uCPUTop/uIfetch/vga_fb_mem_reg_0_i_117_n_0
    SLICE_X51Y95         LUT6 (Prop_lut6_I0_O)        0.124    28.787 r  uCPUTop/uIfetch/vga_fb_mem_reg_0_i_38/O
                         net (fo=17, routed)          0.000    28.787    uCPUTop/uIfetch/vga_fb_mem_reg_0_i_38_n_0
    SLICE_X51Y95         MUXF7 (Prop_muxf7_I1_O)      0.217    29.004 r  uCPUTop/uIfetch/vga_fb_mem_reg_0_i_7/O
                         net (fo=8, routed)           1.852    30.856    uCPUTop/uDataMemory/ALUResult[1]
    SLICE_X43Y72         LUT3 (Prop_lut3_I2_O)        0.299    31.155 r  uCPUTop/uDataMemory/mem_reg_0_i_15/O
                         net (fo=16, routed)          4.349    35.505    uCPUTop/uDataMemory/p_0_in[0]
    RAMB36_X0Y23         RAMB36E1                                     r  uCPUTop/uDataMemory/mem_reg_10/ADDRARDADDR[1]
  -------------------------------------------------------------------    -------------------

                         (clock cpu_clk fall edge)   40.000    40.000 r  
    P17                                               0.000    40.000 r  clk (IN)
                         net (fo=0)                   0.000    40.000    clk
    P17                  IBUF (Prop_ibuf_I_O)         1.408    41.408 r  clk_IBUF_inst/O
                         net (fo=1, routed)           1.868    43.276    clk_IBUF
    BUFGCTRL_X0Y1        BUFG (Prop_bufg_I_O)         0.091    43.367 r  clk_IBUF_BUFG_inst/O
                         net (fo=340, routed)         1.445    44.812    clk_IBUF_BUFG
    SLICE_X36Y46         FDCE (Prop_fdce_C_Q)         0.337    45.149 f  clk_div_reg[2]/Q
                         net (fo=2, routed)           0.653    45.803    clk_12_5mhz
    BUFGCTRL_X0Y0        BUFG (Prop_bufg_I_O)         0.232    46.035 f  BUFG_cpu_clk/O
                         net (fo=3762, routed)        1.648    47.682    uCPUTop/uDataMemory/clk_div_reg[2]
    RAMB36_X0Y23         RAMB36E1                                     r  uCPUTop/uDataMemory/mem_reg_10/CLKARDCLK  (IS_INVERTED)
                         clock pessimism              0.509    48.191    
                         clock uncertainty           -0.035    48.156    
    RAMB36_X0Y23         RAMB36E1 (Setup_ramb36e1_CLKARDCLK_ADDRARDADDR[1])
                                                     -0.566    47.590    uCPUTop/uDataMemory/mem_reg_10
  -------------------------------------------------------------------
                         required time                         47.590    
                         arrival time                         -35.505    
  -------------------------------------------------------------------
                         slack                                 12.085    

Slack (MET) :             12.311ns  (required time - arrival time)
  Source:                 uCPUTop/uIfetch/inst_dbg_en_sync_reg/C
                            (rising edge-triggered cell FDCE clocked by cpu_clk  {rise@0.000ns fall@40.000ns period=80.000ns})
  Destination:            uCPUTop/uDataMemory/mem_reg_13/ADDRARDADDR[3]
                            (falling edge-triggered cell RAMB36E1 clocked by cpu_clk  {rise@0.000ns fall@40.000ns period=80.000ns})
  Path Group:             cpu_clk
  Path Type:              Setup (Max at Slow Process Corner)
  Requirement:            40.000ns  (cpu_clk fall@40.000ns - cpu_clk rise@0.000ns)
  Data Path Delay:        27.198ns  (logic 6.380ns (23.456%)  route 20.818ns (76.544%))
  Logic Levels:           22  (CARRY4=5 LUT2=3 LUT3=2 LUT4=4 LUT6=3 MUXF7=3 MUXF8=1 RAMS64E=1)
  Clock Path Skew:        0.110ns (DCD - SCD + CPR)
    Destination Clock Delay (DCD):    7.687ns = ( 47.687 - 40.000 ) 
    Source Clock Delay      (SCD):    8.087ns
    Clock Pessimism Removal (CPR):    0.509ns
  Clock Uncertainty:      0.035ns  ((TSJ^2 + TIJ^2)^1/2 + DJ) / 2 + PE
    Total System Jitter     (TSJ):    0.071ns
    Total Input Jitter      (TIJ):    0.000ns
    Discrete Jitter          (DJ):    0.000ns
    Phase Error              (PE):    0.000ns

    Location             Delay type                Incr(ns)  Path(ns)    Netlist Resource(s)
  -------------------------------------------------------------------    -------------------
                         (clock cpu_clk rise edge)    0.000     0.000 r  
    P17                                               0.000     0.000 r  clk (IN)
                         net (fo=0)                   0.000     0.000    clk
    P17                  IBUF (Prop_ibuf_I_O)         1.478     1.478 r  clk_IBUF_inst/O
                         net (fo=1, routed)           1.972     3.450    clk_IBUF
    BUFGCTRL_X0Y1        BUFG (Prop_bufg_I_O)         0.096     3.546 r  clk_IBUF_BUFG_inst/O
                         net (fo=340, routed)         1.565     5.111    clk_IBUF_BUFG
    SLICE_X36Y46         FDCE (Prop_fdce_C_Q)         0.419     5.530 r  clk_div_reg[2]/Q
                         net (fo=2, routed)           0.735     6.266    clk_12_5mhz
    BUFGCTRL_X0Y0        BUFG (Prop_bufg_I_O)         0.271     6.537 r  BUFG_cpu_clk/O
                         net (fo=3762, routed)        1.550     8.087    uCPUTop/uIfetch/clk
    SLICE_X45Y85         FDCE                                         r  uCPUTop/uIfetch/inst_dbg_en_sync_reg/C
  -------------------------------------------------------------------    -------------------
    SLICE_X45Y85         FDCE (Prop_fdce_C_Q)         0.456     8.543 r  uCPUTop/uIfetch/inst_dbg_en_sync_reg/Q
                         net (fo=79, routed)          1.198     9.740    uCPUTop/uIfetch/inst_dbg_en_sync
    SLICE_X47Y74         LUT3 (Prop_lut3_I1_O)        0.124     9.864 r  uCPUTop/uIfetch/mem_reg_1536_1791_1_1_i_5/O
                         net (fo=168, routed)         1.326    11.190    uCPUTop/uIfetch/mem_reg_512_767_2_2/A3
    SLICE_X46Y64         RAMS64E (Prop_rams64e_ADR3_O)
                                                      0.246    11.437 r  uCPUTop/uIfetch/mem_reg_512_767_2_2/RAMS64E_A/O
                         net (fo=1, routed)           0.000    11.437    uCPUTop/uIfetch/mem_reg_512_767_2_2/OA
    SLICE_X46Y64         MUXF7 (Prop_muxf7_I1_O)      0.214    11.651 r  uCPUTop/uIfetch/mem_reg_512_767_2_2/F7.A/O
                         net (fo=1, routed)           0.000    11.651    uCPUTop/uIfetch/mem_reg_512_767_2_2/O1
    SLICE_X46Y64         MUXF8 (Prop_muxf8_I1_O)      0.088    11.739 r  uCPUTop/uIfetch/mem_reg_512_767_2_2/F8/O
                         net (fo=1, routed)           0.990    12.729    uCPUTop/uIfetch/mem_reg_512_767_2_2_n_0
    SLICE_X45Y69         LUT6 (Prop_lut6_I1_O)        0.319    13.048 r  uCPUTop/uIfetch/pcReg[31]_i_44/O
                         net (fo=1, routed)           0.000    13.048    uCPUTop/uIfetch/pcReg[31]_i_44_n_0
    SLICE_X45Y69         MUXF7 (Prop_muxf7_I0_O)      0.238    13.286 r  uCPUTop/uIfetch/pcReg_reg[31]_i_22/O
                         net (fo=31, routed)          2.416    15.701    uCPUTop/uIfetch/single_inst_rd[2]
    SLICE_X40Y93         LUT4 (Prop_lut4_I3_O)        0.324    16.025 f  uCPUTop/uIfetch/vga_fb_mem_reg_0_i_309/O
                         net (fo=2, routed)           0.455    16.481    uCPUTop/uIfetch/vga_fb_mem_reg_0_i_309_n_0
    SLICE_X40Y93         LUT4 (Prop_lut4_I3_O)        0.326    16.807 r  uCPUTop/uIfetch/vga_fb_mem_reg_0_i_207/O
                         net (fo=40, routed)          1.907    18.713    uCPUTop/uIfetch/isAUIPC
    SLICE_X35Y88         LUT6 (Prop_lut6_I3_O)        0.124    18.837 r  uCPUTop/uIfetch/vga_fb_mem_reg_0_i_80/O
                         net (fo=25, routed)          3.483    22.320    uCPUTop/uIfetch/vga_fb_mem_reg_0_i_80_n_0
    SLICE_X57Y96         LUT4 (Prop_lut4_I0_O)        0.124    22.444 r  uCPUTop/uIfetch/vga_fb_mem_reg_0_i_427/O
                         net (fo=1, routed)           0.000    22.444    uCPUTop/uIfetch/vga_fb_mem_reg_0_i_427_n_0
    SLICE_X57Y96         CARRY4 (Prop_carry4_S[0]_O[1])
                                                      0.424    22.868 r  uCPUTop/uIfetch/vga_fb_mem_reg_0_i_414/O[1]
                         net (fo=1, routed)           0.820    23.689    uCPUTop/uRegFile/pcReg_reg[13][2]
    SLICE_X55Y96         LUT2 (Prop_lut2_I1_O)        0.303    23.992 r  uCPUTop/uRegFile/vga_fb_mem_reg_0_i_394/O
                         net (fo=1, routed)           0.000    23.992    uCPUTop/uIfetch/S[0]
    SLICE_X55Y96         CARRY4 (Prop_carry4_S[1]_O[2])
                                                      0.580    24.572 r  uCPUTop/uIfetch/vga_fb_mem_reg_0_i_370/O[2]
                         net (fo=2, routed)           0.992    25.564    uCPUTop/uRegFile/pcReg_reg[10][1]
    SLICE_X52Y97         LUT2 (Prop_lut2_I0_O)        0.302    25.866 r  uCPUTop/uRegFile/vga_fb_mem_reg_0_i_372/O
                         net (fo=1, routed)           0.000    25.866    uCPUTop/uIfetch/pcReg_reg[6]_0[1]
    SLICE_X52Y97         CARRY4 (Prop_carry4_S[2]_CO[3])
                                                      0.380    26.246 r  uCPUTop/uIfetch/vga_fb_mem_reg_0_i_299/CO[3]
                         net (fo=1, routed)           0.000    26.246    uCPUTop/uIfetch/vga_fb_mem_reg_0_i_299_n_0
    SLICE_X52Y98         CARRY4 (Prop_carry4_CI_CO[0])
                                                      0.254    26.500 r  uCPUTop/uIfetch/vga_fb_mem_reg_0_i_263/CO[0]
                         net (fo=2, routed)           0.819    27.319    uCPUTop/uDataMemory/CO[0]
    SLICE_X53Y96         LUT2 (Prop_lut2_I0_O)        0.367    27.686 r  uCPUTop/uDataMemory/vga_fb_mem_reg_0_i_264/O
                         net (fo=1, routed)           0.000    27.686    uCPUTop/uIfetch/pcReg_reg[14]_1[0]
    SLICE_X53Y96         CARRY4 (Prop_carry4_S[0]_O[0])
                                                      0.247    27.933 r  uCPUTop/uIfetch/vga_fb_mem_reg_0_i_102/O[0]
                         net (fo=1, routed)           0.602    28.535    uCPUTop/uIfetch/uALU/data10[4]
    SLICE_X58Y97         LUT4 (Prop_lut4_I3_O)        0.299    28.834 r  uCPUTop/uIfetch/vga_fb_mem_reg_0_i_107/O
                         net (fo=1, routed)           0.788    29.622    uCPUTop/uIfetch/vga_fb_mem_reg_0_i_107_n_0
    SLICE_X55Y97         LUT6 (Prop_lut6_I0_O)        0.124    29.746 r  uCPUTop/uIfetch/vga_fb_mem_reg_0_i_34/O
                         net (fo=1, routed)           0.000    29.746    uCPUTop/uIfetch/vga_fb_mem_reg_0_i_34_n_0
    SLICE_X55Y97         MUXF7 (Prop_muxf7_I1_O)      0.217    29.963 r  uCPUTop/uIfetch/vga_fb_mem_reg_0_i_5/O
                         net (fo=4, routed)           2.058    32.021    uCPUTop/uDataMemory/ALUResult[3]
    SLICE_X44Y75         LUT3 (Prop_lut3_I2_O)        0.299    32.320 r  uCPUTop/uDataMemory/mem_reg_0_i_13/O
                         net (fo=16, routed)          2.965    35.284    uCPUTop/uDataMemory/p_0_in[2]
    RAMB36_X0Y22         RAMB36E1                                     r  uCPUTop/uDataMemory/mem_reg_13/ADDRARDADDR[3]
  -------------------------------------------------------------------    -------------------

                         (clock cpu_clk fall edge)   40.000    40.000 r  
    P17                                               0.000    40.000 r  clk (IN)
                         net (fo=0)                   0.000    40.000    clk
    P17                  IBUF (Prop_ibuf_I_O)         1.408    41.408 r  clk_IBUF_inst/O
                         net (fo=1, routed)           1.868    43.276    clk_IBUF
    BUFGCTRL_X0Y1        BUFG (Prop_bufg_I_O)         0.091    43.367 r  clk_IBUF_BUFG_inst/O
                         net (fo=340, routed)         1.445    44.812    clk_IBUF_BUFG
    SLICE_X36Y46         FDCE (Prop_fdce_C_Q)         0.337    45.149 f  clk_div_reg[2]/Q
                         net (fo=2, routed)           0.653    45.803    clk_12_5mhz
    BUFGCTRL_X0Y0        BUFG (Prop_bufg_I_O)         0.232    46.035 f  BUFG_cpu_clk/O
                         net (fo=3762, routed)        1.653    47.687    uCPUTop/uDataMemory/clk_div_reg[2]
    RAMB36_X0Y22         RAMB36E1                                     r  uCPUTop/uDataMemory/mem_reg_13/CLKARDCLK  (IS_INVERTED)
                         clock pessimism              0.509    48.196    
                         clock uncertainty           -0.035    48.161    
    RAMB36_X0Y22         RAMB36E1 (Setup_ramb36e1_CLKARDCLK_ADDRARDADDR[3])
                                                     -0.566    47.595    uCPUTop/uDataMemory/mem_reg_13
  -------------------------------------------------------------------
                         required time                         47.595    
                         arrival time                         -35.284    
  -------------------------------------------------------------------
                         slack                                 12.311    

Slack (MET) :             12.350ns  (required time - arrival time)
  Source:                 uCPUTop/uIfetch/inst_dbg_en_sync_reg/C
                            (rising edge-triggered cell FDCE clocked by cpu_clk  {rise@0.000ns fall@40.000ns period=80.000ns})
  Destination:            uCPUTop/uDataMemory/mem_reg_10/ADDRARDADDR[2]
                            (falling edge-triggered cell RAMB36E1 clocked by cpu_clk  {rise@0.000ns fall@40.000ns period=80.000ns})
  Path Group:             cpu_clk
  Path Type:              Setup (Max at Slow Process Corner)
  Requirement:            40.000ns  (cpu_clk fall@40.000ns - cpu_clk rise@0.000ns)
  Data Path Delay:        27.153ns  (logic 6.042ns (22.250%)  route 21.111ns (77.750%))
  Logic Levels:           21  (CARRY4=4 LUT2=3 LUT3=2 LUT4=4 LUT6=3 MUXF7=3 MUXF8=1 RAMS64E=1)
  Clock Path Skew:        0.105ns (DCD - SCD + CPR)
    Destination Clock Delay (DCD):    7.682ns = ( 47.682 - 40.000 ) 
    Source Clock Delay      (SCD):    8.087ns
    Clock Pessimism Removal (CPR):    0.509ns
  Clock Uncertainty:      0.035ns  ((TSJ^2 + TIJ^2)^1/2 + DJ) / 2 + PE
    Total System Jitter     (TSJ):    0.071ns
    Total Input Jitter      (TIJ):    0.000ns
    Discrete Jitter          (DJ):    0.000ns
    Phase Error              (PE):    0.000ns

    Location             Delay type                Incr(ns)  Path(ns)    Netlist Resource(s)
  -------------------------------------------------------------------    -------------------
                         (clock cpu_clk rise edge)    0.000     0.000 r  
    P17                                               0.000     0.000 r  clk (IN)
                         net (fo=0)                   0.000     0.000    clk
    P17                  IBUF (Prop_ibuf_I_O)         1.478     1.478 r  clk_IBUF_inst/O
                         net (fo=1, routed)           1.972     3.450    clk_IBUF
    BUFGCTRL_X0Y1        BUFG (Prop_bufg_I_O)         0.096     3.546 r  clk_IBUF_BUFG_inst/O
                         net (fo=340, routed)         1.565     5.111    clk_IBUF_BUFG
    SLICE_X36Y46         FDCE (Prop_fdce_C_Q)         0.419     5.530 r  clk_div_reg[2]/Q
                         net (fo=2, routed)           0.735     6.266    clk_12_5mhz
    BUFGCTRL_X0Y0        BUFG (Prop_bufg_I_O)         0.271     6.537 r  BUFG_cpu_clk/O
                         net (fo=3762, routed)        1.550     8.087    uCPUTop/uIfetch/clk
    SLICE_X45Y85         FDCE                                         r  uCPUTop/uIfetch/inst_dbg_en_sync_reg/C
  -------------------------------------------------------------------    -------------------
    SLICE_X45Y85         FDCE (Prop_fdce_C_Q)         0.456     8.543 r  uCPUTop/uIfetch/inst_dbg_en_sync_reg/Q
                         net (fo=79, routed)          1.198     9.740    uCPUTop/uIfetch/inst_dbg_en_sync
    SLICE_X47Y74         LUT3 (Prop_lut3_I1_O)        0.124     9.864 r  uCPUTop/uIfetch/mem_reg_1536_1791_1_1_i_5/O
                         net (fo=168, routed)         1.326    11.190    uCPUTop/uIfetch/mem_reg_512_767_2_2/A3
    SLICE_X46Y64         RAMS64E (Prop_rams64e_ADR3_O)
                                                      0.246    11.437 r  uCPUTop/uIfetch/mem_reg_512_767_2_2/RAMS64E_A/O
                         net (fo=1, routed)           0.000    11.437    uCPUTop/uIfetch/mem_reg_512_767_2_2/OA
    SLICE_X46Y64         MUXF7 (Prop_muxf7_I1_O)      0.214    11.651 r  uCPUTop/uIfetch/mem_reg_512_767_2_2/F7.A/O
                         net (fo=1, routed)           0.000    11.651    uCPUTop/uIfetch/mem_reg_512_767_2_2/O1
    SLICE_X46Y64         MUXF8 (Prop_muxf8_I1_O)      0.088    11.739 r  uCPUTop/uIfetch/mem_reg_512_767_2_2/F8/O
                         net (fo=1, routed)           0.990    12.729    uCPUTop/uIfetch/mem_reg_512_767_2_2_n_0
    SLICE_X45Y69         LUT6 (Prop_lut6_I1_O)        0.319    13.048 r  uCPUTop/uIfetch/pcReg[31]_i_44/O
                         net (fo=1, routed)           0.000    13.048    uCPUTop/uIfetch/pcReg[31]_i_44_n_0
    SLICE_X45Y69         MUXF7 (Prop_muxf7_I0_O)      0.238    13.286 r  uCPUTop/uIfetch/pcReg_reg[31]_i_22/O
                         net (fo=31, routed)          2.416    15.701    uCPUTop/uIfetch/single_inst_rd[2]
    SLICE_X40Y93         LUT4 (Prop_lut4_I3_O)        0.324    16.025 f  uCPUTop/uIfetch/vga_fb_mem_reg_0_i_309/O
                         net (fo=2, routed)           0.455    16.481    uCPUTop/uIfetch/vga_fb_mem_reg_0_i_309_n_0
    SLICE_X40Y93         LUT4 (Prop_lut4_I3_O)        0.326    16.807 r  uCPUTop/uIfetch/vga_fb_mem_reg_0_i_207/O
                         net (fo=40, routed)          1.907    18.713    uCPUTop/uIfetch/isAUIPC
    SLICE_X35Y88         LUT6 (Prop_lut6_I3_O)        0.124    18.837 r  uCPUTop/uIfetch/vga_fb_mem_reg_0_i_80/O
                         net (fo=25, routed)          3.483    22.320    uCPUTop/uIfetch/vga_fb_mem_reg_0_i_80_n_0
    SLICE_X57Y96         LUT4 (Prop_lut4_I0_O)        0.124    22.444 r  uCPUTop/uIfetch/vga_fb_mem_reg_0_i_427/O
                         net (fo=1, routed)           0.000    22.444    uCPUTop/uIfetch/vga_fb_mem_reg_0_i_427_n_0
    SLICE_X57Y96         CARRY4 (Prop_carry4_S[0]_O[1])
                                                      0.424    22.868 r  uCPUTop/uIfetch/vga_fb_mem_reg_0_i_414/O[1]
                         net (fo=1, routed)           0.820    23.689    uCPUTop/uRegFile/pcReg_reg[13][2]
    SLICE_X55Y96         LUT2 (Prop_lut2_I1_O)        0.303    23.992 r  uCPUTop/uRegFile/vga_fb_mem_reg_0_i_394/O
                         net (fo=1, routed)           0.000    23.992    uCPUTop/uIfetch/S[0]
    SLICE_X55Y96         CARRY4 (Prop_carry4_S[1]_O[2])
                                                      0.580    24.572 r  uCPUTop/uIfetch/vga_fb_mem_reg_0_i_370/O[2]
                         net (fo=2, routed)           0.992    25.564    uCPUTop/uRegFile/pcReg_reg[10][1]
    SLICE_X52Y97         LUT2 (Prop_lut2_I0_O)        0.302    25.866 r  uCPUTop/uRegFile/vga_fb_mem_reg_0_i_372/O
                         net (fo=1, routed)           0.000    25.866    uCPUTop/uIfetch/pcReg_reg[6]_0[1]
    SLICE_X52Y97         CARRY4 (Prop_carry4_S[2]_O[2])
                                                      0.250    26.116 r  uCPUTop/uIfetch/vga_fb_mem_reg_0_i_299/O[2]
                         net (fo=2, routed)           0.829    26.945    uCPUTop/uRegFile/O[1]
    SLICE_X53Y95         LUT2 (Prop_lut2_I0_O)        0.301    27.246 r  uCPUTop/uRegFile/vga_fb_mem_reg_0_i_301/O
                         net (fo=1, routed)           0.000    27.246    uCPUTop/uIfetch/pcReg_reg[14]_0[1]
    SLICE_X53Y95         CARRY4 (Prop_carry4_S[2]_O[3])
                                                      0.352    27.598 r  uCPUTop/uIfetch/vga_fb_mem_reg_0_i_123/O[3]
                         net (fo=1, routed)           0.323    27.921    uCPUTop/uIfetch/uALU/data10[3]
    SLICE_X55Y95         LUT4 (Prop_lut4_I3_O)        0.306    28.227 r  uCPUTop/uIfetch/vga_fb_mem_reg_0_i_112/O
                         net (fo=1, routed)           0.519    28.746    uCPUTop/uIfetch/vga_fb_mem_reg_0_i_112_n_0
    SLICE_X55Y94         LUT6 (Prop_lut6_I0_O)        0.124    28.870 r  uCPUTop/uIfetch/vga_fb_mem_reg_0_i_36/O
                         net (fo=14, routed)          0.000    28.870    uCPUTop/uIfetch/vga_fb_mem_reg_0_i_36_n_0
    SLICE_X55Y94         MUXF7 (Prop_muxf7_I1_O)      0.217    29.087 r  uCPUTop/uIfetch/vga_fb_mem_reg_0_i_6/O
                         net (fo=19, routed)          2.198    31.285    uCPUTop/uDataMemory/ALUResult[2]
    SLICE_X43Y75         LUT3 (Prop_lut3_I2_O)        0.299    31.584 r  uCPUTop/uDataMemory/mem_reg_0_i_14/O
                         net (fo=16, routed)          3.656    35.240    uCPUTop/uDataMemory/p_0_in[1]
    RAMB36_X0Y23         RAMB36E1                                     r  uCPUTop/uDataMemory/mem_reg_10/ADDRARDADDR[2]
  -------------------------------------------------------------------    -------------------

                         (clock cpu_clk fall edge)   40.000    40.000 r  
    P17                                               0.000    40.000 r  clk (IN)
                         net (fo=0)                   0.000    40.000    clk
    P17                  IBUF (Prop_ibuf_I_O)         1.408    41.408 r  clk_IBUF_inst/O
                         net (fo=1, routed)           1.868    43.276    clk_IBUF
    BUFGCTRL_X0Y1        BUFG (Prop_bufg_I_O)         0.091    43.367 r  clk_IBUF_BUFG_inst/O
                         net (fo=340, routed)         1.445    44.812    clk_IBUF_BUFG
    SLICE_X36Y46         FDCE (Prop_fdce_C_Q)         0.337    45.149 f  clk_div_reg[2]/Q
                         net (fo=2, routed)           0.653    45.803    clk_12_5mhz
    BUFGCTRL_X0Y0        BUFG (Prop_bufg_I_O)         0.232    46.035 f  BUFG_cpu_clk/O
                         net (fo=3762, routed)        1.648    47.682    uCPUTop/uDataMemory/clk_div_reg[2]
    RAMB36_X0Y23         RAMB36E1                                     r  uCPUTop/uDataMemory/mem_reg_10/CLKARDCLK  (IS_INVERTED)
                         clock pessimism              0.509    48.191    
                         clock uncertainty           -0.035    48.156    
    RAMB36_X0Y23         RAMB36E1 (Setup_ramb36e1_CLKARDCLK_ADDRARDADDR[2])
                                                     -0.566    47.590    uCPUTop/uDataMemory/mem_reg_10
  -------------------------------------------------------------------
                         required time                         47.590    
                         arrival time                         -35.240    
  -------------------------------------------------------------------
                         slack                                 12.350    

Slack (MET) :             12.428ns  (required time - arrival time)
  Source:                 uCPUTop/uIfetch/inst_dbg_en_sync_reg/C
                            (rising edge-triggered cell FDCE clocked by cpu_clk  {rise@0.000ns fall@40.000ns period=80.000ns})
  Destination:            uCPUTop/uDataMemory/mem_reg_13/ADDRARDADDR[1]
                            (falling edge-triggered cell RAMB36E1 clocked by cpu_clk  {rise@0.000ns fall@40.000ns period=80.000ns})
  Path Group:             cpu_clk
  Path Type:              Setup (Max at Slow Process Corner)
  Requirement:            40.000ns  (cpu_clk fall@40.000ns - cpu_clk rise@0.000ns)
  Data Path Delay:        27.080ns  (logic 5.934ns (21.911%)  route 21.147ns (78.089%))
  Logic Levels:           21  (CARRY4=4 LUT2=3 LUT3=2 LUT4=4 LUT6=3 MUXF7=3 MUXF8=1 RAMS64E=1)
  Clock Path Skew:        0.110ns (DCD - SCD + CPR)
    Destination Clock Delay (DCD):    7.687ns = ( 47.687 - 40.000 ) 
    Source Clock Delay      (SCD):    8.087ns
    Clock Pessimism Removal (CPR):    0.509ns
  Clock Uncertainty:      0.035ns  ((TSJ^2 + TIJ^2)^1/2 + DJ) / 2 + PE
    Total System Jitter     (TSJ):    0.071ns
    Total Input Jitter      (TIJ):    0.000ns
    Discrete Jitter          (DJ):    0.000ns
    Phase Error              (PE):    0.000ns

    Location             Delay type                Incr(ns)  Path(ns)    Netlist Resource(s)
  -------------------------------------------------------------------    -------------------
                         (clock cpu_clk rise edge)    0.000     0.000 r  
    P17                                               0.000     0.000 r  clk (IN)
                         net (fo=0)                   0.000     0.000    clk
    P17                  IBUF (Prop_ibuf_I_O)         1.478     1.478 r  clk_IBUF_inst/O
                         net (fo=1, routed)           1.972     3.450    clk_IBUF
    BUFGCTRL_X0Y1        BUFG (Prop_bufg_I_O)         0.096     3.546 r  clk_IBUF_BUFG_inst/O
                         net (fo=340, routed)         1.565     5.111    clk_IBUF_BUFG
    SLICE_X36Y46         FDCE (Prop_fdce_C_Q)         0.419     5.530 r  clk_div_reg[2]/Q
                         net (fo=2, routed)           0.735     6.266    clk_12_5mhz
    BUFGCTRL_X0Y0        BUFG (Prop_bufg_I_O)         0.271     6.537 r  BUFG_cpu_clk/O
                         net (fo=3762, routed)        1.550     8.087    uCPUTop/uIfetch/clk
    SLICE_X45Y85         FDCE                                         r  uCPUTop/uIfetch/inst_dbg_en_sync_reg/C
  -------------------------------------------------------------------    -------------------
    SLICE_X45Y85         FDCE (Prop_fdce_C_Q)         0.456     8.543 r  uCPUTop/uIfetch/inst_dbg_en_sync_reg/Q
                         net (fo=79, routed)          1.198     9.740    uCPUTop/uIfetch/inst_dbg_en_sync
    SLICE_X47Y74         LUT3 (Prop_lut3_I1_O)        0.124     9.864 r  uCPUTop/uIfetch/mem_reg_1536_1791_1_1_i_5/O
                         net (fo=168, routed)         1.326    11.190    uCPUTop/uIfetch/mem_reg_512_767_2_2/A3
    SLICE_X46Y64         RAMS64E (Prop_rams64e_ADR3_O)
                                                      0.246    11.437 r  uCPUTop/uIfetch/mem_reg_512_767_2_2/RAMS64E_A/O
                         net (fo=1, routed)           0.000    11.437    uCPUTop/uIfetch/mem_reg_512_767_2_2/OA
    SLICE_X46Y64         MUXF7 (Prop_muxf7_I1_O)      0.214    11.651 r  uCPUTop/uIfetch/mem_reg_512_767_2_2/F7.A/O
                         net (fo=1, routed)           0.000    11.651    uCPUTop/uIfetch/mem_reg_512_767_2_2/O1
    SLICE_X46Y64         MUXF8 (Prop_muxf8_I1_O)      0.088    11.739 r  uCPUTop/uIfetch/mem_reg_512_767_2_2/F8/O
                         net (fo=1, routed)           0.990    12.729    uCPUTop/uIfetch/mem_reg_512_767_2_2_n_0
    SLICE_X45Y69         LUT6 (Prop_lut6_I1_O)        0.319    13.048 r  uCPUTop/uIfetch/pcReg[31]_i_44/O
                         net (fo=1, routed)           0.000    13.048    uCPUTop/uIfetch/pcReg[31]_i_44_n_0
    SLICE_X45Y69         MUXF7 (Prop_muxf7_I0_O)      0.238    13.286 r  uCPUTop/uIfetch/pcReg_reg[31]_i_22/O
                         net (fo=31, routed)          2.416    15.701    uCPUTop/uIfetch/single_inst_rd[2]
    SLICE_X40Y93         LUT4 (Prop_lut4_I3_O)        0.324    16.025 f  uCPUTop/uIfetch/vga_fb_mem_reg_0_i_309/O
                         net (fo=2, routed)           0.455    16.481    uCPUTop/uIfetch/vga_fb_mem_reg_0_i_309_n_0
    SLICE_X40Y93         LUT4 (Prop_lut4_I3_O)        0.326    16.807 r  uCPUTop/uIfetch/vga_fb_mem_reg_0_i_207/O
                         net (fo=40, routed)          1.907    18.713    uCPUTop/uIfetch/isAUIPC
    SLICE_X35Y88         LUT6 (Prop_lut6_I3_O)        0.124    18.837 r  uCPUTop/uIfetch/vga_fb_mem_reg_0_i_80/O
                         net (fo=25, routed)          3.483    22.320    uCPUTop/uIfetch/vga_fb_mem_reg_0_i_80_n_0
    SLICE_X57Y96         LUT4 (Prop_lut4_I0_O)        0.124    22.444 r  uCPUTop/uIfetch/vga_fb_mem_reg_0_i_427/O
                         net (fo=1, routed)           0.000    22.444    uCPUTop/uIfetch/vga_fb_mem_reg_0_i_427_n_0
    SLICE_X57Y96         CARRY4 (Prop_carry4_S[0]_O[1])
                                                      0.424    22.868 r  uCPUTop/uIfetch/vga_fb_mem_reg_0_i_414/O[1]
                         net (fo=1, routed)           0.820    23.689    uCPUTop/uRegFile/pcReg_reg[13][2]
    SLICE_X55Y96         LUT2 (Prop_lut2_I1_O)        0.303    23.992 r  uCPUTop/uRegFile/vga_fb_mem_reg_0_i_394/O
                         net (fo=1, routed)           0.000    23.992    uCPUTop/uIfetch/S[0]
    SLICE_X55Y96         CARRY4 (Prop_carry4_S[1]_O[2])
                                                      0.580    24.572 r  uCPUTop/uIfetch/vga_fb_mem_reg_0_i_370/O[2]
                         net (fo=2, routed)           0.992    25.564    uCPUTop/uRegFile/pcReg_reg[10][1]
    SLICE_X52Y97         LUT2 (Prop_lut2_I0_O)        0.302    25.866 r  uCPUTop/uRegFile/vga_fb_mem_reg_0_i_372/O
                         net (fo=1, routed)           0.000    25.866    uCPUTop/uIfetch/pcReg_reg[6]_0[1]
    SLICE_X52Y97         CARRY4 (Prop_carry4_S[2]_O[2])
                                                      0.250    26.116 r  uCPUTop/uIfetch/vga_fb_mem_reg_0_i_299/O[2]
                         net (fo=2, routed)           0.829    26.945    uCPUTop/uRegFile/O[1]
    SLICE_X53Y95         LUT2 (Prop_lut2_I0_O)        0.301    27.246 r  uCPUTop/uRegFile/vga_fb_mem_reg_0_i_301/O
                         net (fo=1, routed)           0.000    27.246    uCPUTop/uIfetch/pcReg_reg[14]_0[1]
    SLICE_X53Y95         CARRY4 (Prop_carry4_S[2]_O[2])
                                                      0.248    27.494 r  uCPUTop/uIfetch/vga_fb_mem_reg_0_i_123/O[2]
                         net (fo=1, routed)           0.292    27.786    uCPUTop/uIfetch/uALU/data10[2]
    SLICE_X51Y95         LUT4 (Prop_lut4_I3_O)        0.302    28.088 r  uCPUTop/uIfetch/vga_fb_mem_reg_0_i_117/O
                         net (fo=1, routed)           0.575    28.663    uCPUTop/uIfetch/vga_fb_mem_reg_0_i_117_n_0
    SLICE_X51Y95         LUT6 (Prop_lut6_I0_O)        0.124    28.787 r  uCPUTop/uIfetch/vga_fb_mem_reg_0_i_38/O
                         net (fo=17, routed)          0.000    28.787    uCPUTop/uIfetch/vga_fb_mem_reg_0_i_38_n_0
    SLICE_X51Y95         MUXF7 (Prop_muxf7_I1_O)      0.217    29.004 r  uCPUTop/uIfetch/vga_fb_mem_reg_0_i_7/O
                         net (fo=8, routed)           1.852    30.856    uCPUTop/uDataMemory/ALUResult[1]
    SLICE_X43Y72         LUT3 (Prop_lut3_I2_O)        0.299    31.155 r  uCPUTop/uDataMemory/mem_reg_0_i_15/O
                         net (fo=16, routed)          4.011    35.167    uCPUTop/uDataMemory/p_0_in[0]
    RAMB36_X0Y22         RAMB36E1                                     r  uCPUTop/uDataMemory/mem_reg_13/ADDRARDADDR[1]
  -------------------------------------------------------------------    -------------------

                         (clock cpu_clk fall edge)   40.000    40.000 r  
    P17                                               0.000    40.000 r  clk (IN)
                         net (fo=0)                   0.000    40.000    clk
    P17                  IBUF (Prop_ibuf_I_O)         1.408    41.408 r  clk_IBUF_inst/O
                         net (fo=1, routed)           1.868    43.276    clk_IBUF
    BUFGCTRL_X0Y1        BUFG (Prop_bufg_I_O)         0.091    43.367 r  clk_IBUF_BUFG_inst/O
                         net (fo=340, routed)         1.445    44.812    clk_IBUF_BUFG
    SLICE_X36Y46         FDCE (Prop_fdce_C_Q)         0.337    45.149 f  clk_div_reg[2]/Q
                         net (fo=2, routed)           0.653    45.803    clk_12_5mhz
    BUFGCTRL_X0Y0        BUFG (Prop_bufg_I_O)         0.232    46.035 f  BUFG_cpu_clk/O
                         net (fo=3762, routed)        1.653    47.687    uCPUTop/uDataMemory/clk_div_reg[2]
    RAMB36_X0Y22         RAMB36E1                                     r  uCPUTop/uDataMemory/mem_reg_13/CLKARDCLK  (IS_INVERTED)
                         clock pessimism              0.509    48.196    
                         clock uncertainty           -0.035    48.161    
    RAMB36_X0Y22         RAMB36E1 (Setup_ramb36e1_CLKARDCLK_ADDRARDADDR[1])
                                                     -0.566    47.595    uCPUTop/uDataMemory/mem_reg_13
  -------------------------------------------------------------------
                         required time                         47.595    
                         arrival time                         -35.167    
  -------------------------------------------------------------------
                         slack                                 12.428    





Min Delay Paths
--------------------------------------------------------------------------------------
Slack (MET) :             0.038ns  (arrival time - required time)
  Source:                 uCPUPipe/uPipeRegs/ifid_pcplus4_reg[8]/C
                            (rising edge-triggered cell FDCE clocked by cpu_clk  {rise@0.000ns fall@40.000ns period=80.000ns})
  Destination:            uCPUPipe/uPipeRegs/idex_pcplus4_reg[8]/D
                            (rising edge-triggered cell FDCE clocked by cpu_clk  {rise@0.000ns fall@40.000ns period=80.000ns})
  Path Group:             cpu_clk
  Path Type:              Hold (Min at Fast Process Corner)
  Requirement:            0.000ns  (cpu_clk rise@0.000ns - cpu_clk rise@0.000ns)
  Data Path Delay:        0.364ns  (logic 0.141ns (38.789%)  route 0.223ns (61.211%))
  Logic Levels:           0  
  Clock Path Skew:        0.262ns (DCD - SCD - CPR)
    Destination Clock Delay (DCD):    3.466ns
    Source Clock Delay      (SCD):    2.597ns
    Clock Pessimism Removal (CPR):    0.607ns

    Location             Delay type                Incr(ns)  Path(ns)    Netlist Resource(s)
  -------------------------------------------------------------------    -------------------
                         (clock cpu_clk rise edge)    0.000     0.000 r  
    P17                                               0.000     0.000 r  clk (IN)
                         net (fo=0)                   0.000     0.000    clk
    P17                  IBUF (Prop_ibuf_I_O)         0.246     0.246 r  clk_IBUF_inst/O
                         net (fo=1, routed)           0.634     0.880    clk_IBUF
    BUFGCTRL_X0Y1        BUFG (Prop_bufg_I_O)         0.026     0.906 r  clk_IBUF_BUFG_inst/O
                         net (fo=340, routed)         0.563     1.469    clk_IBUF_BUFG
    SLICE_X36Y46         FDCE (Prop_fdce_C_Q)         0.128     1.597 r  clk_div_reg[2]/Q
                         net (fo=2, routed)           0.280     1.877    clk_12_5mhz
    BUFGCTRL_X0Y0        BUFG (Prop_bufg_I_O)         0.080     1.957 r  BUFG_cpu_clk/O
                         net (fo=3762, routed)        0.640     2.597    uCPUPipe/uPipeRegs/clk
    SLICE_X35Y111        FDCE                                         r  uCPUPipe/uPipeRegs/ifid_pcplus4_reg[8]/C
  -------------------------------------------------------------------    -------------------
    SLICE_X35Y111        FDCE (Prop_fdce_C_Q)         0.141     2.738 r  uCPUPipe/uPipeRegs/ifid_pcplus4_reg[8]/Q
                         net (fo=1, routed)           0.223     2.961    uCPUPipe/uPipeRegs/ifid_pcplus4_reg_n_0_[8]
    SLICE_X38Y114        FDCE                                         r  uCPUPipe/uPipeRegs/idex_pcplus4_reg[8]/D
  -------------------------------------------------------------------    -------------------

                         (clock cpu_clk rise edge)    0.000     0.000 r  
    P17                                               0.000     0.000 r  clk (IN)
                         net (fo=0)                   0.000     0.000    clk
    P17                  IBUF (Prop_ibuf_I_O)         0.434     0.434 r  clk_IBUF_inst/O
                         net (fo=1, routed)           0.689     1.123    clk_IBUF
    BUFGCTRL_X0Y1        BUFG (Prop_bufg_I_O)         0.029     1.152 r  clk_IBUF_BUFG_inst/O
                         net (fo=340, routed)         0.832     1.983    clk_IBUF_BUFG
    SLICE_X36Y46         FDCE (Prop_fdce_C_Q)         0.160     2.143 r  clk_div_reg[2]/Q
                         net (fo=2, routed)           0.314     2.458    clk_12_5mhz
    BUFGCTRL_X0Y0        BUFG (Prop_bufg_I_O)         0.097     2.555 r  BUFG_cpu_clk/O
                         net (fo=3762, routed)        0.911     3.466    uCPUPipe/uPipeRegs/clk
    SLICE_X38Y114        FDCE                                         r  uCPUPipe/uPipeRegs/idex_pcplus4_reg[8]/C
                         clock pessimism             -0.607     2.859    
    SLICE_X38Y114        FDCE (Hold_fdce_C_D)         0.064     2.923    uCPUPipe/uPipeRegs/idex_pcplus4_reg[8]
  -------------------------------------------------------------------
                         required time                         -2.923    
                         arrival time                           2.961    
  -------------------------------------------------------------------
                         slack                                  0.038    

Slack (MET) :             0.046ns  (arrival time - required time)
  Source:                 uCPUPipe/uPipeRegs/ifid_pcplus4_reg[1]/C
                            (rising edge-triggered cell FDCE clocked by cpu_clk  {rise@0.000ns fall@40.000ns period=80.000ns})
  Destination:            uCPUPipe/uPipeRegs/idex_pcplus4_reg[1]/D
                            (rising edge-triggered cell FDCE clocked by cpu_clk  {rise@0.000ns fall@40.000ns period=80.000ns})
  Path Group:             cpu_clk
  Path Type:              Hold (Min at Fast Process Corner)
  Requirement:            0.000ns  (cpu_clk rise@0.000ns - cpu_clk rise@0.000ns)
  Data Path Delay:        0.383ns  (logic 0.141ns (36.829%)  route 0.242ns (63.171%))
  Logic Levels:           0  
  Clock Path Skew:        0.262ns (DCD - SCD - CPR)
    Destination Clock Delay (DCD):    3.466ns
    Source Clock Delay      (SCD):    2.597ns
    Clock Pessimism Removal (CPR):    0.607ns

    Location             Delay type                Incr(ns)  Path(ns)    Netlist Resource(s)
  -------------------------------------------------------------------    -------------------
                         (clock cpu_clk rise edge)    0.000     0.000 r  
    P17                                               0.000     0.000 r  clk (IN)
                         net (fo=0)                   0.000     0.000    clk
    P17                  IBUF (Prop_ibuf_I_O)         0.246     0.246 r  clk_IBUF_inst/O
                         net (fo=1, routed)           0.634     0.880    clk_IBUF
    BUFGCTRL_X0Y1        BUFG (Prop_bufg_I_O)         0.026     0.906 r  clk_IBUF_BUFG_inst/O
                         net (fo=340, routed)         0.563     1.469    clk_IBUF_BUFG
    SLICE_X36Y46         FDCE (Prop_fdce_C_Q)         0.128     1.597 r  clk_div_reg[2]/Q
                         net (fo=2, routed)           0.280     1.877    clk_12_5mhz
    BUFGCTRL_X0Y0        BUFG (Prop_bufg_I_O)         0.080     1.957 r  BUFG_cpu_clk/O
                         net (fo=3762, routed)        0.640     2.597    uCPUPipe/uPipeRegs/clk
    SLICE_X35Y111        FDCE                                         r  uCPUPipe/uPipeRegs/ifid_pcplus4_reg[1]/C
  -------------------------------------------------------------------    -------------------
    SLICE_X35Y111        FDCE (Prop_fdce_C_Q)         0.141     2.738 r  uCPUPipe/uPipeRegs/ifid_pcplus4_reg[1]/Q
                         net (fo=1, routed)           0.242     2.980    uCPUPipe/uPipeRegs/ifid_pcplus4_reg_n_0_[1]
    SLICE_X38Y114        FDCE                                         r  uCPUPipe/uPipeRegs/idex_pcplus4_reg[1]/D
  -------------------------------------------------------------------    -------------------

                         (clock cpu_clk rise edge)    0.000     0.000 r  
    P17                                               0.000     0.000 r  clk (IN)
                         net (fo=0)                   0.000     0.000    clk
    P17                  IBUF (Prop_ibuf_I_O)         0.434     0.434 r  clk_IBUF_inst/O
                         net (fo=1, routed)           0.689     1.123    clk_IBUF
    BUFGCTRL_X0Y1        BUFG (Prop_bufg_I_O)         0.029     1.152 r  clk_IBUF_BUFG_inst/O
                         net (fo=340, routed)         0.832     1.983    clk_IBUF_BUFG
    SLICE_X36Y46         FDCE (Prop_fdce_C_Q)         0.160     2.143 r  clk_div_reg[2]/Q
                         net (fo=2, routed)           0.314     2.458    clk_12_5mhz
    BUFGCTRL_X0Y0        BUFG (Prop_bufg_I_O)         0.097     2.555 r  BUFG_cpu_clk/O
                         net (fo=3762, routed)        0.911     3.466    uCPUPipe/uPipeRegs/clk
    SLICE_X38Y114        FDCE                                         r  uCPUPipe/uPipeRegs/idex_pcplus4_reg[1]/C
                         clock pessimism             -0.607     2.859    
    SLICE_X38Y114        FDCE (Hold_fdce_C_D)         0.075     2.934    uCPUPipe/uPipeRegs/idex_pcplus4_reg[1]
  -------------------------------------------------------------------
                         required time                         -2.934    
                         arrival time                           2.980    
  -------------------------------------------------------------------
                         slack                                  0.046    

Slack (MET) :             0.059ns  (arrival time - required time)
  Source:                 uCPUPipe/uPipeRegs/ifid_pcplus4_reg[2]/C
                            (rising edge-triggered cell FDCE clocked by cpu_clk  {rise@0.000ns fall@40.000ns period=80.000ns})
  Destination:            uCPUPipe/uPipeRegs/idex_pcplus4_reg[2]/D
                            (rising edge-triggered cell FDCE clocked by cpu_clk  {rise@0.000ns fall@40.000ns period=80.000ns})
  Path Group:             cpu_clk
  Path Type:              Hold (Min at Fast Process Corner)
  Requirement:            0.000ns  (cpu_clk rise@0.000ns - cpu_clk rise@0.000ns)
  Data Path Delay:        0.397ns  (logic 0.141ns (35.500%)  route 0.256ns (64.500%))
  Logic Levels:           0  
  Clock Path Skew:        0.262ns (DCD - SCD - CPR)
    Destination Clock Delay (DCD):    3.466ns
    Source Clock Delay      (SCD):    2.597ns
    Clock Pessimism Removal (CPR):    0.607ns

    Location             Delay type                Incr(ns)  Path(ns)    Netlist Resource(s)
  -------------------------------------------------------------------    -------------------
                         (clock cpu_clk rise edge)    0.000     0.000 r  
    P17                                               0.000     0.000 r  clk (IN)
                         net (fo=0)                   0.000     0.000    clk
    P17                  IBUF (Prop_ibuf_I_O)         0.246     0.246 r  clk_IBUF_inst/O
                         net (fo=1, routed)           0.634     0.880    clk_IBUF
    BUFGCTRL_X0Y1        BUFG (Prop_bufg_I_O)         0.026     0.906 r  clk_IBUF_BUFG_inst/O
                         net (fo=340, routed)         0.563     1.469    clk_IBUF_BUFG
    SLICE_X36Y46         FDCE (Prop_fdce_C_Q)         0.128     1.597 r  clk_div_reg[2]/Q
                         net (fo=2, routed)           0.280     1.877    clk_12_5mhz
    BUFGCTRL_X0Y0        BUFG (Prop_bufg_I_O)         0.080     1.957 r  BUFG_cpu_clk/O
                         net (fo=3762, routed)        0.640     2.597    uCPUPipe/uPipeRegs/clk
    SLICE_X35Y111        FDCE                                         r  uCPUPipe/uPipeRegs/ifid_pcplus4_reg[2]/C
  -------------------------------------------------------------------    -------------------
    SLICE_X35Y111        FDCE (Prop_fdce_C_Q)         0.141     2.738 r  uCPUPipe/uPipeRegs/ifid_pcplus4_reg[2]/Q
                         net (fo=1, routed)           0.256     2.995    uCPUPipe/uPipeRegs/ifid_pcplus4_reg_n_0_[2]
    SLICE_X38Y114        FDCE                                         r  uCPUPipe/uPipeRegs/idex_pcplus4_reg[2]/D
  -------------------------------------------------------------------    -------------------

                         (clock cpu_clk rise edge)    0.000     0.000 r  
    P17                                               0.000     0.000 r  clk (IN)
                         net (fo=0)                   0.000     0.000    clk
    P17                  IBUF (Prop_ibuf_I_O)         0.434     0.434 r  clk_IBUF_inst/O
                         net (fo=1, routed)           0.689     1.123    clk_IBUF
    BUFGCTRL_X0Y1        BUFG (Prop_bufg_I_O)         0.029     1.152 r  clk_IBUF_BUFG_inst/O
                         net (fo=340, routed)         0.832     1.983    clk_IBUF_BUFG
    SLICE_X36Y46         FDCE (Prop_fdce_C_Q)         0.160     2.143 r  clk_div_reg[2]/Q
                         net (fo=2, routed)           0.314     2.458    clk_12_5mhz
    BUFGCTRL_X0Y0        BUFG (Prop_bufg_I_O)         0.097     2.555 r  BUFG_cpu_clk/O
                         net (fo=3762, routed)        0.911     3.466    uCPUPipe/uPipeRegs/clk
    SLICE_X38Y114        FDCE                                         r  uCPUPipe/uPipeRegs/idex_pcplus4_reg[2]/C
                         clock pessimism             -0.607     2.859    
    SLICE_X38Y114        FDCE (Hold_fdce_C_D)         0.076     2.935    uCPUPipe/uPipeRegs/idex_pcplus4_reg[2]
  -------------------------------------------------------------------
                         required time                         -2.935    
                         arrival time                           2.995    
  -------------------------------------------------------------------
                         slack                                  0.059    

Slack (MET) :             0.061ns  (arrival time - required time)
  Source:                 uCPUTop/uIfetch/inst_wr_data_sync_reg[1]/C
                            (rising edge-triggered cell FDCE clocked by cpu_clk  {rise@0.000ns fall@40.000ns period=80.000ns})
  Destination:            uCPUTop/uIfetch/mem_reg_1024_1279_1_1/RAMS64E_D/I
                            (rising edge-triggered cell RAMS64E clocked by cpu_clk  {rise@0.000ns fall@40.000ns period=80.000ns})
  Path Group:             cpu_clk
  Path Type:              Hold (Min at Fast Process Corner)
  Requirement:            0.000ns  (cpu_clk rise@0.000ns - cpu_clk rise@0.000ns)
  Data Path Delay:        0.473ns  (logic 0.141ns (29.829%)  route 0.332ns (70.171%))
  Logic Levels:           0  
  Clock Path Skew:        0.268ns (DCD - SCD - CPR)
    Destination Clock Delay (DCD):    3.379ns
    Source Clock Delay      (SCD):    2.509ns
    Clock Pessimism Removal (CPR):    0.602ns

    Location             Delay type                Incr(ns)  Path(ns)    Netlist Resource(s)
  -------------------------------------------------------------------    -------------------
                         (clock cpu_clk rise edge)    0.000     0.000 r  
    P17                                               0.000     0.000 r  clk (IN)
                         net (fo=0)                   0.000     0.000    clk
    P17                  IBUF (Prop_ibuf_I_O)         0.246     0.246 r  clk_IBUF_inst/O
                         net (fo=1, routed)           0.634     0.880    clk_IBUF
    BUFGCTRL_X0Y1        BUFG (Prop_bufg_I_O)         0.026     0.906 r  clk_IBUF_BUFG_inst/O
                         net (fo=340, routed)         0.563     1.469    clk_IBUF_BUFG
    SLICE_X36Y46         FDCE (Prop_fdce_C_Q)         0.128     1.597 r  clk_div_reg[2]/Q
                         net (fo=2, routed)           0.280     1.877    clk_12_5mhz
    BUFGCTRL_X0Y0        BUFG (Prop_bufg_I_O)         0.080     1.957 r  BUFG_cpu_clk/O
                         net (fo=3762, routed)        0.552     2.509    uCPUTop/uIfetch/clk
    SLICE_X31Y79         FDCE                                         r  uCPUTop/uIfetch/inst_wr_data_sync_reg[1]/C
  -------------------------------------------------------------------    -------------------
    SLICE_X31Y79         FDCE (Prop_fdce_C_Q)         0.141     2.650 r  uCPUTop/uIfetch/inst_wr_data_sync_reg[1]/Q
                         net (fo=33, routed)          0.332     2.982    uCPUTop/uIfetch/mem_reg_1024_1279_1_1/D
    SLICE_X38Y86         RAMS64E                                      r  uCPUTop/uIfetch/mem_reg_1024_1279_1_1/RAMS64E_D/I
  -------------------------------------------------------------------    -------------------

                         (clock cpu_clk rise edge)    0.000     0.000 r  
    P17                                               0.000     0.000 r  clk (IN)
                         net (fo=0)                   0.000     0.000    clk
    P17                  IBUF (Prop_ibuf_I_O)         0.434     0.434 r  clk_IBUF_inst/O
                         net (fo=1, routed)           0.689     1.123    clk_IBUF
    BUFGCTRL_X0Y1        BUFG (Prop_bufg_I_O)         0.029     1.152 r  clk_IBUF_BUFG_inst/O
                         net (fo=340, routed)         0.832     1.983    clk_IBUF_BUFG
    SLICE_X36Y46         FDCE (Prop_fdce_C_Q)         0.160     2.143 r  clk_div_reg[2]/Q
                         net (fo=2, routed)           0.314     2.458    clk_12_5mhz
    BUFGCTRL_X0Y0        BUFG (Prop_bufg_I_O)         0.097     2.555 r  BUFG_cpu_clk/O
                         net (fo=3762, routed)        0.824     3.379    uCPUTop/uIfetch/mem_reg_1024_1279_1_1/WCLK
    SLICE_X38Y86         RAMS64E                                      r  uCPUTop/uIfetch/mem_reg_1024_1279_1_1/RAMS64E_D/CLK
                         clock pessimism             -0.602     2.777    
    SLICE_X38Y86         RAMS64E (Hold_rams64e_CLK_I)
                                                      0.144     2.921    uCPUTop/uIfetch/mem_reg_1024_1279_1_1/RAMS64E_D
  -------------------------------------------------------------------
                         required time                         -2.921    
                         arrival time                           2.982    
  -------------------------------------------------------------------
                         slack                                  0.061    

Slack (MET) :             0.063ns  (arrival time - required time)
  Source:                 uCPUPipe/uPipeRegs/ifid_pcplus4_reg[9]/C
                            (rising edge-triggered cell FDCE clocked by cpu_clk  {rise@0.000ns fall@40.000ns period=80.000ns})
  Destination:            uCPUPipe/uPipeRegs/idex_pcplus4_reg[9]/D
                            (rising edge-triggered cell FDCE clocked by cpu_clk  {rise@0.000ns fall@40.000ns period=80.000ns})
  Path Group:             cpu_clk
  Path Type:              Hold (Min at Fast Process Corner)
  Requirement:            0.000ns  (cpu_clk rise@0.000ns - cpu_clk rise@0.000ns)
  Data Path Delay:        0.391ns  (logic 0.141ns (36.105%)  route 0.250ns (63.895%))
  Logic Levels:           0  
  Clock Path Skew:        0.262ns (DCD - SCD - CPR)
    Destination Clock Delay (DCD):    3.465ns
    Source Clock Delay      (SCD):    2.596ns
    Clock Pessimism Removal (CPR):    0.607ns

    Location             Delay type                Incr(ns)  Path(ns)    Netlist Resource(s)
  -------------------------------------------------------------------    -------------------
                         (clock cpu_clk rise edge)    0.000     0.000 r  
    P17                                               0.000     0.000 r  clk (IN)
                         net (fo=0)                   0.000     0.000    clk
    P17                  IBUF (Prop_ibuf_I_O)         0.246     0.246 r  clk_IBUF_inst/O
                         net (fo=1, routed)           0.634     0.880    clk_IBUF
    BUFGCTRL_X0Y1        BUFG (Prop_bufg_I_O)         0.026     0.906 r  clk_IBUF_BUFG_inst/O
                         net (fo=340, routed)         0.563     1.469    clk_IBUF_BUFG
    SLICE_X36Y46         FDCE (Prop_fdce_C_Q)         0.128     1.597 r  clk_div_reg[2]/Q
                         net (fo=2, routed)           0.280     1.877    clk_12_5mhz
    BUFGCTRL_X0Y0        BUFG (Prop_bufg_I_O)         0.080     1.957 r  BUFG_cpu_clk/O
                         net (fo=3762, routed)        0.639     2.596    uCPUPipe/uPipeRegs/clk
    SLICE_X31Y113        FDCE                                         r  uCPUPipe/uPipeRegs/ifid_pcplus4_reg[9]/C
  -------------------------------------------------------------------    -------------------
    SLICE_X31Y113        FDCE (Prop_fdce_C_Q)         0.141     2.737 r  uCPUPipe/uPipeRegs/ifid_pcplus4_reg[9]/Q
                         net (fo=1, routed)           0.250     2.987    uCPUPipe/uPipeRegs/ifid_pcplus4_reg_n_0_[9]
    SLICE_X36Y115        FDCE                                         r  uCPUPipe/uPipeRegs/idex_pcplus4_reg[9]/D
  -------------------------------------------------------------------    -------------------

                         (clock cpu_clk rise edge)    0.000     0.000 r  
    P17                                               0.000     0.000 r  clk (IN)
                         net (fo=0)                   0.000     0.000    clk
    P17                  IBUF (Prop_ibuf_I_O)         0.434     0.434 r  clk_IBUF_inst/O
                         net (fo=1, routed)           0.689     1.123    clk_IBUF
    BUFGCTRL_X0Y1        BUFG (Prop_bufg_I_O)         0.029     1.152 r  clk_IBUF_BUFG_inst/O
                         net (fo=340, routed)         0.832     1.983    clk_IBUF_BUFG
    SLICE_X36Y46         FDCE (Prop_fdce_C_Q)         0.160     2.143 r  clk_div_reg[2]/Q
                         net (fo=2, routed)           0.314     2.458    clk_12_5mhz
    BUFGCTRL_X0Y0        BUFG (Prop_bufg_I_O)         0.097     2.555 r  BUFG_cpu_clk/O
                         net (fo=3762, routed)        0.910     3.465    uCPUPipe/uPipeRegs/clk
    SLICE_X36Y115        FDCE                                         r  uCPUPipe/uPipeRegs/idex_pcplus4_reg[9]/C
                         clock pessimism             -0.607     2.858    
    SLICE_X36Y115        FDCE (Hold_fdce_C_D)         0.066     2.924    uCPUPipe/uPipeRegs/idex_pcplus4_reg[9]
  -------------------------------------------------------------------
                         required time                         -2.924    
                         arrival time                           2.987    
  -------------------------------------------------------------------
                         slack                                  0.063    

Slack (MET) :             0.077ns  (arrival time - required time)
  Source:                 uCPUPipe/uIfetch/pc_prev_reg[6]/C
                            (rising edge-triggered cell FDCE clocked by cpu_clk  {rise@0.000ns fall@40.000ns period=80.000ns})
  Destination:            uCPUPipe/uPipeRegs/ifid_pc_reg[6]/D
                            (rising edge-triggered cell FDCE clocked by cpu_clk  {rise@0.000ns fall@40.000ns period=80.000ns})
  Path Group:             cpu_clk
  Path Type:              Hold (Min at Fast Process Corner)
  Requirement:            0.000ns  (cpu_clk rise@0.000ns - cpu_clk rise@0.000ns)
  Data Path Delay:        0.517ns  (logic 0.186ns (35.979%)  route 0.331ns (64.021%))
  Logic Levels:           1  (LUT5=1)
  Clock Path Skew:        0.348ns (DCD - SCD - CPR)
    Destination Clock Delay (DCD):    3.470ns
    Source Clock Delay      (SCD):    2.519ns
    Clock Pessimism Removal (CPR):    0.602ns

    Location             Delay type                Incr(ns)  Path(ns)    Netlist Resource(s)
  -------------------------------------------------------------------    -------------------
                         (clock cpu_clk rise edge)    0.000     0.000 r  
    P17                                               0.000     0.000 r  clk (IN)
                         net (fo=0)                   0.000     0.000    clk
    P17                  IBUF (Prop_ibuf_I_O)         0.246     0.246 r  clk_IBUF_inst/O
                         net (fo=1, routed)           0.634     0.880    clk_IBUF
    BUFGCTRL_X0Y1        BUFG (Prop_bufg_I_O)         0.026     0.906 r  clk_IBUF_BUFG_inst/O
                         net (fo=340, routed)         0.563     1.469    clk_IBUF_BUFG
    SLICE_X36Y46         FDCE (Prop_fdce_C_Q)         0.128     1.597 r  clk_div_reg[2]/Q
                         net (fo=2, routed)           0.280     1.877    clk_12_5mhz
    BUFGCTRL_X0Y0        BUFG (Prop_bufg_I_O)         0.080     1.957 r  BUFG_cpu_clk/O
                         net (fo=3762, routed)        0.562     2.519    uCPUPipe/uIfetch/clk
    SLICE_X32Y98         FDCE                                         r  uCPUPipe/uIfetch/pc_prev_reg[6]/C
  -------------------------------------------------------------------    -------------------
    SLICE_X32Y98         FDCE (Prop_fdce_C_Q)         0.141     2.660 r  uCPUPipe/uIfetch/pc_prev_reg[6]/Q
                         net (fo=3, routed)           0.331     2.991    uCPUPipe/uPipeRegs/pc_prev_reg[31][6]
    SLICE_X31Y109        LUT5 (Prop_lut5_I4_O)        0.045     3.036 r  uCPUPipe/uPipeRegs/ifid_pc[6]_i_1/O
                         net (fo=1, routed)           0.000     3.036    uCPUPipe/uPipeRegs/p_0_in[6]
    SLICE_X31Y109        FDCE                                         r  uCPUPipe/uPipeRegs/ifid_pc_reg[6]/D
  -------------------------------------------------------------------    -------------------

                         (clock cpu_clk rise edge)    0.000     0.000 r  
    P17                                               0.000     0.000 r  clk (IN)
                         net (fo=0)                   0.000     0.000    clk
    P17                  IBUF (Prop_ibuf_I_O)         0.434     0.434 r  clk_IBUF_inst/O
                         net (fo=1, routed)           0.689     1.123    clk_IBUF
    BUFGCTRL_X0Y1        BUFG (Prop_bufg_I_O)         0.029     1.152 r  clk_IBUF_BUFG_inst/O
                         net (fo=340, routed)         0.832     1.983    clk_IBUF_BUFG
    SLICE_X36Y46         FDCE (Prop_fdce_C_Q)         0.160     2.143 r  clk_div_reg[2]/Q
                         net (fo=2, routed)           0.314     2.458    clk_12_5mhz
    BUFGCTRL_X0Y0        BUFG (Prop_bufg_I_O)         0.097     2.555 r  BUFG_cpu_clk/O
                         net (fo=3762, routed)        0.915     3.470    uCPUPipe/uPipeRegs/clk
    SLICE_X31Y109        FDCE                                         r  uCPUPipe/uPipeRegs/ifid_pc_reg[6]/C
                         clock pessimism             -0.602     2.867    
    SLICE_X31Y109        FDCE (Hold_fdce_C_D)         0.092     2.959    uCPUPipe/uPipeRegs/ifid_pc_reg[6]
  -------------------------------------------------------------------
                         required time                         -2.959    
                         arrival time                           3.036    
  -------------------------------------------------------------------
                         slack                                  0.077    

Slack (MET) :             0.088ns  (arrival time - required time)
  Source:                 uCPUTop/uIfetch/inst_wr_data_sync_reg[12]/C
                            (rising edge-triggered cell FDCE clocked by cpu_clk  {rise@0.000ns fall@40.000ns period=80.000ns})
  Destination:            uCPUTop/uIfetch/mem_reg_0_255_12_12/RAMS64E_D/I
                            (rising edge-triggered cell RAMS64E clocked by cpu_clk  {rise@0.000ns fall@40.000ns period=80.000ns})
  Path Group:             cpu_clk
  Path Type:              Hold (Min at Fast Process Corner)
  Requirement:            0.000ns  (cpu_clk rise@0.000ns - cpu_clk rise@0.000ns)
  Data Path Delay:        0.500ns  (logic 0.164ns (32.780%)  route 0.336ns (67.220%))
  Logic Levels:           0  
  Clock Path Skew:        0.269ns (DCD - SCD - CPR)
    Destination Clock Delay (DCD):    3.379ns
    Source Clock Delay      (SCD):    2.508ns
    Clock Pessimism Removal (CPR):    0.602ns

    Location             Delay type                Incr(ns)  Path(ns)    Netlist Resource(s)
  -------------------------------------------------------------------    -------------------
                         (clock cpu_clk rise edge)    0.000     0.000 r  
    P17                                               0.000     0.000 r  clk (IN)
                         net (fo=0)                   0.000     0.000    clk
    P17                  IBUF (Prop_ibuf_I_O)         0.246     0.246 r  clk_IBUF_inst/O
                         net (fo=1, routed)           0.634     0.880    clk_IBUF
    BUFGCTRL_X0Y1        BUFG (Prop_bufg_I_O)         0.026     0.906 r  clk_IBUF_BUFG_inst/O
                         net (fo=340, routed)         0.563     1.469    clk_IBUF_BUFG
    SLICE_X36Y46         FDCE (Prop_fdce_C_Q)         0.128     1.597 r  clk_div_reg[2]/Q
                         net (fo=2, routed)           0.280     1.877    clk_12_5mhz
    BUFGCTRL_X0Y0        BUFG (Prop_bufg_I_O)         0.080     1.957 r  BUFG_cpu_clk/O
                         net (fo=3762, routed)        0.551     2.508    uCPUTop/uIfetch/clk
    SLICE_X30Y78         FDCE                                         r  uCPUTop/uIfetch/inst_wr_data_sync_reg[12]/C
  -------------------------------------------------------------------    -------------------
    SLICE_X30Y78         FDCE (Prop_fdce_C_Q)         0.164     2.672 r  uCPUTop/uIfetch/inst_wr_data_sync_reg[12]/Q
                         net (fo=33, routed)          0.336     3.008    uCPUTop/uIfetch/mem_reg_0_255_12_12/D
    SLICE_X46Y83         RAMS64E                                      r  uCPUTop/uIfetch/mem_reg_0_255_12_12/RAMS64E_D/I
  -------------------------------------------------------------------    -------------------

                         (clock cpu_clk rise edge)    0.000     0.000 r  
    P17                                               0.000     0.000 r  clk (IN)
                         net (fo=0)                   0.000     0.000    clk
    P17                  IBUF (Prop_ibuf_I_O)         0.434     0.434 r  clk_IBUF_inst/O
                         net (fo=1, routed)           0.689     1.123    clk_IBUF
    BUFGCTRL_X0Y1        BUFG (Prop_bufg_I_O)         0.029     1.152 r  clk_IBUF_BUFG_inst/O
                         net (fo=340, routed)         0.832     1.983    clk_IBUF_BUFG
    SLICE_X36Y46         FDCE (Prop_fdce_C_Q)         0.160     2.143 r  clk_div_reg[2]/Q
                         net (fo=2, routed)           0.314     2.458    clk_12_5mhz
    BUFGCTRL_X0Y0        BUFG (Prop_bufg_I_O)         0.097     2.555 r  BUFG_cpu_clk/O
                         net (fo=3762, routed)        0.825     3.379    uCPUTop/uIfetch/mem_reg_0_255_12_12/WCLK
    SLICE_X46Y83         RAMS64E                                      r  uCPUTop/uIfetch/mem_reg_0_255_12_12/RAMS64E_D/CLK
                         clock pessimism             -0.602     2.777    
    SLICE_X46Y83         RAMS64E (Hold_rams64e_CLK_I)
                                                      0.144     2.921    uCPUTop/uIfetch/mem_reg_0_255_12_12/RAMS64E_D
  -------------------------------------------------------------------
                         required time                         -2.921    
                         arrival time                           3.008    
  -------------------------------------------------------------------
                         slack                                  0.088    

Slack (MET) :             0.095ns  (arrival time - required time)
  Source:                 uCPUPipe/uPipeRegs/ifid_pcplus4_reg[4]/C
                            (rising edge-triggered cell FDCE clocked by cpu_clk  {rise@0.000ns fall@40.000ns period=80.000ns})
  Destination:            uCPUPipe/uPipeRegs/idex_pcplus4_reg[4]/D
                            (rising edge-triggered cell FDCE clocked by cpu_clk  {rise@0.000ns fall@40.000ns period=80.000ns})
  Path Group:             cpu_clk
  Path Type:              Hold (Min at Fast Process Corner)
  Requirement:            0.000ns  (cpu_clk rise@0.000ns - cpu_clk rise@0.000ns)
  Data Path Delay:        0.419ns  (logic 0.141ns (33.657%)  route 0.278ns (66.343%))
  Logic Levels:           0  
  Clock Path Skew:        0.261ns (DCD - SCD - CPR)
    Destination Clock Delay (DCD):    3.466ns
    Source Clock Delay      (SCD):    2.598ns
    Clock Pessimism Removal (CPR):    0.607ns

    Location             Delay type                Incr(ns)  Path(ns)    Netlist Resource(s)
  -------------------------------------------------------------------    -------------------
                         (clock cpu_clk rise edge)    0.000     0.000 r  
    P17                                               0.000     0.000 r  clk (IN)
                         net (fo=0)                   0.000     0.000    clk
    P17                  IBUF (Prop_ibuf_I_O)         0.246     0.246 r  clk_IBUF_inst/O
                         net (fo=1, routed)           0.634     0.880    clk_IBUF
    BUFGCTRL_X0Y1        BUFG (Prop_bufg_I_O)         0.026     0.906 r  clk_IBUF_BUFG_inst/O
                         net (fo=340, routed)         0.563     1.469    clk_IBUF_BUFG
    SLICE_X36Y46         FDCE (Prop_fdce_C_Q)         0.128     1.597 r  clk_div_reg[2]/Q
                         net (fo=2, routed)           0.280     1.877    clk_12_5mhz
    BUFGCTRL_X0Y0        BUFG (Prop_bufg_I_O)         0.080     1.957 r  BUFG_cpu_clk/O
                         net (fo=3762, routed)        0.641     2.598    uCPUPipe/uPipeRegs/clk
    SLICE_X31Y111        FDCE                                         r  uCPUPipe/uPipeRegs/ifid_pcplus4_reg[4]/C
  -------------------------------------------------------------------    -------------------
    SLICE_X31Y111        FDCE (Prop_fdce_C_Q)         0.141     2.739 r  uCPUPipe/uPipeRegs/ifid_pcplus4_reg[4]/Q
                         net (fo=1, routed)           0.278     3.017    uCPUPipe/uPipeRegs/ifid_pcplus4_reg_n_0_[4]
    SLICE_X38Y114        FDCE                                         r  uCPUPipe/uPipeRegs/idex_pcplus4_reg[4]/D
  -------------------------------------------------------------------    -------------------

                         (clock cpu_clk rise edge)    0.000     0.000 r  
    P17                                               0.000     0.000 r  clk (IN)
                         net (fo=0)                   0.000     0.000    clk
    P17                  IBUF (Prop_ibuf_I_O)         0.434     0.434 r  clk_IBUF_inst/O
                         net (fo=1, routed)           0.689     1.123    clk_IBUF
    BUFGCTRL_X0Y1        BUFG (Prop_bufg_I_O)         0.029     1.152 r  clk_IBUF_BUFG_inst/O
                         net (fo=340, routed)         0.832     1.983    clk_IBUF_BUFG
    SLICE_X36Y46         FDCE (Prop_fdce_C_Q)         0.160     2.143 r  clk_div_reg[2]/Q
                         net (fo=2, routed)           0.314     2.458    clk_12_5mhz
    BUFGCTRL_X0Y0        BUFG (Prop_bufg_I_O)         0.097     2.555 r  BUFG_cpu_clk/O
                         net (fo=3762, routed)        0.911     3.466    uCPUPipe/uPipeRegs/clk
    SLICE_X38Y114        FDCE                                         r  uCPUPipe/uPipeRegs/idex_pcplus4_reg[4]/C
                         clock pessimism             -0.607     2.859    
    SLICE_X38Y114        FDCE (Hold_fdce_C_D)         0.063     2.922    uCPUPipe/uPipeRegs/idex_pcplus4_reg[4]
  -------------------------------------------------------------------
                         required time                         -2.922    
                         arrival time                           3.017    
  -------------------------------------------------------------------
                         slack                                  0.095    

Slack (MET) :             0.095ns  (arrival time - required time)
  Source:                 uCPUTop/uIfetch/inst_wr_data_sync_reg[26]/C
                            (rising edge-triggered cell FDCE clocked by cpu_clk  {rise@0.000ns fall@40.000ns period=80.000ns})
  Destination:            uCPUTop/uIfetch/mem_reg_768_1023_26_26/RAMS64E_D/I
                            (rising edge-triggered cell RAMS64E clocked by cpu_clk  {rise@0.000ns fall@40.000ns period=80.000ns})
  Path Group:             cpu_clk
  Path Type:              Hold (Min at Fast Process Corner)
  Requirement:            0.000ns  (cpu_clk rise@0.000ns - cpu_clk rise@0.000ns)
  Data Path Delay:        0.499ns  (logic 0.164ns (32.851%)  route 0.335ns (67.149%))
  Logic Levels:           0  
  Clock Path Skew:        0.260ns (DCD - SCD - CPR)
    Destination Clock Delay (DCD):    3.383ns
    Source Clock Delay      (SCD):    2.521ns
    Clock Pessimism Removal (CPR):    0.602ns

    Location             Delay type                Incr(ns)  Path(ns)    Netlist Resource(s)
  -------------------------------------------------------------------    -------------------
                         (clock cpu_clk rise edge)    0.000     0.000 r  
    P17                                               0.000     0.000 r  clk (IN)
                         net (fo=0)                   0.000     0.000    clk
    P17                  IBUF (Prop_ibuf_I_O)         0.246     0.246 r  clk_IBUF_inst/O
                         net (fo=1, routed)           0.634     0.880    clk_IBUF
    BUFGCTRL_X0Y1        BUFG (Prop_bufg_I_O)         0.026     0.906 r  clk_IBUF_BUFG_inst/O
                         net (fo=340, routed)         0.563     1.469    clk_IBUF_BUFG
    SLICE_X36Y46         FDCE (Prop_fdce_C_Q)         0.128     1.597 r  clk_div_reg[2]/Q
                         net (fo=2, routed)           0.280     1.877    clk_12_5mhz
    BUFGCTRL_X0Y0        BUFG (Prop_bufg_I_O)         0.080     1.957 r  BUFG_cpu_clk/O
                         net (fo=3762, routed)        0.564     2.521    uCPUTop/uIfetch/clk
    SLICE_X14Y95         FDCE                                         r  uCPUTop/uIfetch/inst_wr_data_sync_reg[26]/C
  -------------------------------------------------------------------    -------------------
    SLICE_X14Y95         FDCE (Prop_fdce_C_Q)         0.164     2.685 r  uCPUTop/uIfetch/inst_wr_data_sync_reg[26]/Q
                         net (fo=33, routed)          0.335     3.020    uCPUTop/uIfetch/mem_reg_768_1023_26_26/D
    SLICE_X38Y91         RAMS64E                                      r  uCPUTop/uIfetch/mem_reg_768_1023_26_26/RAMS64E_D/I
  -------------------------------------------------------------------    -------------------

                         (clock cpu_clk rise edge)    0.000     0.000 r  
    P17                                               0.000     0.000 r  clk (IN)
                         net (fo=0)                   0.000     0.000    clk
    P17                  IBUF (Prop_ibuf_I_O)         0.434     0.434 r  clk_IBUF_inst/O
                         net (fo=1, routed)           0.689     1.123    clk_IBUF
    BUFGCTRL_X0Y1        BUFG (Prop_bufg_I_O)         0.029     1.152 r  clk_IBUF_BUFG_inst/O
                         net (fo=340, routed)         0.832     1.983    clk_IBUF_BUFG
    SLICE_X36Y46         FDCE (Prop_fdce_C_Q)         0.160     2.143 r  clk_div_reg[2]/Q
                         net (fo=2, routed)           0.314     2.458    clk_12_5mhz
    BUFGCTRL_X0Y0        BUFG (Prop_bufg_I_O)         0.097     2.555 r  BUFG_cpu_clk/O
                         net (fo=3762, routed)        0.828     3.383    uCPUTop/uIfetch/mem_reg_768_1023_26_26/WCLK
    SLICE_X38Y91         RAMS64E                                      r  uCPUTop/uIfetch/mem_reg_768_1023_26_26/RAMS64E_D/CLK
                         clock pessimism             -0.602     2.781    
    SLICE_X38Y91         RAMS64E (Hold_rams64e_CLK_I)
                                                      0.144     2.925    uCPUTop/uIfetch/mem_reg_768_1023_26_26/RAMS64E_D
  -------------------------------------------------------------------
                         required time                         -2.925    
                         arrival time                           3.020    
  -------------------------------------------------------------------
                         slack                                  0.095    

Slack (MET) :             0.100ns  (arrival time - required time)
  Source:                 uCPUTop/uIfetch/inst_wr_data_sync_reg[1]/C
                            (rising edge-triggered cell FDCE clocked by cpu_clk  {rise@0.000ns fall@40.000ns period=80.000ns})
  Destination:            uCPUTop/uIfetch/mem_reg_1024_1279_1_1/RAMS64E_B/I
                            (rising edge-triggered cell RAMS64E clocked by cpu_clk  {rise@0.000ns fall@40.000ns period=80.000ns})
  Path Group:             cpu_clk
  Path Type:              Hold (Min at Fast Process Corner)
  Requirement:            0.000ns  (cpu_clk rise@0.000ns - cpu_clk rise@0.000ns)
  Data Path Delay:        0.473ns  (logic 0.141ns (29.829%)  route 0.332ns (70.171%))
  Logic Levels:           0  
  Clock Path Skew:        0.268ns (DCD - SCD - CPR)
    Destination Clock Delay (DCD):    3.379ns
    Source Clock Delay      (SCD):    2.509ns
    Clock Pessimism Removal (CPR):    0.602ns

    Location             Delay type                Incr(ns)  Path(ns)    Netlist Resource(s)
  -------------------------------------------------------------------    -------------------
                         (clock cpu_clk rise edge)    0.000     0.000 r  
    P17                                               0.000     0.000 r  clk (IN)
                         net (fo=0)                   0.000     0.000    clk
    P17                  IBUF (Prop_ibuf_I_O)         0.246     0.246 r  clk_IBUF_inst/O
                         net (fo=1, routed)           0.634     0.880    clk_IBUF
    BUFGCTRL_X0Y1        BUFG (Prop_bufg_I_O)         0.026     0.906 r  clk_IBUF_BUFG_inst/O
                         net (fo=340, routed)         0.563     1.469    clk_IBUF_BUFG
    SLICE_X36Y46         FDCE (Prop_fdce_C_Q)         0.128     1.597 r  clk_div_reg[2]/Q
                         net (fo=2, routed)           0.280     1.877    clk_12_5mhz
    BUFGCTRL_X0Y0        BUFG (Prop_bufg_I_O)         0.080     1.957 r  BUFG_cpu_clk/O
                         net (fo=3762, routed)        0.552     2.509    uCPUTop/uIfetch/clk
    SLICE_X31Y79         FDCE                                         r  uCPUTop/uIfetch/inst_wr_data_sync_reg[1]/C
  -------------------------------------------------------------------    -------------------
    SLICE_X31Y79         FDCE (Prop_fdce_C_Q)         0.141     2.650 r  uCPUTop/uIfetch/inst_wr_data_sync_reg[1]/Q
                         net (fo=33, routed)          0.332     2.982    uCPUTop/uIfetch/mem_reg_1024_1279_1_1/D
    SLICE_X38Y86         RAMS64E                                      r  uCPUTop/uIfetch/mem_reg_1024_1279_1_1/RAMS64E_B/I
  -------------------------------------------------------------------    -------------------

                         (clock cpu_clk rise edge)    0.000     0.000 r  
    P17                                               0.000     0.000 r  clk (IN)
                         net (fo=0)                   0.000     0.000    clk
    P17                  IBUF (Prop_ibuf_I_O)         0.434     0.434 r  clk_IBUF_inst/O
                         net (fo=1, routed)           0.689     1.123    clk_IBUF
    BUFGCTRL_X0Y1        BUFG (Prop_bufg_I_O)         0.029     1.152 r  clk_IBUF_BUFG_inst/O
                         net (fo=340, routed)         0.832     1.983    clk_IBUF_BUFG
    SLICE_X36Y46         FDCE (Prop_fdce_C_Q)         0.160     2.143 r  clk_div_reg[2]/Q
                         net (fo=2, routed)           0.314     2.458    clk_12_5mhz
    BUFGCTRL_X0Y0        BUFG (Prop_bufg_I_O)         0.097     2.555 r  BUFG_cpu_clk/O
                         net (fo=3762, routed)        0.824     3.379    uCPUTop/uIfetch/mem_reg_1024_1279_1_1/WCLK
    SLICE_X38Y86         RAMS64E                                      r  uCPUTop/uIfetch/mem_reg_1024_1279_1_1/RAMS64E_B/CLK
                         clock pessimism             -0.602     2.777    
    SLICE_X38Y86         RAMS64E (Hold_rams64e_CLK_I)
                                                      0.105     2.882    uCPUTop/uIfetch/mem_reg_1024_1279_1_1/RAMS64E_B
  -------------------------------------------------------------------
                         required time                         -2.882    
                         arrival time                           2.982    
  -------------------------------------------------------------------
                         slack                                  0.100    





Pulse Width Checks
--------------------------------------------------------------------------------------
Clock Name:         cpu_clk
Waveform(ns):       { 0.000 40.000 }
Period(ns):         80.000
Sources:            { BUFG_cpu_clk/O }

Check Type        Corner  Lib Pin             Reference Pin  Required(ns)  Actual(ns)  Slack(ns)  Location      Pin
Min Period        n/a     RAMB36E1/CLKARDCLK  n/a            2.944         80.000      77.056     RAMB36_X2Y13  uCPUPipe/uDataMemory/vga_fb_mem_reg_0/CLKARDCLK
Min Period        n/a     RAMB36E1/CLKARDCLK  n/a            2.944         80.000      77.056     RAMB36_X2Y14  uCPUPipe/uDataMemory/vga_fb_mem_reg_1/CLKARDCLK
Min Period        n/a     RAMB36E1/CLKARDCLK  n/a            2.944         80.000      77.056     RAMB36_X2Y10  uCPUTop/uDataMemory/vga_fb_mem_reg_0/CLKARDCLK
Min Period        n/a     RAMB36E1/CLKARDCLK  n/a            2.944         80.000      77.056     RAMB36_X1Y10  uCPUTop/uDataMemory/vga_fb_mem_reg_1/CLKARDCLK
Min Period        n/a     RAMB36E1/CLKARDCLK  n/a            2.576         80.000      77.424     RAMB36_X0Y25  uCPUPipe/uDataMemory/mem_reg_13/CLKARDCLK
Min Period        n/a     RAMB36E1/CLKARDCLK  n/a            2.576         80.000      77.424     RAMB36_X0Y13  uCPUPipe/uDataMemory/mem_reg_4/CLKARDCLK
Min Period        n/a     RAMB36E1/CLKARDCLK  n/a            2.576         80.000      77.424     RAMB36_X0Y18  uCPUPipe/uDataMemory/mem_reg_9/CLKARDCLK
Min Period        n/a     RAMB36E1/CLKARDCLK  n/a            2.576         80.000      77.424     RAMB36_X0Y20  uCPUTop/uDataMemory/mem_reg_11/CLKARDCLK
Min Period        n/a     RAMB36E1/CLKARDCLK  n/a            2.576         80.000      77.424     RAMB36_X0Y15  uCPUTop/uDataMemory/mem_reg_2/CLKARDCLK
Min Period        n/a     RAMB36E1/CLKARDCLK  n/a            2.576         80.000      77.424     RAMB36_X1Y12  uCPUTop/uDataMemory/mem_reg_7/CLKARDCLK
Low Pulse Width   Slow    RAMS64E/CLK         n/a            1.250         40.000      38.750     SLICE_X54Y89  uCPUTop/uIfetch/mem_reg_1536_1791_14_14/RAMS64E_C/CLK
Low Pulse Width   Slow    RAMS64E/CLK         n/a            1.250         40.000      38.750     SLICE_X54Y89  uCPUTop/uIfetch/mem_reg_1536_1791_14_14/RAMS64E_D/CLK
Low Pulse Width   Slow    RAMS64E/CLK         n/a            1.250         40.000      38.750     SLICE_X54Y97  uCPUTop/uIfetch/mem_reg_1536_1791_15_15/RAMS64E_A/CLK
Low Pulse Width   Slow    RAMS64E/CLK         n/a            1.250         40.000      38.750     SLICE_X54Y97  uCPUTop/uIfetch/mem_reg_1536_1791_15_15/RAMS64E_B/CLK
Low Pulse Width   Slow    RAMS64E/CLK         n/a            1.250         40.000      38.750     SLICE_X54Y97  uCPUTop/uIfetch/mem_reg_1536_1791_15_15/RAMS64E_C/CLK
Low Pulse Width   Slow    RAMS64E/CLK         n/a            1.250         40.000      38.750     SLICE_X54Y97  uCPUTop/uIfetch/mem_reg_1536_1791_15_15/RAMS64E_D/CLK
Low Pulse Width   Slow    RAMS64E/CLK         n/a            1.250         40.000      38.750     SLICE_X50Y97  uCPUTop/uIfetch/mem_reg_1536_1791_16_16/RAMS64E_A/CLK
Low Pulse Width   Slow    RAMS64E/CLK         n/a            1.250         40.000      38.750     SLICE_X50Y97  uCPUTop/uIfetch/mem_reg_1536_1791_16_16/RAMS64E_B/CLK
Low Pulse Width   Slow    RAMS64E/CLK         n/a            1.250         40.000      38.750     SLICE_X50Y97  uCPUTop/uIfetch/mem_reg_1536_1791_16_16/RAMS64E_C/CLK
Low Pulse Width   Slow    RAMS64E/CLK         n/a            1.250         40.000      38.750     SLICE_X50Y97  uCPUTop/uIfetch/mem_reg_1536_1791_16_16/RAMS64E_D/CLK
High Pulse Width  Slow    RAMS64E/CLK         n/a            1.250         40.000      38.750     SLICE_X38Y85  uCPUTop/uIfetch/mem_reg_1536_1791_18_18/RAMS64E_A/CLK
High Pulse Width  Slow    RAMS64E/CLK         n/a            1.250         40.000      38.750     SLICE_X38Y85  uCPUTop/uIfetch/mem_reg_1536_1791_18_18/RAMS64E_B/CLK
High Pulse Width  Slow    RAMS64E/CLK         n/a            1.250         40.000      38.750     SLICE_X38Y85  uCPUTop/uIfetch/mem_reg_1536_1791_18_18/RAMS64E_C/CLK
High Pulse Width  Slow    RAMS64E/CLK         n/a            1.250         40.000      38.750     SLICE_X42Y78  uCPUTop/uIfetch/mem_reg_0_255_0_0/RAMS64E_A/CLK
High Pulse Width  Slow    RAMS64E/CLK         n/a            1.250         40.000      38.750     SLICE_X38Y85  uCPUTop/uIfetch/mem_reg_1536_1791_18_18/RAMS64E_D/CLK
High Pulse Width  Slow    RAMS64E/CLK         n/a            1.250         40.000      38.750     SLICE_X42Y78  uCPUTop/uIfetch/mem_reg_0_255_0_0/RAMS64E_B/CLK
High Pulse Width  Slow    RAMS64E/CLK         n/a            1.250         40.000      38.750     SLICE_X42Y78  uCPUTop/uIfetch/mem_reg_0_255_0_0/RAMS64E_C/CLK
High Pulse Width  Slow    RAMS64E/CLK         n/a            1.250         40.000      38.750     SLICE_X42Y78  uCPUTop/uIfetch/mem_reg_0_255_0_0/RAMS64E_D/CLK
High Pulse Width  Slow    RAMS64E/CLK         n/a            1.250         40.000      38.750     SLICE_X46Y77  uCPUTop/uIfetch/mem_reg_1536_1791_1_1/RAMS64E_A/CLK
High Pulse Width  Slow    RAMS64E/CLK         n/a            1.250         40.000      38.750     SLICE_X46Y77  uCPUTop/uIfetch/mem_reg_1536_1791_1_1/RAMS64E_B/CLK



---------------------------------------------------------------------------------------------------
From Clock:  vga_clk
  To Clock:  vga_clk

Setup :            0  Failing Endpoints,  Worst Slack       33.593ns,  Total Violation        0.000ns
Hold  :            0  Failing Endpoints,  Worst Slack        0.092ns,  Total Violation        0.000ns
PW    :            0  Failing Endpoints,  Worst Slack       19.500ns,  Total Violation        0.000ns
---------------------------------------------------------------------------------------------------


Max Delay Paths
--------------------------------------------------------------------------------------
Slack (MET) :             33.593ns  (required time - arrival time)
  Source:                 uVGA/v_cnt_reg[3]/C
                            (rising edge-triggered cell FDCE clocked by vga_clk  {rise@0.000ns fall@20.000ns period=40.000ns})
  Destination:            uVGA/fb_addr_reg_reg[9]/D
                            (rising edge-triggered cell FDCE clocked by vga_clk  {rise@0.000ns fall@20.000ns period=40.000ns})
  Path Group:             vga_clk
  Path Type:              Setup (Max at Slow Process Corner)
  Requirement:            40.000ns  (vga_clk rise@40.000ns - vga_clk rise@0.000ns)
  Data Path Delay:        6.358ns  (logic 2.233ns (35.120%)  route 4.125ns (64.880%))
  Logic Levels:           6  (CARRY4=2 LUT3=1 LUT4=1 LUT5=1 LUT6=1)
  Clock Path Skew:        -0.044ns (DCD - SCD + CPR)
    Destination Clock Delay (DCD):    7.226ns = ( 47.226 - 40.000 ) 
    Source Clock Delay      (SCD):    7.797ns
    Clock Pessimism Removal (CPR):    0.527ns
  Clock Uncertainty:      0.035ns  ((TSJ^2 + TIJ^2)^1/2 + DJ) / 2 + PE
    Total System Jitter     (TSJ):    0.071ns
    Total Input Jitter      (TIJ):    0.000ns
    Discrete Jitter          (DJ):    0.000ns
    Phase Error              (PE):    0.000ns

    Location             Delay type                Incr(ns)  Path(ns)    Netlist Resource(s)
  -------------------------------------------------------------------    -------------------
                         (clock vga_clk rise edge)    0.000     0.000 r  
    P17                                               0.000     0.000 r  clk (IN)
                         net (fo=0)                   0.000     0.000    clk
    P17                  IBUF (Prop_ibuf_I_O)         1.478     1.478 r  clk_IBUF_inst/O
                         net (fo=1, routed)           1.972     3.450    clk_IBUF
    BUFGCTRL_X0Y1        BUFG (Prop_bufg_I_O)         0.096     3.546 r  clk_IBUF_BUFG_inst/O
                         net (fo=340, routed)         1.565     5.111    clk_IBUF_BUFG
    SLICE_X36Y46         FDCE (Prop_fdce_C_Q)         0.456     5.567 r  clk_div_reg[1]/Q
                         net (fo=3, routed)           0.582     6.149    clk_25mhz
    BUFGCTRL_X0Y2        BUFG (Prop_bufg_I_O)         0.096     6.245 r  BUFG_vga_clk/O
                         net (fo=83, routed)          1.552     7.797    uVGA/vga_clk
    SLICE_X53Y65         FDCE                                         r  uVGA/v_cnt_reg[3]/C
  -------------------------------------------------------------------    -------------------
    SLICE_X53Y65         FDCE (Prop_fdce_C_Q)         0.419     8.216 f  uVGA/v_cnt_reg[3]/Q
                         net (fo=10, routed)          1.349     9.565    uVGA/v_cnt_reg_n_0_[3]
    SLICE_X53Y65         LUT5 (Prop_lut5_I1_O)        0.299     9.864 r  uVGA/v_cnt[8]_i_2/O
                         net (fo=15, routed)          0.930    10.794    uVGA/v_cnt[8]_i_2_n_0
    SLICE_X53Y68         LUT3 (Prop_lut3_I0_O)        0.118    10.912 r  uVGA/fb_addr_reg[8]_i_9/O
                         net (fo=1, routed)           0.818    11.730    uVGA/fb_addr_reg[8]_i_9_n_0
    SLICE_X51Y67         LUT6 (Prop_lut6_I5_O)        0.326    12.056 r  uVGA/fb_addr_reg[8]_i_7/O
                         net (fo=1, routed)           0.000    12.056    uVGA/fb_addr_reg[8]_i_7_n_0
    SLICE_X51Y67         CARRY4 (Prop_carry4_S[1]_CO[3])
                                                      0.550    12.606 r  uVGA/fb_addr_reg_reg[8]_i_2/CO[3]
                         net (fo=1, routed)           0.000    12.606    uVGA/fb_addr_reg_reg[8]_i_2_n_0
    SLICE_X51Y68         CARRY4 (Prop_carry4_CI_O[0])
                                                      0.222    12.828 r  uVGA/fb_addr_reg_reg[11]_i_7/O[0]
                         net (fo=1, routed)           1.028    13.857    uVGA/fb_addr_reg0[9]
    SLICE_X49Y69         LUT4 (Prop_lut4_I2_O)        0.299    14.156 r  uVGA/fb_addr_reg[9]_i_1/O
                         net (fo=1, routed)           0.000    14.156    uVGA/fb_addr_reg[9]_i_1_n_0
    SLICE_X49Y69         FDCE                                         r  uVGA/fb_addr_reg_reg[9]/D
  -------------------------------------------------------------------    -------------------

                         (clock vga_clk rise edge)   40.000    40.000 r  
    P17                                               0.000    40.000 r  clk (IN)
                         net (fo=0)                   0.000    40.000    clk
    P17                  IBUF (Prop_ibuf_I_O)         1.408    41.408 r  clk_IBUF_inst/O
                         net (fo=1, routed)           1.868    43.276    clk_IBUF
    BUFGCTRL_X0Y1        BUFG (Prop_bufg_I_O)         0.091    43.367 r  clk_IBUF_BUFG_inst/O
                         net (fo=340, routed)         1.445    44.812    clk_IBUF_BUFG
    SLICE_X36Y46         FDCE (Prop_fdce_C_Q)         0.367    45.179 r  clk_div_reg[1]/Q
                         net (fo=3, routed)           0.526    45.705    clk_25mhz
    BUFGCTRL_X0Y2        BUFG (Prop_bufg_I_O)         0.091    45.796 r  BUFG_vga_clk/O
                         net (fo=83, routed)          1.430    47.226    uVGA/vga_clk
    SLICE_X49Y69         FDCE                                         r  uVGA/fb_addr_reg_reg[9]/C
                         clock pessimism              0.527    47.753    
                         clock uncertainty           -0.035    47.718    
    SLICE_X49Y69         FDCE (Setup_fdce_C_D)        0.031    47.749    uVGA/fb_addr_reg_reg[9]
  -------------------------------------------------------------------
                         required time                         47.749    
                         arrival time                         -14.156    
  -------------------------------------------------------------------
                         slack                                 33.593    

Slack (MET) :             33.904ns  (required time - arrival time)
  Source:                 uVGA/v_cnt_reg[3]/C
                            (rising edge-triggered cell FDCE clocked by vga_clk  {rise@0.000ns fall@20.000ns period=40.000ns})
  Destination:            uVGA/fb_addr_reg_reg[10]/D
                            (rising edge-triggered cell FDCE clocked by vga_clk  {rise@0.000ns fall@20.000ns period=40.000ns})
  Path Group:             vga_clk
  Path Type:              Setup (Max at Slow Process Corner)
  Requirement:            40.000ns  (vga_clk rise@40.000ns - vga_clk rise@0.000ns)
  Data Path Delay:        6.048ns  (logic 2.349ns (38.839%)  route 3.699ns (61.161%))
  Logic Levels:           6  (CARRY4=2 LUT3=1 LUT4=1 LUT5=1 LUT6=1)
  Clock Path Skew:        -0.044ns (DCD - SCD + CPR)
    Destination Clock Delay (DCD):    7.226ns = ( 47.226 - 40.000 ) 
    Source Clock Delay      (SCD):    7.797ns
    Clock Pessimism Removal (CPR):    0.527ns
  Clock Uncertainty:      0.035ns  ((TSJ^2 + TIJ^2)^1/2 + DJ) / 2 + PE
    Total System Jitter     (TSJ):    0.071ns
    Total Input Jitter      (TIJ):    0.000ns
    Discrete Jitter          (DJ):    0.000ns
    Phase Error              (PE):    0.000ns

    Location             Delay type                Incr(ns)  Path(ns)    Netlist Resource(s)
  -------------------------------------------------------------------    -------------------
                         (clock vga_clk rise edge)    0.000     0.000 r  
    P17                                               0.000     0.000 r  clk (IN)
                         net (fo=0)                   0.000     0.000    clk
    P17                  IBUF (Prop_ibuf_I_O)         1.478     1.478 r  clk_IBUF_inst/O
                         net (fo=1, routed)           1.972     3.450    clk_IBUF
    BUFGCTRL_X0Y1        BUFG (Prop_bufg_I_O)         0.096     3.546 r  clk_IBUF_BUFG_inst/O
                         net (fo=340, routed)         1.565     5.111    clk_IBUF_BUFG
    SLICE_X36Y46         FDCE (Prop_fdce_C_Q)         0.456     5.567 r  clk_div_reg[1]/Q
                         net (fo=3, routed)           0.582     6.149    clk_25mhz
    BUFGCTRL_X0Y2        BUFG (Prop_bufg_I_O)         0.096     6.245 r  BUFG_vga_clk/O
                         net (fo=83, routed)          1.552     7.797    uVGA/vga_clk
    SLICE_X53Y65         FDCE                                         r  uVGA/v_cnt_reg[3]/C
  -------------------------------------------------------------------    -------------------
    SLICE_X53Y65         FDCE (Prop_fdce_C_Q)         0.419     8.216 f  uVGA/v_cnt_reg[3]/Q
                         net (fo=10, routed)          1.349     9.565    uVGA/v_cnt_reg_n_0_[3]
    SLICE_X53Y65         LUT5 (Prop_lut5_I1_O)        0.299     9.864 r  uVGA/v_cnt[8]_i_2/O
                         net (fo=15, routed)          0.930    10.794    uVGA/v_cnt[8]_i_2_n_0
    SLICE_X53Y68         LUT3 (Prop_lut3_I0_O)        0.118    10.912 r  uVGA/fb_addr_reg[8]_i_9/O
                         net (fo=1, routed)           0.818    11.730    uVGA/fb_addr_reg[8]_i_9_n_0
    SLICE_X51Y67         LUT6 (Prop_lut6_I5_O)        0.326    12.056 r  uVGA/fb_addr_reg[8]_i_7/O
                         net (fo=1, routed)           0.000    12.056    uVGA/fb_addr_reg[8]_i_7_n_0
    SLICE_X51Y67         CARRY4 (Prop_carry4_S[1]_CO[3])
                                                      0.550    12.606 r  uVGA/fb_addr_reg_reg[8]_i_2/CO[3]
                         net (fo=1, routed)           0.000    12.606    uVGA/fb_addr_reg_reg[8]_i_2_n_0
    SLICE_X51Y68         CARRY4 (Prop_carry4_CI_O[1])
                                                      0.334    12.940 r  uVGA/fb_addr_reg_reg[11]_i_7/O[1]
                         net (fo=1, routed)           0.602    13.542    uVGA/fb_addr_reg0[10]
    SLICE_X49Y69         LUT4 (Prop_lut4_I2_O)        0.303    13.845 r  uVGA/fb_addr_reg[10]_i_1/O
                         net (fo=1, routed)           0.000    13.845    uVGA/fb_addr_reg[10]_i_1_n_0
    SLICE_X49Y69         FDCE                                         r  uVGA/fb_addr_reg_reg[10]/D
  -------------------------------------------------------------------    -------------------

                         (clock vga_clk rise edge)   40.000    40.000 r  
    P17                                               0.000    40.000 r  clk (IN)
                         net (fo=0)                   0.000    40.000    clk
    P17                  IBUF (Prop_ibuf_I_O)         1.408    41.408 r  clk_IBUF_inst/O
                         net (fo=1, routed)           1.868    43.276    clk_IBUF
    BUFGCTRL_X0Y1        BUFG (Prop_bufg_I_O)         0.091    43.367 r  clk_IBUF_BUFG_inst/O
                         net (fo=340, routed)         1.445    44.812    clk_IBUF_BUFG
    SLICE_X36Y46         FDCE (Prop_fdce_C_Q)         0.367    45.179 r  clk_div_reg[1]/Q
                         net (fo=3, routed)           0.526    45.705    clk_25mhz
    BUFGCTRL_X0Y2        BUFG (Prop_bufg_I_O)         0.091    45.796 r  BUFG_vga_clk/O
                         net (fo=83, routed)          1.430    47.226    uVGA/vga_clk
    SLICE_X49Y69         FDCE                                         r  uVGA/fb_addr_reg_reg[10]/C
                         clock pessimism              0.527    47.753    
                         clock uncertainty           -0.035    47.718    
    SLICE_X49Y69         FDCE (Setup_fdce_C_D)        0.031    47.749    uVGA/fb_addr_reg_reg[10]
  -------------------------------------------------------------------
                         required time                         47.749    
                         arrival time                         -13.845    
  -------------------------------------------------------------------
                         slack                                 33.904    

Slack (MET) :             33.943ns  (required time - arrival time)
  Source:                 uVGA/v_cnt_reg[3]/C
                            (rising edge-triggered cell FDCE clocked by vga_clk  {rise@0.000ns fall@20.000ns period=40.000ns})
  Destination:            uVGA/fb_addr_reg_reg[8]/D
                            (rising edge-triggered cell FDCE clocked by vga_clk  {rise@0.000ns fall@20.000ns period=40.000ns})
  Path Group:             vga_clk
  Path Type:              Setup (Max at Slow Process Corner)
  Requirement:            40.000ns  (vga_clk rise@40.000ns - vga_clk rise@0.000ns)
  Data Path Delay:        6.007ns  (logic 2.108ns (35.095%)  route 3.899ns (64.905%))
  Logic Levels:           5  (CARRY4=1 LUT3=1 LUT4=1 LUT5=1 LUT6=1)
  Clock Path Skew:        -0.044ns (DCD - SCD + CPR)
    Destination Clock Delay (DCD):    7.226ns = ( 47.226 - 40.000 ) 
    Source Clock Delay      (SCD):    7.797ns
    Clock Pessimism Removal (CPR):    0.527ns
  Clock Uncertainty:      0.035ns  ((TSJ^2 + TIJ^2)^1/2 + DJ) / 2 + PE
    Total System Jitter     (TSJ):    0.071ns
    Total Input Jitter      (TIJ):    0.000ns
    Discrete Jitter          (DJ):    0.000ns
    Phase Error              (PE):    0.000ns

    Location             Delay type                Incr(ns)  Path(ns)    Netlist Resource(s)
  -------------------------------------------------------------------    -------------------
                         (clock vga_clk rise edge)    0.000     0.000 r  
    P17                                               0.000     0.000 r  clk (IN)
                         net (fo=0)                   0.000     0.000    clk
    P17                  IBUF (Prop_ibuf_I_O)         1.478     1.478 r  clk_IBUF_inst/O
                         net (fo=1, routed)           1.972     3.450    clk_IBUF
    BUFGCTRL_X0Y1        BUFG (Prop_bufg_I_O)         0.096     3.546 r  clk_IBUF_BUFG_inst/O
                         net (fo=340, routed)         1.565     5.111    clk_IBUF_BUFG
    SLICE_X36Y46         FDCE (Prop_fdce_C_Q)         0.456     5.567 r  clk_div_reg[1]/Q
                         net (fo=3, routed)           0.582     6.149    clk_25mhz
    BUFGCTRL_X0Y2        BUFG (Prop_bufg_I_O)         0.096     6.245 r  BUFG_vga_clk/O
                         net (fo=83, routed)          1.552     7.797    uVGA/vga_clk
    SLICE_X53Y65         FDCE                                         r  uVGA/v_cnt_reg[3]/C
  -------------------------------------------------------------------    -------------------
    SLICE_X53Y65         FDCE (Prop_fdce_C_Q)         0.419     8.216 f  uVGA/v_cnt_reg[3]/Q
                         net (fo=10, routed)          1.349     9.565    uVGA/v_cnt_reg_n_0_[3]
    SLICE_X53Y65         LUT5 (Prop_lut5_I1_O)        0.299     9.864 r  uVGA/v_cnt[8]_i_2/O
                         net (fo=15, routed)          0.930    10.794    uVGA/v_cnt[8]_i_2_n_0
    SLICE_X53Y68         LUT3 (Prop_lut3_I0_O)        0.118    10.912 r  uVGA/fb_addr_reg[8]_i_9/O
                         net (fo=1, routed)           0.818    11.730    uVGA/fb_addr_reg[8]_i_9_n_0
    SLICE_X51Y67         LUT6 (Prop_lut6_I5_O)        0.326    12.056 r  uVGA/fb_addr_reg[8]_i_7/O
                         net (fo=1, routed)           0.000    12.056    uVGA/fb_addr_reg[8]_i_7_n_0
    SLICE_X51Y67         CARRY4 (Prop_carry4_S[1]_O[3])
                                                      0.640    12.696 r  uVGA/fb_addr_reg_reg[8]_i_2/O[3]
                         net (fo=1, routed)           0.802    13.498    uVGA/fb_addr_reg0[8]
    SLICE_X49Y69         LUT4 (Prop_lut4_I2_O)        0.306    13.804 r  uVGA/fb_addr_reg[8]_i_1/O
                         net (fo=1, routed)           0.000    13.804    uVGA/fb_addr_reg[8]_i_1_n_0
    SLICE_X49Y69         FDCE                                         r  uVGA/fb_addr_reg_reg[8]/D
  -------------------------------------------------------------------    -------------------

                         (clock vga_clk rise edge)   40.000    40.000 r  
    P17                                               0.000    40.000 r  clk (IN)
                         net (fo=0)                   0.000    40.000    clk
    P17                  IBUF (Prop_ibuf_I_O)         1.408    41.408 r  clk_IBUF_inst/O
                         net (fo=1, routed)           1.868    43.276    clk_IBUF
    BUFGCTRL_X0Y1        BUFG (Prop_bufg_I_O)         0.091    43.367 r  clk_IBUF_BUFG_inst/O
                         net (fo=340, routed)         1.445    44.812    clk_IBUF_BUFG
    SLICE_X36Y46         FDCE (Prop_fdce_C_Q)         0.367    45.179 r  clk_div_reg[1]/Q
                         net (fo=3, routed)           0.526    45.705    clk_25mhz
    BUFGCTRL_X0Y2        BUFG (Prop_bufg_I_O)         0.091    45.796 r  BUFG_vga_clk/O
                         net (fo=83, routed)          1.430    47.226    uVGA/vga_clk
    SLICE_X49Y69         FDCE                                         r  uVGA/fb_addr_reg_reg[8]/C
                         clock pessimism              0.527    47.753    
                         clock uncertainty           -0.035    47.718    
    SLICE_X49Y69         FDCE (Setup_fdce_C_D)        0.029    47.747    uVGA/fb_addr_reg_reg[8]
  -------------------------------------------------------------------
                         required time                         47.747    
                         arrival time                         -13.804    
  -------------------------------------------------------------------
                         slack                                 33.943    

Slack (MET) :             34.135ns  (required time - arrival time)
  Source:                 uCPUTop/uDataMemory/vga_fb_mem_reg_1/CLKBWRCLK
                            (rising edge-triggered cell RAMB36E1 clocked by vga_clk  {rise@0.000ns fall@20.000ns period=40.000ns})
  Destination:            uVGA/char_data_reg[12]/D
                            (rising edge-triggered cell FDCE clocked by vga_clk  {rise@0.000ns fall@20.000ns period=40.000ns})
  Path Group:             vga_clk
  Path Type:              Setup (Max at Slow Process Corner)
  Requirement:            40.000ns  (vga_clk rise@40.000ns - vga_clk rise@0.000ns)
  Data Path Delay:        5.427ns  (logic 2.606ns (48.018%)  route 2.821ns (51.982%))
  Logic Levels:           1  (LUT3=1)
  Clock Path Skew:        -0.092ns (DCD - SCD + CPR)
    Destination Clock Delay (DCD):    7.227ns = ( 47.227 - 40.000 ) 
    Source Clock Delay      (SCD):    7.847ns
    Clock Pessimism Removal (CPR):    0.527ns
  Clock Uncertainty:      0.035ns  ((TSJ^2 + TIJ^2)^1/2 + DJ) / 2 + PE
    Total System Jitter     (TSJ):    0.071ns
    Total Input Jitter      (TIJ):    0.000ns
    Discrete Jitter          (DJ):    0.000ns
    Phase Error              (PE):    0.000ns

    Location             Delay type                Incr(ns)  Path(ns)    Netlist Resource(s)
  -------------------------------------------------------------------    -------------------
                         (clock vga_clk rise edge)    0.000     0.000 r  
    P17                                               0.000     0.000 r  clk (IN)
                         net (fo=0)                   0.000     0.000    clk
    P17                  IBUF (Prop_ibuf_I_O)         1.478     1.478 r  clk_IBUF_inst/O
                         net (fo=1, routed)           1.972     3.450    clk_IBUF
    BUFGCTRL_X0Y1        BUFG (Prop_bufg_I_O)         0.096     3.546 r  clk_IBUF_BUFG_inst/O
                         net (fo=340, routed)         1.565     5.111    clk_IBUF_BUFG
    SLICE_X36Y46         FDCE (Prop_fdce_C_Q)         0.456     5.567 r  clk_div_reg[1]/Q
                         net (fo=3, routed)           0.582     6.149    clk_25mhz
    BUFGCTRL_X0Y2        BUFG (Prop_bufg_I_O)         0.096     6.245 r  BUFG_vga_clk/O
                         net (fo=83, routed)          1.601     7.847    uCPUTop/uDataMemory/vga_clk
    RAMB36_X1Y10         RAMB36E1                                     r  uCPUTop/uDataMemory/vga_fb_mem_reg_1/CLKBWRCLK
  -------------------------------------------------------------------    -------------------
    RAMB36_X1Y10         RAMB36E1 (Prop_ramb36e1_CLKBWRCLK_DOBDO[3])
                                                      2.454    10.301 r  uCPUTop/uDataMemory/vga_fb_mem_reg_1/DOBDO[3]
                         net (fo=1, routed)           1.885    12.186    uCPUPipe/uDataMemory/vga_fb_data[11]
    SLICE_X49Y71         LUT3 (Prop_lut3_I2_O)        0.152    12.338 r  uCPUPipe/uDataMemory/char_data[12]_i_1/O
                         net (fo=1, routed)           0.936    13.274    uVGA/D[11]
    SLICE_X53Y70         FDCE                                         r  uVGA/char_data_reg[12]/D
  -------------------------------------------------------------------    -------------------

                         (clock vga_clk rise edge)   40.000    40.000 r  
    P17                                               0.000    40.000 r  clk (IN)
                         net (fo=0)                   0.000    40.000    clk
    P17                  IBUF (Prop_ibuf_I_O)         1.408    41.408 r  clk_IBUF_inst/O
                         net (fo=1, routed)           1.868    43.276    clk_IBUF
    BUFGCTRL_X0Y1        BUFG (Prop_bufg_I_O)         0.091    43.367 r  clk_IBUF_BUFG_inst/O
                         net (fo=340, routed)         1.445    44.812    clk_IBUF_BUFG
    SLICE_X36Y46         FDCE (Prop_fdce_C_Q)         0.367    45.179 r  clk_div_reg[1]/Q
                         net (fo=3, routed)           0.526    45.705    clk_25mhz
    BUFGCTRL_X0Y2        BUFG (Prop_bufg_I_O)         0.091    45.796 r  BUFG_vga_clk/O
                         net (fo=83, routed)          1.431    47.227    uVGA/vga_clk
    SLICE_X53Y70         FDCE                                         r  uVGA/char_data_reg[12]/C
                         clock pessimism              0.527    47.754    
                         clock uncertainty           -0.035    47.719    
    SLICE_X53Y70         FDCE (Setup_fdce_C_D)       -0.310    47.409    uVGA/char_data_reg[12]
  -------------------------------------------------------------------
                         required time                         47.409    
                         arrival time                         -13.274    
  -------------------------------------------------------------------
                         slack                                 34.135    

Slack (MET) :             34.216ns  (required time - arrival time)
  Source:                 uVGA/v_cnt_reg[3]/C
                            (rising edge-triggered cell FDCE clocked by vga_clk  {rise@0.000ns fall@20.000ns period=40.000ns})
  Destination:            uVGA/fb_addr_reg_reg[7]/D
                            (rising edge-triggered cell FDCE clocked by vga_clk  {rise@0.000ns fall@20.000ns period=40.000ns})
  Path Group:             vga_clk
  Path Type:              Setup (Max at Slow Process Corner)
  Requirement:            40.000ns  (vga_clk rise@40.000ns - vga_clk rise@0.000ns)
  Data Path Delay:        5.804ns  (logic 2.044ns (35.215%)  route 3.760ns (64.785%))
  Logic Levels:           5  (CARRY4=1 LUT3=1 LUT4=1 LUT5=1 LUT6=1)
  Clock Path Skew:        -0.025ns (DCD - SCD + CPR)
    Destination Clock Delay (DCD):    7.231ns = ( 47.231 - 40.000 ) 
    Source Clock Delay      (SCD):    7.797ns
    Clock Pessimism Removal (CPR):    0.541ns
  Clock Uncertainty:      0.035ns  ((TSJ^2 + TIJ^2)^1/2 + DJ) / 2 + PE
    Total System Jitter     (TSJ):    0.071ns
    Total Input Jitter      (TIJ):    0.000ns
    Discrete Jitter          (DJ):    0.000ns
    Phase Error              (PE):    0.000ns

    Location             Delay type                Incr(ns)  Path(ns)    Netlist Resource(s)
  -------------------------------------------------------------------    -------------------
                         (clock vga_clk rise edge)    0.000     0.000 r  
    P17                                               0.000     0.000 r  clk (IN)
                         net (fo=0)                   0.000     0.000    clk
    P17                  IBUF (Prop_ibuf_I_O)         1.478     1.478 r  clk_IBUF_inst/O
                         net (fo=1, routed)           1.972     3.450    clk_IBUF
    BUFGCTRL_X0Y1        BUFG (Prop_bufg_I_O)         0.096     3.546 r  clk_IBUF_BUFG_inst/O
                         net (fo=340, routed)         1.565     5.111    clk_IBUF_BUFG
    SLICE_X36Y46         FDCE (Prop_fdce_C_Q)         0.456     5.567 r  clk_div_reg[1]/Q
                         net (fo=3, routed)           0.582     6.149    clk_25mhz
    BUFGCTRL_X0Y2        BUFG (Prop_bufg_I_O)         0.096     6.245 r  BUFG_vga_clk/O
                         net (fo=83, routed)          1.552     7.797    uVGA/vga_clk
    SLICE_X53Y65         FDCE                                         r  uVGA/v_cnt_reg[3]/C
  -------------------------------------------------------------------    -------------------
    SLICE_X53Y65         FDCE (Prop_fdce_C_Q)         0.419     8.216 f  uVGA/v_cnt_reg[3]/Q
                         net (fo=10, routed)          1.349     9.565    uVGA/v_cnt_reg_n_0_[3]
    SLICE_X53Y65         LUT5 (Prop_lut5_I1_O)        0.299     9.864 r  uVGA/v_cnt[8]_i_2/O
                         net (fo=15, routed)          0.930    10.794    uVGA/v_cnt[8]_i_2_n_0
    SLICE_X53Y68         LUT3 (Prop_lut3_I0_O)        0.118    10.912 r  uVGA/fb_addr_reg[8]_i_9/O
                         net (fo=1, routed)           0.818    11.730    uVGA/fb_addr_reg[8]_i_9_n_0
    SLICE_X51Y67         LUT6 (Prop_lut6_I5_O)        0.326    12.056 r  uVGA/fb_addr_reg[8]_i_7/O
                         net (fo=1, routed)           0.000    12.056    uVGA/fb_addr_reg[8]_i_7_n_0
    SLICE_X51Y67         CARRY4 (Prop_carry4_S[1]_O[2])
                                                      0.580    12.636 r  uVGA/fb_addr_reg_reg[8]_i_2/O[2]
                         net (fo=1, routed)           0.664    13.300    uVGA/fb_addr_reg0[7]
    SLICE_X50Y66         LUT4 (Prop_lut4_I2_O)        0.302    13.602 r  uVGA/fb_addr_reg[7]_i_1/O
                         net (fo=1, routed)           0.000    13.602    uVGA/fb_addr_reg[7]_i_1_n_0
    SLICE_X50Y66         FDCE                                         r  uVGA/fb_addr_reg_reg[7]/D
  -------------------------------------------------------------------    -------------------

                         (clock vga_clk rise edge)   40.000    40.000 r  
    P17                                               0.000    40.000 r  clk (IN)
                         net (fo=0)                   0.000    40.000    clk
    P17                  IBUF (Prop_ibuf_I_O)         1.408    41.408 r  clk_IBUF_inst/O
                         net (fo=1, routed)           1.868    43.276    clk_IBUF
    BUFGCTRL_X0Y1        BUFG (Prop_bufg_I_O)         0.091    43.367 r  clk_IBUF_BUFG_inst/O
                         net (fo=340, routed)         1.445    44.812    clk_IBUF_BUFG
    SLICE_X36Y46         FDCE (Prop_fdce_C_Q)         0.367    45.179 r  clk_div_reg[1]/Q
                         net (fo=3, routed)           0.526    45.705    clk_25mhz
    BUFGCTRL_X0Y2        BUFG (Prop_bufg_I_O)         0.091    45.796 r  BUFG_vga_clk/O
                         net (fo=83, routed)          1.435    47.231    uVGA/vga_clk
    SLICE_X50Y66         FDCE                                         r  uVGA/fb_addr_reg_reg[7]/C
                         clock pessimism              0.541    47.772    
                         clock uncertainty           -0.035    47.737    
    SLICE_X50Y66         FDCE (Setup_fdce_C_D)        0.081    47.818    uVGA/fb_addr_reg_reg[7]
  -------------------------------------------------------------------
                         required time                         47.818    
                         arrival time                         -13.602    
  -------------------------------------------------------------------
                         slack                                 34.216    

Slack (MET) :             34.361ns  (required time - arrival time)
  Source:                 uVGA/v_cnt_reg[3]/C
                            (rising edge-triggered cell FDCE clocked by vga_clk  {rise@0.000ns fall@20.000ns period=40.000ns})
  Destination:            uVGA/fb_addr_reg_reg[11]/D
                            (rising edge-triggered cell FDCE clocked by vga_clk  {rise@0.000ns fall@20.000ns period=40.000ns})
  Path Group:             vga_clk
  Path Type:              Setup (Max at Slow Process Corner)
  Requirement:            40.000ns  (vga_clk rise@40.000ns - vga_clk rise@0.000ns)
  Data Path Delay:        5.652ns  (logic 2.253ns (39.859%)  route 3.399ns (60.141%))
  Logic Levels:           6  (CARRY4=2 LUT3=1 LUT4=1 LUT5=1 LUT6=1)
  Clock Path Skew:        -0.028ns (DCD - SCD + CPR)
    Destination Clock Delay (DCD):    7.228ns = ( 47.228 - 40.000 ) 
    Source Clock Delay      (SCD):    7.797ns
    Clock Pessimism Removal (CPR):    0.541ns
  Clock Uncertainty:      0.035ns  ((TSJ^2 + TIJ^2)^1/2 + DJ) / 2 + PE
    Total System Jitter     (TSJ):    0.071ns
    Total Input Jitter      (TIJ):    0.000ns
    Discrete Jitter          (DJ):    0.000ns
    Phase Error              (PE):    0.000ns

    Location             Delay type                Incr(ns)  Path(ns)    Netlist Resource(s)
  -------------------------------------------------------------------    -------------------
                         (clock vga_clk rise edge)    0.000     0.000 r  
    P17                                               0.000     0.000 r  clk (IN)
                         net (fo=0)                   0.000     0.000    clk
    P17                  IBUF (Prop_ibuf_I_O)         1.478     1.478 r  clk_IBUF_inst/O
                         net (fo=1, routed)           1.972     3.450    clk_IBUF
    BUFGCTRL_X0Y1        BUFG (Prop_bufg_I_O)         0.096     3.546 r  clk_IBUF_BUFG_inst/O
                         net (fo=340, routed)         1.565     5.111    clk_IBUF_BUFG
    SLICE_X36Y46         FDCE (Prop_fdce_C_Q)         0.456     5.567 r  clk_div_reg[1]/Q
                         net (fo=3, routed)           0.582     6.149    clk_25mhz
    BUFGCTRL_X0Y2        BUFG (Prop_bufg_I_O)         0.096     6.245 r  BUFG_vga_clk/O
                         net (fo=83, routed)          1.552     7.797    uVGA/vga_clk
    SLICE_X53Y65         FDCE                                         r  uVGA/v_cnt_reg[3]/C
  -------------------------------------------------------------------    -------------------
    SLICE_X53Y65         FDCE (Prop_fdce_C_Q)         0.419     8.216 f  uVGA/v_cnt_reg[3]/Q
                         net (fo=10, routed)          1.349     9.565    uVGA/v_cnt_reg_n_0_[3]
    SLICE_X53Y65         LUT5 (Prop_lut5_I1_O)        0.299     9.864 r  uVGA/v_cnt[8]_i_2/O
                         net (fo=15, routed)          0.930    10.794    uVGA/v_cnt[8]_i_2_n_0
    SLICE_X53Y68         LUT3 (Prop_lut3_I0_O)        0.118    10.912 r  uVGA/fb_addr_reg[8]_i_9/O
                         net (fo=1, routed)           0.818    11.730    uVGA/fb_addr_reg[8]_i_9_n_0
    SLICE_X51Y67         LUT6 (Prop_lut6_I5_O)        0.326    12.056 r  uVGA/fb_addr_reg[8]_i_7/O
                         net (fo=1, routed)           0.000    12.056    uVGA/fb_addr_reg[8]_i_7_n_0
    SLICE_X51Y67         CARRY4 (Prop_carry4_S[1]_CO[3])
                                                      0.550    12.606 r  uVGA/fb_addr_reg_reg[8]_i_2/CO[3]
                         net (fo=1, routed)           0.000    12.606    uVGA/fb_addr_reg_reg[8]_i_2_n_0
    SLICE_X51Y68         CARRY4 (Prop_carry4_CI_O[2])
                                                      0.239    12.845 r  uVGA/fb_addr_reg_reg[11]_i_7/O[2]
                         net (fo=1, routed)           0.303    13.148    uVGA/fb_addr_reg0[11]
    SLICE_X52Y68         LUT4 (Prop_lut4_I2_O)        0.302    13.450 r  uVGA/fb_addr_reg[11]_i_2/O
                         net (fo=1, routed)           0.000    13.450    uVGA/fb_addr_reg[11]_i_2_n_0
    SLICE_X52Y68         FDCE                                         r  uVGA/fb_addr_reg_reg[11]/D
  -------------------------------------------------------------------    -------------------

                         (clock vga_clk rise edge)   40.000    40.000 r  
    P17                                               0.000    40.000 r  clk (IN)
                         net (fo=0)                   0.000    40.000    clk
    P17                  IBUF (Prop_ibuf_I_O)         1.408    41.408 r  clk_IBUF_inst/O
                         net (fo=1, routed)           1.868    43.276    clk_IBUF
    BUFGCTRL_X0Y1        BUFG (Prop_bufg_I_O)         0.091    43.367 r  clk_IBUF_BUFG_inst/O
                         net (fo=340, routed)         1.445    44.812    clk_IBUF_BUFG
    SLICE_X36Y46         FDCE (Prop_fdce_C_Q)         0.367    45.179 r  clk_div_reg[1]/Q
                         net (fo=3, routed)           0.526    45.705    clk_25mhz
    BUFGCTRL_X0Y2        BUFG (Prop_bufg_I_O)         0.091    45.796 r  BUFG_vga_clk/O
                         net (fo=83, routed)          1.432    47.228    uVGA/vga_clk
    SLICE_X52Y68         FDCE                                         r  uVGA/fb_addr_reg_reg[11]/C
                         clock pessimism              0.541    47.769    
                         clock uncertainty           -0.035    47.734    
    SLICE_X52Y68         FDCE (Setup_fdce_C_D)        0.077    47.811    uVGA/fb_addr_reg_reg[11]
  -------------------------------------------------------------------
                         required time                         47.811    
                         arrival time                         -13.450    
  -------------------------------------------------------------------
                         slack                                 34.361    

Slack (MET) :             34.421ns  (required time - arrival time)
  Source:                 uVGA/v_cnt_reg[3]/C
                            (rising edge-triggered cell FDCE clocked by vga_clk  {rise@0.000ns fall@20.000ns period=40.000ns})
  Destination:            uVGA/fb_addr_reg_reg[6]/D
                            (rising edge-triggered cell FDCE clocked by vga_clk  {rise@0.000ns fall@20.000ns period=40.000ns})
  Path Group:             vga_clk
  Path Type:              Setup (Max at Slow Process Corner)
  Requirement:            40.000ns  (vga_clk rise@40.000ns - vga_clk rise@0.000ns)
  Data Path Delay:        5.533ns  (logic 1.692ns (30.580%)  route 3.841ns (69.420%))
  Logic Levels:           5  (CARRY4=1 LUT3=1 LUT4=1 LUT5=1 LUT6=1)
  Clock Path Skew:        -0.040ns (DCD - SCD + CPR)
    Destination Clock Delay (DCD):    7.230ns = ( 47.230 - 40.000 ) 
    Source Clock Delay      (SCD):    7.797ns
    Clock Pessimism Removal (CPR):    0.527ns
  Clock Uncertainty:      0.035ns  ((TSJ^2 + TIJ^2)^1/2 + DJ) / 2 + PE
    Total System Jitter     (TSJ):    0.071ns
    Total Input Jitter      (TIJ):    0.000ns
    Discrete Jitter          (DJ):    0.000ns
    Phase Error              (PE):    0.000ns

    Location             Delay type                Incr(ns)  Path(ns)    Netlist Resource(s)
  -------------------------------------------------------------------    -------------------
                         (clock vga_clk rise edge)    0.000     0.000 r  
    P17                                               0.000     0.000 r  clk (IN)
                         net (fo=0)                   0.000     0.000    clk
    P17                  IBUF (Prop_ibuf_I_O)         1.478     1.478 r  clk_IBUF_inst/O
                         net (fo=1, routed)           1.972     3.450    clk_IBUF
    BUFGCTRL_X0Y1        BUFG (Prop_bufg_I_O)         0.096     3.546 r  clk_IBUF_BUFG_inst/O
                         net (fo=340, routed)         1.565     5.111    clk_IBUF_BUFG
    SLICE_X36Y46         FDCE (Prop_fdce_C_Q)         0.456     5.567 r  clk_div_reg[1]/Q
                         net (fo=3, routed)           0.582     6.149    clk_25mhz
    BUFGCTRL_X0Y2        BUFG (Prop_bufg_I_O)         0.096     6.245 r  BUFG_vga_clk/O
                         net (fo=83, routed)          1.552     7.797    uVGA/vga_clk
    SLICE_X53Y65         FDCE                                         r  uVGA/v_cnt_reg[3]/C
  -------------------------------------------------------------------    -------------------
    SLICE_X53Y65         FDCE (Prop_fdce_C_Q)         0.419     8.216 f  uVGA/v_cnt_reg[3]/Q
                         net (fo=10, routed)          1.349     9.565    uVGA/v_cnt_reg_n_0_[3]
    SLICE_X53Y65         LUT5 (Prop_lut5_I1_O)        0.299     9.864 r  uVGA/v_cnt[8]_i_2/O
                         net (fo=15, routed)          0.930    10.794    uVGA/v_cnt[8]_i_2_n_0
    SLICE_X53Y68         LUT3 (Prop_lut3_I0_O)        0.118    10.912 r  uVGA/fb_addr_reg[8]_i_9/O
                         net (fo=1, routed)           0.818    11.730    uVGA/fb_addr_reg[8]_i_9_n_0
    SLICE_X51Y67         LUT6 (Prop_lut6_I5_O)        0.326    12.056 r  uVGA/fb_addr_reg[8]_i_7/O
                         net (fo=1, routed)           0.000    12.056    uVGA/fb_addr_reg[8]_i_7_n_0
    SLICE_X51Y67         CARRY4 (Prop_carry4_S[1]_O[1])
                                                      0.227    12.283 r  uVGA/fb_addr_reg_reg[8]_i_2/O[1]
                         net (fo=1, routed)           0.744    13.027    uVGA/fb_addr_reg0[6]
    SLICE_X49Y66         LUT4 (Prop_lut4_I2_O)        0.303    13.330 r  uVGA/fb_addr_reg[6]_i_1/O
                         net (fo=1, routed)           0.000    13.330    uVGA/fb_addr_reg[6]_i_1_n_0
    SLICE_X49Y66         FDCE                                         r  uVGA/fb_addr_reg_reg[6]/D
  -------------------------------------------------------------------    -------------------

                         (clock vga_clk rise edge)   40.000    40.000 r  
    P17                                               0.000    40.000 r  clk (IN)
                         net (fo=0)                   0.000    40.000    clk
    P17                  IBUF (Prop_ibuf_I_O)         1.408    41.408 r  clk_IBUF_inst/O
                         net (fo=1, routed)           1.868    43.276    clk_IBUF
    BUFGCTRL_X0Y1        BUFG (Prop_bufg_I_O)         0.091    43.367 r  clk_IBUF_BUFG_inst/O
                         net (fo=340, routed)         1.445    44.812    clk_IBUF_BUFG
    SLICE_X36Y46         FDCE (Prop_fdce_C_Q)         0.367    45.179 r  clk_div_reg[1]/Q
                         net (fo=3, routed)           0.526    45.705    clk_25mhz
    BUFGCTRL_X0Y2        BUFG (Prop_bufg_I_O)         0.091    45.796 r  BUFG_vga_clk/O
                         net (fo=83, routed)          1.434    47.230    uVGA/vga_clk
    SLICE_X49Y66         FDCE                                         r  uVGA/fb_addr_reg_reg[6]/C
                         clock pessimism              0.527    47.757    
                         clock uncertainty           -0.035    47.722    
    SLICE_X49Y66         FDCE (Setup_fdce_C_D)        0.029    47.751    uVGA/fb_addr_reg_reg[6]
  -------------------------------------------------------------------
                         required time                         47.751    
                         arrival time                         -13.330    
  -------------------------------------------------------------------
                         slack                                 34.421    

Slack (MET) :             34.550ns  (required time - arrival time)
  Source:                 uCPUTop/uDataMemory/vga_fb_mem_reg_1/CLKBWRCLK
                            (rising edge-triggered cell RAMB36E1 clocked by vga_clk  {rise@0.000ns fall@20.000ns period=40.000ns})
  Destination:            uVGA/char_data_reg[10]/D
                            (rising edge-triggered cell FDCE clocked by vga_clk  {rise@0.000ns fall@20.000ns period=40.000ns})
  Path Group:             vga_clk
  Path Type:              Setup (Max at Slow Process Corner)
  Requirement:            40.000ns  (vga_clk rise@40.000ns - vga_clk rise@0.000ns)
  Data Path Delay:        5.047ns  (logic 2.606ns (51.631%)  route 2.441ns (48.369%))
  Logic Levels:           1  (LUT3=1)
  Clock Path Skew:        -0.092ns (DCD - SCD + CPR)
    Destination Clock Delay (DCD):    7.227ns = ( 47.227 - 40.000 ) 
    Source Clock Delay      (SCD):    7.847ns
    Clock Pessimism Removal (CPR):    0.527ns
  Clock Uncertainty:      0.035ns  ((TSJ^2 + TIJ^2)^1/2 + DJ) / 2 + PE
    Total System Jitter     (TSJ):    0.071ns
    Total Input Jitter      (TIJ):    0.000ns
    Discrete Jitter          (DJ):    0.000ns
    Phase Error              (PE):    0.000ns

    Location             Delay type                Incr(ns)  Path(ns)    Netlist Resource(s)
  -------------------------------------------------------------------    -------------------
                         (clock vga_clk rise edge)    0.000     0.000 r  
    P17                                               0.000     0.000 r  clk (IN)
                         net (fo=0)                   0.000     0.000    clk
    P17                  IBUF (Prop_ibuf_I_O)         1.478     1.478 r  clk_IBUF_inst/O
                         net (fo=1, routed)           1.972     3.450    clk_IBUF
    BUFGCTRL_X0Y1        BUFG (Prop_bufg_I_O)         0.096     3.546 r  clk_IBUF_BUFG_inst/O
                         net (fo=340, routed)         1.565     5.111    clk_IBUF_BUFG
    SLICE_X36Y46         FDCE (Prop_fdce_C_Q)         0.456     5.567 r  clk_div_reg[1]/Q
                         net (fo=3, routed)           0.582     6.149    clk_25mhz
    BUFGCTRL_X0Y2        BUFG (Prop_bufg_I_O)         0.096     6.245 r  BUFG_vga_clk/O
                         net (fo=83, routed)          1.601     7.847    uCPUTop/uDataMemory/vga_clk
    RAMB36_X1Y10         RAMB36E1                                     r  uCPUTop/uDataMemory/vga_fb_mem_reg_1/CLKBWRCLK
  -------------------------------------------------------------------    -------------------
    RAMB36_X1Y10         RAMB36E1 (Prop_ramb36e1_CLKBWRCLK_DOBDO[1])
                                                      2.454    10.301 r  uCPUTop/uDataMemory/vga_fb_mem_reg_1/DOBDO[1]
                         net (fo=1, routed)           1.631    11.932    uCPUPipe/uDataMemory/vga_fb_data[9]
    SLICE_X49Y71         LUT3 (Prop_lut3_I2_O)        0.152    12.084 r  uCPUPipe/uDataMemory/char_data[10]_i_1/O
                         net (fo=1, routed)           0.810    12.894    uVGA/D[9]
    SLICE_X53Y70         FDCE                                         r  uVGA/char_data_reg[10]/D
  -------------------------------------------------------------------    -------------------

                         (clock vga_clk rise edge)   40.000    40.000 r  
    P17                                               0.000    40.000 r  clk (IN)
                         net (fo=0)                   0.000    40.000    clk
    P17                  IBUF (Prop_ibuf_I_O)         1.408    41.408 r  clk_IBUF_inst/O
                         net (fo=1, routed)           1.868    43.276    clk_IBUF
    BUFGCTRL_X0Y1        BUFG (Prop_bufg_I_O)         0.091    43.367 r  clk_IBUF_BUFG_inst/O
                         net (fo=340, routed)         1.445    44.812    clk_IBUF_BUFG
    SLICE_X36Y46         FDCE (Prop_fdce_C_Q)         0.367    45.179 r  clk_div_reg[1]/Q
                         net (fo=3, routed)           0.526    45.705    clk_25mhz
    BUFGCTRL_X0Y2        BUFG (Prop_bufg_I_O)         0.091    45.796 r  BUFG_vga_clk/O
                         net (fo=83, routed)          1.431    47.227    uVGA/vga_clk
    SLICE_X53Y70         FDCE                                         r  uVGA/char_data_reg[10]/C
                         clock pessimism              0.527    47.754    
                         clock uncertainty           -0.035    47.719    
    SLICE_X53Y70         FDCE (Setup_fdce_C_D)       -0.275    47.444    uVGA/char_data_reg[10]
  -------------------------------------------------------------------
                         required time                         47.444    
                         arrival time                         -12.894    
  -------------------------------------------------------------------
                         slack                                 34.550    

Slack (MET) :             34.581ns  (required time - arrival time)
  Source:                 uCPUTop/uDataMemory/vga_fb_mem_reg_0/CLKBWRCLK
                            (rising edge-triggered cell RAMB36E1 clocked by vga_clk  {rise@0.000ns fall@20.000ns period=40.000ns})
  Destination:            uVGA/char_data_reg[5]/D
                            (rising edge-triggered cell FDCE clocked by vga_clk  {rise@0.000ns fall@20.000ns period=40.000ns})
  Path Group:             vga_clk
  Path Type:              Setup (Max at Slow Process Corner)
  Requirement:            40.000ns  (vga_clk rise@40.000ns - vga_clk rise@0.000ns)
  Data Path Delay:        5.027ns  (logic 2.606ns (51.844%)  route 2.421ns (48.156%))
  Logic Levels:           1  (LUT3=1)
  Clock Path Skew:        -0.088ns (DCD - SCD + CPR)
    Destination Clock Delay (DCD):    7.232ns = ( 47.232 - 40.000 ) 
    Source Clock Delay      (SCD):    7.848ns
    Clock Pessimism Removal (CPR):    0.527ns
  Clock Uncertainty:      0.035ns  ((TSJ^2 + TIJ^2)^1/2 + DJ) / 2 + PE
    Total System Jitter     (TSJ):    0.071ns
    Total Input Jitter      (TIJ):    0.000ns
    Discrete Jitter          (DJ):    0.000ns
    Phase Error              (PE):    0.000ns

    Location             Delay type                Incr(ns)  Path(ns)    Netlist Resource(s)
  -------------------------------------------------------------------    -------------------
                         (clock vga_clk rise edge)    0.000     0.000 r  
    P17                                               0.000     0.000 r  clk (IN)
                         net (fo=0)                   0.000     0.000    clk
    P17                  IBUF (Prop_ibuf_I_O)         1.478     1.478 r  clk_IBUF_inst/O
                         net (fo=1, routed)           1.972     3.450    clk_IBUF
    BUFGCTRL_X0Y1        BUFG (Prop_bufg_I_O)         0.096     3.546 r  clk_IBUF_BUFG_inst/O
                         net (fo=340, routed)         1.565     5.111    clk_IBUF_BUFG
    SLICE_X36Y46         FDCE (Prop_fdce_C_Q)         0.456     5.567 r  clk_div_reg[1]/Q
                         net (fo=3, routed)           0.582     6.149    clk_25mhz
    BUFGCTRL_X0Y2        BUFG (Prop_bufg_I_O)         0.096     6.245 r  BUFG_vga_clk/O
                         net (fo=83, routed)          1.602     7.848    uCPUTop/uDataMemory/vga_clk
    RAMB36_X2Y10         RAMB36E1                                     r  uCPUTop/uDataMemory/vga_fb_mem_reg_0/CLKBWRCLK
  -------------------------------------------------------------------    -------------------
    RAMB36_X2Y10         RAMB36E1 (Prop_ramb36e1_CLKBWRCLK_DOBDO[5])
                                                      2.454    10.302 r  uCPUTop/uDataMemory/vga_fb_mem_reg_0/DOBDO[5]
                         net (fo=1, routed)           1.788    12.090    uCPUPipe/uDataMemory/vga_fb_data[5]
    SLICE_X48Y66         LUT3 (Prop_lut3_I2_O)        0.152    12.242 r  uCPUPipe/uDataMemory/char_data[5]_i_1/O
                         net (fo=1, routed)           0.632    12.875    uVGA/D[5]
    SLICE_X48Y63         FDCE                                         r  uVGA/char_data_reg[5]/D
  -------------------------------------------------------------------    -------------------

                         (clock vga_clk rise edge)   40.000    40.000 r  
    P17                                               0.000    40.000 r  clk (IN)
                         net (fo=0)                   0.000    40.000    clk
    P17                  IBUF (Prop_ibuf_I_O)         1.408    41.408 r  clk_IBUF_inst/O
                         net (fo=1, routed)           1.868    43.276    clk_IBUF
    BUFGCTRL_X0Y1        BUFG (Prop_bufg_I_O)         0.091    43.367 r  clk_IBUF_BUFG_inst/O
                         net (fo=340, routed)         1.445    44.812    clk_IBUF_BUFG
    SLICE_X36Y46         FDCE (Prop_fdce_C_Q)         0.367    45.179 r  clk_div_reg[1]/Q
                         net (fo=3, routed)           0.526    45.705    clk_25mhz
    BUFGCTRL_X0Y2        BUFG (Prop_bufg_I_O)         0.091    45.796 r  BUFG_vga_clk/O
                         net (fo=83, routed)          1.436    47.232    uVGA/vga_clk
    SLICE_X48Y63         FDCE                                         r  uVGA/char_data_reg[5]/C
                         clock pessimism              0.527    47.759    
                         clock uncertainty           -0.035    47.724    
    SLICE_X48Y63         FDCE (Setup_fdce_C_D)       -0.269    47.455    uVGA/char_data_reg[5]
  -------------------------------------------------------------------
                         required time                         47.455    
                         arrival time                         -12.875    
  -------------------------------------------------------------------
                         slack                                 34.581    

Slack (MET) :             34.609ns  (required time - arrival time)
  Source:                 uCPUTop/uDataMemory/vga_fb_mem_reg_1/CLKBWRCLK
                            (rising edge-triggered cell RAMB36E1 clocked by vga_clk  {rise@0.000ns fall@20.000ns period=40.000ns})
  Destination:            uVGA/char_data_reg[11]/D
                            (rising edge-triggered cell FDCE clocked by vga_clk  {rise@0.000ns fall@20.000ns period=40.000ns})
  Path Group:             vga_clk
  Path Type:              Setup (Max at Slow Process Corner)
  Requirement:            40.000ns  (vga_clk rise@40.000ns - vga_clk rise@0.000ns)
  Data Path Delay:        4.958ns  (logic 2.572ns (51.871%)  route 2.386ns (48.129%))
  Logic Levels:           1  (LUT3=1)
  Clock Path Skew:        -0.092ns (DCD - SCD + CPR)
    Destination Clock Delay (DCD):    7.227ns = ( 47.227 - 40.000 ) 
    Source Clock Delay      (SCD):    7.847ns
    Clock Pessimism Removal (CPR):    0.527ns
  Clock Uncertainty:      0.035ns  ((TSJ^2 + TIJ^2)^1/2 + DJ) / 2 + PE
    Total System Jitter     (TSJ):    0.071ns
    Total Input Jitter      (TIJ):    0.000ns
    Discrete Jitter          (DJ):    0.000ns
    Phase Error              (PE):    0.000ns

    Location             Delay type                Incr(ns)  Path(ns)    Netlist Resource(s)
  -------------------------------------------------------------------    -------------------
                         (clock vga_clk rise edge)    0.000     0.000 r  
    P17                                               0.000     0.000 r  clk (IN)
                         net (fo=0)                   0.000     0.000    clk
    P17                  IBUF (Prop_ibuf_I_O)         1.478     1.478 r  clk_IBUF_inst/O
                         net (fo=1, routed)           1.972     3.450    clk_IBUF
    BUFGCTRL_X0Y1        BUFG (Prop_bufg_I_O)         0.096     3.546 r  clk_IBUF_BUFG_inst/O
                         net (fo=340, routed)         1.565     5.111    clk_IBUF_BUFG
    SLICE_X36Y46         FDCE (Prop_fdce_C_Q)         0.456     5.567 r  clk_div_reg[1]/Q
                         net (fo=3, routed)           0.582     6.149    clk_25mhz
    BUFGCTRL_X0Y2        BUFG (Prop_bufg_I_O)         0.096     6.245 r  BUFG_vga_clk/O
                         net (fo=83, routed)          1.601     7.847    uCPUTop/uDataMemory/vga_clk
    RAMB36_X1Y10         RAMB36E1                                     r  uCPUTop/uDataMemory/vga_fb_mem_reg_1/CLKBWRCLK
  -------------------------------------------------------------------    -------------------
    RAMB36_X1Y10         RAMB36E1 (Prop_ramb36e1_CLKBWRCLK_DOBDO[2])
                                                      2.454    10.301 r  uCPUTop/uDataMemory/vga_fb_mem_reg_1/DOBDO[2]
                         net (fo=1, routed)           1.337    11.637    uCPUPipe/uDataMemory/vga_fb_data[10]
    SLICE_X49Y70         LUT3 (Prop_lut3_I2_O)        0.118    11.755 r  uCPUPipe/uDataMemory/char_data[11]_i_1/O
                         net (fo=1, routed)           1.050    12.805    uVGA/D[10]
    SLICE_X53Y70         FDCE                                         r  uVGA/char_data_reg[11]/D
  -------------------------------------------------------------------    -------------------

                         (clock vga_clk rise edge)   40.000    40.000 r  
    P17                                               0.000    40.000 r  clk (IN)
                         net (fo=0)                   0.000    40.000    clk
    P17                  IBUF (Prop_ibuf_I_O)         1.408    41.408 r  clk_IBUF_inst/O
                         net (fo=1, routed)           1.868    43.276    clk_IBUF
    BUFGCTRL_X0Y1        BUFG (Prop_bufg_I_O)         0.091    43.367 r  clk_IBUF_BUFG_inst/O
                         net (fo=340, routed)         1.445    44.812    clk_IBUF_BUFG
    SLICE_X36Y46         FDCE (Prop_fdce_C_Q)         0.367    45.179 r  clk_div_reg[1]/Q
                         net (fo=3, routed)           0.526    45.705    clk_25mhz
    BUFGCTRL_X0Y2        BUFG (Prop_bufg_I_O)         0.091    45.796 r  BUFG_vga_clk/O
                         net (fo=83, routed)          1.431    47.227    uVGA/vga_clk
    SLICE_X53Y70         FDCE                                         r  uVGA/char_data_reg[11]/C
                         clock pessimism              0.527    47.754    
                         clock uncertainty           -0.035    47.719    
    SLICE_X53Y70         FDCE (Setup_fdce_C_D)       -0.305    47.414    uVGA/char_data_reg[11]
  -------------------------------------------------------------------
                         required time                         47.414    
                         arrival time                         -12.805    
  -------------------------------------------------------------------
                         slack                                 34.609    





Min Delay Paths
--------------------------------------------------------------------------------------
Slack (MET) :             0.092ns  (arrival time - required time)
  Source:                 uVGA/char_data_reg[3]/C
                            (rising edge-triggered cell FDCE clocked by vga_clk  {rise@0.000ns fall@20.000ns period=40.000ns})
  Destination:            uVGA/font_data_reg/ADDRARDADDR[10]
                            (rising edge-triggered cell RAMB18E1 clocked by vga_clk  {rise@0.000ns fall@20.000ns period=40.000ns})
  Path Group:             vga_clk
  Path Type:              Hold (Min at Fast Process Corner)
  Requirement:            0.000ns  (vga_clk rise@0.000ns - vga_clk rise@0.000ns)
  Data Path Delay:        0.280ns  (logic 0.128ns (45.765%)  route 0.152ns (54.235%))
  Logic Levels:           0  
  Clock Path Skew:        0.057ns (DCD - SCD - CPR)
    Destination Clock Delay (DCD):    3.317ns
    Source Clock Delay      (SCD):    2.431ns
    Clock Pessimism Removal (CPR):    0.828ns

    Location             Delay type                Incr(ns)  Path(ns)    Netlist Resource(s)
  -------------------------------------------------------------------    -------------------
                         (clock vga_clk rise edge)    0.000     0.000 r  
    P17                                               0.000     0.000 r  clk (IN)
                         net (fo=0)                   0.000     0.000    clk
    P17                  IBUF (Prop_ibuf_I_O)         0.246     0.246 r  clk_IBUF_inst/O
                         net (fo=1, routed)           0.634     0.880    clk_IBUF
    BUFGCTRL_X0Y1        BUFG (Prop_bufg_I_O)         0.026     0.906 r  clk_IBUF_BUFG_inst/O
                         net (fo=340, routed)         0.563     1.469    clk_IBUF_BUFG
    SLICE_X36Y46         FDCE (Prop_fdce_C_Q)         0.141     1.610 r  clk_div_reg[1]/Q
                         net (fo=3, routed)           0.229     1.839    clk_25mhz
    BUFGCTRL_X0Y2        BUFG (Prop_bufg_I_O)         0.026     1.865 r  BUFG_vga_clk/O
                         net (fo=83, routed)          0.566     2.431    uVGA/vga_clk
    SLICE_X57Y55         FDCE                                         r  uVGA/char_data_reg[3]/C
  -------------------------------------------------------------------    -------------------
    SLICE_X57Y55         FDCE (Prop_fdce_C_Q)         0.128     2.559 r  uVGA/char_data_reg[3]/Q
                         net (fo=1, routed)           0.152     2.710    uVGA/char_data_reg_n_0_[3]
    RAMB18_X2Y22         RAMB18E1                                     r  uVGA/font_data_reg/ADDRARDADDR[10]
  -------------------------------------------------------------------    -------------------

                         (clock vga_clk rise edge)    0.000     0.000 r  
    P17                                               0.000     0.000 r  clk (IN)
                         net (fo=0)                   0.000     0.000    clk
    P17                  IBUF (Prop_ibuf_I_O)         0.434     0.434 r  clk_IBUF_inst/O
                         net (fo=1, routed)           0.689     1.123    clk_IBUF
    BUFGCTRL_X0Y1        BUFG (Prop_bufg_I_O)         0.029     1.152 r  clk_IBUF_BUFG_inst/O
                         net (fo=340, routed)         0.832     1.983    clk_IBUF_BUFG
    SLICE_X36Y46         FDCE (Prop_fdce_C_Q)         0.175     2.158 r  clk_div_reg[1]/Q
                         net (fo=3, routed)           0.253     2.412    clk_25mhz
    BUFGCTRL_X0Y2        BUFG (Prop_bufg_I_O)         0.029     2.441 r  BUFG_vga_clk/O
                         net (fo=83, routed)          0.876     3.317    uVGA/vga_clk
    RAMB18_X2Y22         RAMB18E1                                     r  uVGA/font_data_reg/CLKARDCLK
                         clock pessimism             -0.828     2.488    
    RAMB18_X2Y22         RAMB18E1 (Hold_ramb18e1_CLKARDCLK_ADDRARDADDR[10])
                                                      0.130     2.618    uVGA/font_data_reg
  -------------------------------------------------------------------
                         required time                         -2.618    
                         arrival time                           2.710    
  -------------------------------------------------------------------
                         slack                                  0.092    

Slack (MET) :             0.109ns  (arrival time - required time)
  Source:                 uVGA/char_data_reg[0]/C
                            (rising edge-triggered cell FDCE clocked by vga_clk  {rise@0.000ns fall@20.000ns period=40.000ns})
  Destination:            uVGA/font_data_reg/ADDRARDADDR[7]
                            (rising edge-triggered cell RAMB18E1 clocked by vga_clk  {rise@0.000ns fall@20.000ns period=40.000ns})
  Path Group:             vga_clk
  Path Type:              Hold (Min at Fast Process Corner)
  Requirement:            0.000ns  (vga_clk rise@0.000ns - vga_clk rise@0.000ns)
  Data Path Delay:        0.350ns  (logic 0.141ns (40.310%)  route 0.209ns (59.690%))
  Logic Levels:           0  
  Clock Path Skew:        0.057ns (DCD - SCD - CPR)
    Destination Clock Delay (DCD):    3.317ns
    Source Clock Delay      (SCD):    2.431ns
    Clock Pessimism Removal (CPR):    0.828ns

    Location             Delay type                Incr(ns)  Path(ns)    Netlist Resource(s)
  -------------------------------------------------------------------    -------------------
                         (clock vga_clk rise edge)    0.000     0.000 r  
    P17                                               0.000     0.000 r  clk (IN)
                         net (fo=0)                   0.000     0.000    clk
    P17                  IBUF (Prop_ibuf_I_O)         0.246     0.246 r  clk_IBUF_inst/O
                         net (fo=1, routed)           0.634     0.880    clk_IBUF
    BUFGCTRL_X0Y1        BUFG (Prop_bufg_I_O)         0.026     0.906 r  clk_IBUF_BUFG_inst/O
                         net (fo=340, routed)         0.563     1.469    clk_IBUF_BUFG
    SLICE_X36Y46         FDCE (Prop_fdce_C_Q)         0.141     1.610 r  clk_div_reg[1]/Q
                         net (fo=3, routed)           0.229     1.839    clk_25mhz
    BUFGCTRL_X0Y2        BUFG (Prop_bufg_I_O)         0.026     1.865 r  BUFG_vga_clk/O
                         net (fo=83, routed)          0.566     2.431    uVGA/vga_clk
    SLICE_X57Y55         FDCE                                         r  uVGA/char_data_reg[0]/C
  -------------------------------------------------------------------    -------------------
    SLICE_X57Y55         FDCE (Prop_fdce_C_Q)         0.141     2.572 r  uVGA/char_data_reg[0]/Q
                         net (fo=1, routed)           0.209     2.781    uVGA/char_data_reg_n_0_[0]
    RAMB18_X2Y22         RAMB18E1                                     r  uVGA/font_data_reg/ADDRARDADDR[7]
  -------------------------------------------------------------------    -------------------

                         (clock vga_clk rise edge)    0.000     0.000 r  
    P17                                               0.000     0.000 r  clk (IN)
                         net (fo=0)                   0.000     0.000    clk
    P17                  IBUF (Prop_ibuf_I_O)         0.434     0.434 r  clk_IBUF_inst/O
                         net (fo=1, routed)           0.689     1.123    clk_IBUF
    BUFGCTRL_X0Y1        BUFG (Prop_bufg_I_O)         0.029     1.152 r  clk_IBUF_BUFG_inst/O
                         net (fo=340, routed)         0.832     1.983    clk_IBUF_BUFG
    SLICE_X36Y46         FDCE (Prop_fdce_C_Q)         0.175     2.158 r  clk_div_reg[1]/Q
                         net (fo=3, routed)           0.253     2.412    clk_25mhz
    BUFGCTRL_X0Y2        BUFG (Prop_bufg_I_O)         0.029     2.441 r  BUFG_vga_clk/O
                         net (fo=83, routed)          0.876     3.317    uVGA/vga_clk
    RAMB18_X2Y22         RAMB18E1                                     r  uVGA/font_data_reg/CLKARDCLK
                         clock pessimism             -0.828     2.488    
    RAMB18_X2Y22         RAMB18E1 (Hold_ramb18e1_CLKARDCLK_ADDRARDADDR[7])
                                                      0.183     2.671    uVGA/font_data_reg
  -------------------------------------------------------------------
                         required time                         -2.671    
                         arrival time                           2.781    
  -------------------------------------------------------------------
                         slack                                  0.109    

Slack (MET) :             0.119ns  (arrival time - required time)
  Source:                 uVGA/v_d1_reg[8]/C
                            (rising edge-triggered cell FDCE clocked by vga_clk  {rise@0.000ns fall@20.000ns period=40.000ns})
  Destination:            uVGA/v_d2_reg[8]/D
                            (rising edge-triggered cell FDCE clocked by vga_clk  {rise@0.000ns fall@20.000ns period=40.000ns})
  Path Group:             vga_clk
  Path Type:              Hold (Min at Fast Process Corner)
  Requirement:            0.000ns  (vga_clk rise@0.000ns - vga_clk rise@0.000ns)
  Data Path Delay:        0.197ns  (logic 0.141ns (71.611%)  route 0.056ns (28.389%))
  Logic Levels:           0  
  Clock Path Skew:        0.000ns (DCD - SCD - CPR)
    Destination Clock Delay (DCD):    3.264ns
    Source Clock Delay      (SCD):    2.421ns
    Clock Pessimism Removal (CPR):    0.843ns

    Location             Delay type                Incr(ns)  Path(ns)    Netlist Resource(s)
  -------------------------------------------------------------------    -------------------
                         (clock vga_clk rise edge)    0.000     0.000 r  
    P17                                               0.000     0.000 r  clk (IN)
                         net (fo=0)                   0.000     0.000    clk
    P17                  IBUF (Prop_ibuf_I_O)         0.246     0.246 r  clk_IBUF_inst/O
                         net (fo=1, routed)           0.634     0.880    clk_IBUF
    BUFGCTRL_X0Y1        BUFG (Prop_bufg_I_O)         0.026     0.906 r  clk_IBUF_BUFG_inst/O
                         net (fo=340, routed)         0.563     1.469    clk_IBUF_BUFG
    SLICE_X36Y46         FDCE (Prop_fdce_C_Q)         0.141     1.610 r  clk_div_reg[1]/Q
                         net (fo=3, routed)           0.229     1.839    clk_25mhz
    BUFGCTRL_X0Y2        BUFG (Prop_bufg_I_O)         0.026     1.865 r  BUFG_vga_clk/O
                         net (fo=83, routed)          0.556     2.421    uVGA/vga_clk
    SLICE_X47Y67         FDCE                                         r  uVGA/v_d1_reg[8]/C
  -------------------------------------------------------------------    -------------------
    SLICE_X47Y67         FDCE (Prop_fdce_C_Q)         0.141     2.562 r  uVGA/v_d1_reg[8]/Q
                         net (fo=1, routed)           0.056     2.618    uVGA/v_d1__0[8]
    SLICE_X47Y67         FDCE                                         r  uVGA/v_d2_reg[8]/D
  -------------------------------------------------------------------    -------------------

                         (clock vga_clk rise edge)    0.000     0.000 r  
    P17                                               0.000     0.000 r  clk (IN)
                         net (fo=0)                   0.000     0.000    clk
    P17                  IBUF (Prop_ibuf_I_O)         0.434     0.434 r  clk_IBUF_inst/O
                         net (fo=1, routed)           0.689     1.123    clk_IBUF
    BUFGCTRL_X0Y1        BUFG (Prop_bufg_I_O)         0.029     1.152 r  clk_IBUF_BUFG_inst/O
                         net (fo=340, routed)         0.832     1.983    clk_IBUF_BUFG
    SLICE_X36Y46         FDCE (Prop_fdce_C_Q)         0.175     2.158 r  clk_div_reg[1]/Q
                         net (fo=3, routed)           0.253     2.412    clk_25mhz
    BUFGCTRL_X0Y2        BUFG (Prop_bufg_I_O)         0.029     2.441 r  BUFG_vga_clk/O
                         net (fo=83, routed)          0.823     3.264    uVGA/vga_clk
    SLICE_X47Y67         FDCE                                         r  uVGA/v_d2_reg[8]/C
                         clock pessimism             -0.843     2.421    
    SLICE_X47Y67         FDCE (Hold_fdce_C_D)         0.078     2.499    uVGA/v_d2_reg[8]
  -------------------------------------------------------------------
                         required time                         -2.499    
                         arrival time                           2.618    
  -------------------------------------------------------------------
                         slack                                  0.119    

Slack (MET) :             0.121ns  (arrival time - required time)
  Source:                 uVGA/h_d1_reg[9]/C
                            (rising edge-triggered cell FDCE clocked by vga_clk  {rise@0.000ns fall@20.000ns period=40.000ns})
  Destination:            uVGA/h_d2_reg[9]/D
                            (rising edge-triggered cell FDCE clocked by vga_clk  {rise@0.000ns fall@20.000ns period=40.000ns})
  Path Group:             vga_clk
  Path Type:              Hold (Min at Fast Process Corner)
  Requirement:            0.000ns  (vga_clk rise@0.000ns - vga_clk rise@0.000ns)
  Data Path Delay:        0.197ns  (logic 0.141ns (71.611%)  route 0.056ns (28.389%))
  Logic Levels:           0  
  Clock Path Skew:        0.000ns (DCD - SCD - CPR)
    Destination Clock Delay (DCD):    3.265ns
    Source Clock Delay      (SCD):    2.421ns
    Clock Pessimism Removal (CPR):    0.844ns

    Location             Delay type                Incr(ns)  Path(ns)    Netlist Resource(s)
  -------------------------------------------------------------------    -------------------
                         (clock vga_clk rise edge)    0.000     0.000 r  
    P17                                               0.000     0.000 r  clk (IN)
                         net (fo=0)                   0.000     0.000    clk
    P17                  IBUF (Prop_ibuf_I_O)         0.246     0.246 r  clk_IBUF_inst/O
                         net (fo=1, routed)           0.634     0.880    clk_IBUF
    BUFGCTRL_X0Y1        BUFG (Prop_bufg_I_O)         0.026     0.906 r  clk_IBUF_BUFG_inst/O
                         net (fo=340, routed)         0.563     1.469    clk_IBUF_BUFG
    SLICE_X36Y46         FDCE (Prop_fdce_C_Q)         0.141     1.610 r  clk_div_reg[1]/Q
                         net (fo=3, routed)           0.229     1.839    clk_25mhz
    BUFGCTRL_X0Y2        BUFG (Prop_bufg_I_O)         0.026     1.865 r  BUFG_vga_clk/O
                         net (fo=83, routed)          0.556     2.421    uVGA/vga_clk
    SLICE_X53Y69         FDCE                                         r  uVGA/h_d1_reg[9]/C
  -------------------------------------------------------------------    -------------------
    SLICE_X53Y69         FDCE (Prop_fdce_C_Q)         0.141     2.562 r  uVGA/h_d1_reg[9]/Q
                         net (fo=1, routed)           0.056     2.618    uVGA/h_d1[9]
    SLICE_X53Y69         FDCE                                         r  uVGA/h_d2_reg[9]/D
  -------------------------------------------------------------------    -------------------

                         (clock vga_clk rise edge)    0.000     0.000 r  
    P17                                               0.000     0.000 r  clk (IN)
                         net (fo=0)                   0.000     0.000    clk
    P17                  IBUF (Prop_ibuf_I_O)         0.434     0.434 r  clk_IBUF_inst/O
                         net (fo=1, routed)           0.689     1.123    clk_IBUF
    BUFGCTRL_X0Y1        BUFG (Prop_bufg_I_O)         0.029     1.152 r  clk_IBUF_BUFG_inst/O
                         net (fo=340, routed)         0.832     1.983    clk_IBUF_BUFG
    SLICE_X36Y46         FDCE (Prop_fdce_C_Q)         0.175     2.158 r  clk_div_reg[1]/Q
                         net (fo=3, routed)           0.253     2.412    clk_25mhz
    BUFGCTRL_X0Y2        BUFG (Prop_bufg_I_O)         0.029     2.441 r  BUFG_vga_clk/O
                         net (fo=83, routed)          0.824     3.265    uVGA/vga_clk
    SLICE_X53Y69         FDCE                                         r  uVGA/h_d2_reg[9]/C
                         clock pessimism             -0.844     2.421    
    SLICE_X53Y69         FDCE (Hold_fdce_C_D)         0.076     2.497    uVGA/h_d2_reg[9]
  -------------------------------------------------------------------
                         required time                         -2.497    
                         arrival time                           2.618    
  -------------------------------------------------------------------
                         slack                                  0.121    

Slack (MET) :             0.121ns  (arrival time - required time)
  Source:                 uVGA/v_d1_reg[7]/C
                            (rising edge-triggered cell FDCE clocked by vga_clk  {rise@0.000ns fall@20.000ns period=40.000ns})
  Destination:            uVGA/v_d2_reg[7]/D
                            (rising edge-triggered cell FDCE clocked by vga_clk  {rise@0.000ns fall@20.000ns period=40.000ns})
  Path Group:             vga_clk
  Path Type:              Hold (Min at Fast Process Corner)
  Requirement:            0.000ns  (vga_clk rise@0.000ns - vga_clk rise@0.000ns)
  Data Path Delay:        0.197ns  (logic 0.141ns (71.611%)  route 0.056ns (28.389%))
  Logic Levels:           0  
  Clock Path Skew:        0.000ns (DCD - SCD - CPR)
    Destination Clock Delay (DCD):    3.264ns
    Source Clock Delay      (SCD):    2.421ns
    Clock Pessimism Removal (CPR):    0.843ns

    Location             Delay type                Incr(ns)  Path(ns)    Netlist Resource(s)
  -------------------------------------------------------------------    -------------------
                         (clock vga_clk rise edge)    0.000     0.000 r  
    P17                                               0.000     0.000 r  clk (IN)
                         net (fo=0)                   0.000     0.000    clk
    P17                  IBUF (Prop_ibuf_I_O)         0.246     0.246 r  clk_IBUF_inst/O
                         net (fo=1, routed)           0.634     0.880    clk_IBUF
    BUFGCTRL_X0Y1        BUFG (Prop_bufg_I_O)         0.026     0.906 r  clk_IBUF_BUFG_inst/O
                         net (fo=340, routed)         0.563     1.469    clk_IBUF_BUFG
    SLICE_X36Y46         FDCE (Prop_fdce_C_Q)         0.141     1.610 r  clk_div_reg[1]/Q
                         net (fo=3, routed)           0.229     1.839    clk_25mhz
    BUFGCTRL_X0Y2        BUFG (Prop_bufg_I_O)         0.026     1.865 r  BUFG_vga_clk/O
                         net (fo=83, routed)          0.556     2.421    uVGA/vga_clk
    SLICE_X47Y67         FDCE                                         r  uVGA/v_d1_reg[7]/C
  -------------------------------------------------------------------    -------------------
    SLICE_X47Y67         FDCE (Prop_fdce_C_Q)         0.141     2.562 r  uVGA/v_d1_reg[7]/Q
                         net (fo=1, routed)           0.056     2.618    uVGA/v_d1__0[7]
    SLICE_X47Y67         FDCE                                         r  uVGA/v_d2_reg[7]/D
  -------------------------------------------------------------------    -------------------

                         (clock vga_clk rise edge)    0.000     0.000 r  
    P17                                               0.000     0.000 r  clk (IN)
                         net (fo=0)                   0.000     0.000    clk
    P17                  IBUF (Prop_ibuf_I_O)         0.434     0.434 r  clk_IBUF_inst/O
                         net (fo=1, routed)           0.689     1.123    clk_IBUF
    BUFGCTRL_X0Y1        BUFG (Prop_bufg_I_O)         0.029     1.152 r  clk_IBUF_BUFG_inst/O
                         net (fo=340, routed)         0.832     1.983    clk_IBUF_BUFG
    SLICE_X36Y46         FDCE (Prop_fdce_C_Q)         0.175     2.158 r  clk_div_reg[1]/Q
                         net (fo=3, routed)           0.253     2.412    clk_25mhz
    BUFGCTRL_X0Y2        BUFG (Prop_bufg_I_O)         0.029     2.441 r  BUFG_vga_clk/O
                         net (fo=83, routed)          0.823     3.264    uVGA/vga_clk
    SLICE_X47Y67         FDCE                                         r  uVGA/v_d2_reg[7]/C
                         clock pessimism             -0.843     2.421    
    SLICE_X47Y67         FDCE (Hold_fdce_C_D)         0.076     2.497    uVGA/v_d2_reg[7]
  -------------------------------------------------------------------
                         required time                         -2.497    
                         arrival time                           2.618    
  -------------------------------------------------------------------
                         slack                                  0.121    

Slack (MET) :             0.122ns  (arrival time - required time)
  Source:                 uVGA/v_d1_reg[5]/C
                            (rising edge-triggered cell FDCE clocked by vga_clk  {rise@0.000ns fall@20.000ns period=40.000ns})
  Destination:            uVGA/v_d2_reg[5]/D
                            (rising edge-triggered cell FDCE clocked by vga_clk  {rise@0.000ns fall@20.000ns period=40.000ns})
  Path Group:             vga_clk
  Path Type:              Hold (Min at Fast Process Corner)
  Requirement:            0.000ns  (vga_clk rise@0.000ns - vga_clk rise@0.000ns)
  Data Path Delay:        0.197ns  (logic 0.141ns (71.611%)  route 0.056ns (28.389%))
  Logic Levels:           0  
  Clock Path Skew:        0.000ns (DCD - SCD - CPR)
    Destination Clock Delay (DCD):    3.264ns
    Source Clock Delay      (SCD):    2.421ns
    Clock Pessimism Removal (CPR):    0.843ns

    Location             Delay type                Incr(ns)  Path(ns)    Netlist Resource(s)
  -------------------------------------------------------------------    -------------------
                         (clock vga_clk rise edge)    0.000     0.000 r  
    P17                                               0.000     0.000 r  clk (IN)
                         net (fo=0)                   0.000     0.000    clk
    P17                  IBUF (Prop_ibuf_I_O)         0.246     0.246 r  clk_IBUF_inst/O
                         net (fo=1, routed)           0.634     0.880    clk_IBUF
    BUFGCTRL_X0Y1        BUFG (Prop_bufg_I_O)         0.026     0.906 r  clk_IBUF_BUFG_inst/O
                         net (fo=340, routed)         0.563     1.469    clk_IBUF_BUFG
    SLICE_X36Y46         FDCE (Prop_fdce_C_Q)         0.141     1.610 r  clk_div_reg[1]/Q
                         net (fo=3, routed)           0.229     1.839    clk_25mhz
    BUFGCTRL_X0Y2        BUFG (Prop_bufg_I_O)         0.026     1.865 r  BUFG_vga_clk/O
                         net (fo=83, routed)          0.556     2.421    uVGA/vga_clk
    SLICE_X47Y67         FDCE                                         r  uVGA/v_d1_reg[5]/C
  -------------------------------------------------------------------    -------------------
    SLICE_X47Y67         FDCE (Prop_fdce_C_Q)         0.141     2.562 r  uVGA/v_d1_reg[5]/Q
                         net (fo=1, routed)           0.056     2.618    uVGA/v_d1__0[5]
    SLICE_X47Y67         FDCE                                         r  uVGA/v_d2_reg[5]/D
  -------------------------------------------------------------------    -------------------

                         (clock vga_clk rise edge)    0.000     0.000 r  
    P17                                               0.000     0.000 r  clk (IN)
                         net (fo=0)                   0.000     0.000    clk
    P17                  IBUF (Prop_ibuf_I_O)         0.434     0.434 r  clk_IBUF_inst/O
                         net (fo=1, routed)           0.689     1.123    clk_IBUF
    BUFGCTRL_X0Y1        BUFG (Prop_bufg_I_O)         0.029     1.152 r  clk_IBUF_BUFG_inst/O
                         net (fo=340, routed)         0.832     1.983    clk_IBUF_BUFG
    SLICE_X36Y46         FDCE (Prop_fdce_C_Q)         0.175     2.158 r  clk_div_reg[1]/Q
                         net (fo=3, routed)           0.253     2.412    clk_25mhz
    BUFGCTRL_X0Y2        BUFG (Prop_bufg_I_O)         0.029     2.441 r  BUFG_vga_clk/O
                         net (fo=83, routed)          0.823     3.264    uVGA/vga_clk
    SLICE_X47Y67         FDCE                                         r  uVGA/v_d2_reg[5]/C
                         clock pessimism             -0.843     2.421    
    SLICE_X47Y67         FDCE (Hold_fdce_C_D)         0.075     2.496    uVGA/v_d2_reg[5]
  -------------------------------------------------------------------
                         required time                         -2.496    
                         arrival time                           2.618    
  -------------------------------------------------------------------
                         slack                                  0.122    

Slack (MET) :             0.126ns  (arrival time - required time)
  Source:                 uVGA/h_d1_reg[8]/C
                            (rising edge-triggered cell FDCE clocked by vga_clk  {rise@0.000ns fall@20.000ns period=40.000ns})
  Destination:            uVGA/h_d2_reg[8]/D
                            (rising edge-triggered cell FDCE clocked by vga_clk  {rise@0.000ns fall@20.000ns period=40.000ns})
  Path Group:             vga_clk
  Path Type:              Hold (Min at Fast Process Corner)
  Requirement:            0.000ns  (vga_clk rise@0.000ns - vga_clk rise@0.000ns)
  Data Path Delay:        0.197ns  (logic 0.141ns (71.611%)  route 0.056ns (28.389%))
  Logic Levels:           0  
  Clock Path Skew:        0.000ns (DCD - SCD - CPR)
    Destination Clock Delay (DCD):    3.265ns
    Source Clock Delay      (SCD):    2.421ns
    Clock Pessimism Removal (CPR):    0.844ns

    Location             Delay type                Incr(ns)  Path(ns)    Netlist Resource(s)
  -------------------------------------------------------------------    -------------------
                         (clock vga_clk rise edge)    0.000     0.000 r  
    P17                                               0.000     0.000 r  clk (IN)
                         net (fo=0)                   0.000     0.000    clk
    P17                  IBUF (Prop_ibuf_I_O)         0.246     0.246 r  clk_IBUF_inst/O
                         net (fo=1, routed)           0.634     0.880    clk_IBUF
    BUFGCTRL_X0Y1        BUFG (Prop_bufg_I_O)         0.026     0.906 r  clk_IBUF_BUFG_inst/O
                         net (fo=340, routed)         0.563     1.469    clk_IBUF_BUFG
    SLICE_X36Y46         FDCE (Prop_fdce_C_Q)         0.141     1.610 r  clk_div_reg[1]/Q
                         net (fo=3, routed)           0.229     1.839    clk_25mhz
    BUFGCTRL_X0Y2        BUFG (Prop_bufg_I_O)         0.026     1.865 r  BUFG_vga_clk/O
                         net (fo=83, routed)          0.556     2.421    uVGA/vga_clk
    SLICE_X53Y69         FDCE                                         r  uVGA/h_d1_reg[8]/C
  -------------------------------------------------------------------    -------------------
    SLICE_X53Y69         FDCE (Prop_fdce_C_Q)         0.141     2.562 r  uVGA/h_d1_reg[8]/Q
                         net (fo=1, routed)           0.056     2.618    uVGA/h_d1[8]
    SLICE_X53Y69         FDCE                                         r  uVGA/h_d2_reg[8]/D
  -------------------------------------------------------------------    -------------------

                         (clock vga_clk rise edge)    0.000     0.000 r  
    P17                                               0.000     0.000 r  clk (IN)
                         net (fo=0)                   0.000     0.000    clk
    P17                  IBUF (Prop_ibuf_I_O)         0.434     0.434 r  clk_IBUF_inst/O
                         net (fo=1, routed)           0.689     1.123    clk_IBUF
    BUFGCTRL_X0Y1        BUFG (Prop_bufg_I_O)         0.029     1.152 r  clk_IBUF_BUFG_inst/O
                         net (fo=340, routed)         0.832     1.983    clk_IBUF_BUFG
    SLICE_X36Y46         FDCE (Prop_fdce_C_Q)         0.175     2.158 r  clk_div_reg[1]/Q
                         net (fo=3, routed)           0.253     2.412    clk_25mhz
    BUFGCTRL_X0Y2        BUFG (Prop_bufg_I_O)         0.029     2.441 r  BUFG_vga_clk/O
                         net (fo=83, routed)          0.824     3.265    uVGA/vga_clk
    SLICE_X53Y69         FDCE                                         r  uVGA/h_d2_reg[8]/C
                         clock pessimism             -0.844     2.421    
    SLICE_X53Y69         FDCE (Hold_fdce_C_D)         0.071     2.492    uVGA/h_d2_reg[8]
  -------------------------------------------------------------------
                         required time                         -2.492    
                         arrival time                           2.618    
  -------------------------------------------------------------------
                         slack                                  0.126    

Slack (MET) :             0.126ns  (arrival time - required time)
  Source:                 uVGA/v_d1_reg[6]/C
                            (rising edge-triggered cell FDCE clocked by vga_clk  {rise@0.000ns fall@20.000ns period=40.000ns})
  Destination:            uVGA/v_d2_reg[6]/D
                            (rising edge-triggered cell FDCE clocked by vga_clk  {rise@0.000ns fall@20.000ns period=40.000ns})
  Path Group:             vga_clk
  Path Type:              Hold (Min at Fast Process Corner)
  Requirement:            0.000ns  (vga_clk rise@0.000ns - vga_clk rise@0.000ns)
  Data Path Delay:        0.197ns  (logic 0.141ns (71.611%)  route 0.056ns (28.389%))
  Logic Levels:           0  
  Clock Path Skew:        0.000ns (DCD - SCD - CPR)
    Destination Clock Delay (DCD):    3.264ns
    Source Clock Delay      (SCD):    2.421ns
    Clock Pessimism Removal (CPR):    0.843ns

    Location             Delay type                Incr(ns)  Path(ns)    Netlist Resource(s)
  -------------------------------------------------------------------    -------------------
                         (clock vga_clk rise edge)    0.000     0.000 r  
    P17                                               0.000     0.000 r  clk (IN)
                         net (fo=0)                   0.000     0.000    clk
    P17                  IBUF (Prop_ibuf_I_O)         0.246     0.246 r  clk_IBUF_inst/O
                         net (fo=1, routed)           0.634     0.880    clk_IBUF
    BUFGCTRL_X0Y1        BUFG (Prop_bufg_I_O)         0.026     0.906 r  clk_IBUF_BUFG_inst/O
                         net (fo=340, routed)         0.563     1.469    clk_IBUF_BUFG
    SLICE_X36Y46         FDCE (Prop_fdce_C_Q)         0.141     1.610 r  clk_div_reg[1]/Q
                         net (fo=3, routed)           0.229     1.839    clk_25mhz
    BUFGCTRL_X0Y2        BUFG (Prop_bufg_I_O)         0.026     1.865 r  BUFG_vga_clk/O
                         net (fo=83, routed)          0.556     2.421    uVGA/vga_clk
    SLICE_X47Y67         FDCE                                         r  uVGA/v_d1_reg[6]/C
  -------------------------------------------------------------------    -------------------
    SLICE_X47Y67         FDCE (Prop_fdce_C_Q)         0.141     2.562 r  uVGA/v_d1_reg[6]/Q
                         net (fo=1, routed)           0.056     2.618    uVGA/v_d1__0[6]
    SLICE_X47Y67         FDCE                                         r  uVGA/v_d2_reg[6]/D
  -------------------------------------------------------------------    -------------------

                         (clock vga_clk rise edge)    0.000     0.000 r  
    P17                                               0.000     0.000 r  clk (IN)
                         net (fo=0)                   0.000     0.000    clk
    P17                  IBUF (Prop_ibuf_I_O)         0.434     0.434 r  clk_IBUF_inst/O
                         net (fo=1, routed)           0.689     1.123    clk_IBUF
    BUFGCTRL_X0Y1        BUFG (Prop_bufg_I_O)         0.029     1.152 r  clk_IBUF_BUFG_inst/O
                         net (fo=340, routed)         0.832     1.983    clk_IBUF_BUFG
    SLICE_X36Y46         FDCE (Prop_fdce_C_Q)         0.175     2.158 r  clk_div_reg[1]/Q
                         net (fo=3, routed)           0.253     2.412    clk_25mhz
    BUFGCTRL_X0Y2        BUFG (Prop_bufg_I_O)         0.029     2.441 r  BUFG_vga_clk/O
                         net (fo=83, routed)          0.823     3.264    uVGA/vga_clk
    SLICE_X47Y67         FDCE                                         r  uVGA/v_d2_reg[6]/C
                         clock pessimism             -0.843     2.421    
    SLICE_X47Y67         FDCE (Hold_fdce_C_D)         0.071     2.492    uVGA/v_d2_reg[6]
  -------------------------------------------------------------------
                         required time                         -2.492    
                         arrival time                           2.618    
  -------------------------------------------------------------------
                         slack                                  0.126    

Slack (MET) :             0.164ns  (arrival time - required time)
  Source:                 uVGA/char_data_reg[2]/C
                            (rising edge-triggered cell FDCE clocked by vga_clk  {rise@0.000ns fall@20.000ns period=40.000ns})
  Destination:            uVGA/font_data_reg/ADDRARDADDR[9]
                            (rising edge-triggered cell RAMB18E1 clocked by vga_clk  {rise@0.000ns fall@20.000ns period=40.000ns})
  Path Group:             vga_clk
  Path Type:              Hold (Min at Fast Process Corner)
  Requirement:            0.000ns  (vga_clk rise@0.000ns - vga_clk rise@0.000ns)
  Data Path Delay:        0.404ns  (logic 0.141ns (34.902%)  route 0.263ns (65.098%))
  Logic Levels:           0  
  Clock Path Skew:        0.057ns (DCD - SCD - CPR)
    Destination Clock Delay (DCD):    3.317ns
    Source Clock Delay      (SCD):    2.431ns
    Clock Pessimism Removal (CPR):    0.828ns

    Location             Delay type                Incr(ns)  Path(ns)    Netlist Resource(s)
  -------------------------------------------------------------------    -------------------
                         (clock vga_clk rise edge)    0.000     0.000 r  
    P17                                               0.000     0.000 r  clk (IN)
                         net (fo=0)                   0.000     0.000    clk
    P17                  IBUF (Prop_ibuf_I_O)         0.246     0.246 r  clk_IBUF_inst/O
                         net (fo=1, routed)           0.634     0.880    clk_IBUF
    BUFGCTRL_X0Y1        BUFG (Prop_bufg_I_O)         0.026     0.906 r  clk_IBUF_BUFG_inst/O
                         net (fo=340, routed)         0.563     1.469    clk_IBUF_BUFG
    SLICE_X36Y46         FDCE (Prop_fdce_C_Q)         0.141     1.610 r  clk_div_reg[1]/Q
                         net (fo=3, routed)           0.229     1.839    clk_25mhz
    BUFGCTRL_X0Y2        BUFG (Prop_bufg_I_O)         0.026     1.865 r  BUFG_vga_clk/O
                         net (fo=83, routed)          0.566     2.431    uVGA/vga_clk
    SLICE_X57Y55         FDCE                                         r  uVGA/char_data_reg[2]/C
  -------------------------------------------------------------------    -------------------
    SLICE_X57Y55         FDCE (Prop_fdce_C_Q)         0.141     2.572 r  uVGA/char_data_reg[2]/Q
                         net (fo=1, routed)           0.263     2.835    uVGA/char_data_reg_n_0_[2]
    RAMB18_X2Y22         RAMB18E1                                     r  uVGA/font_data_reg/ADDRARDADDR[9]
  -------------------------------------------------------------------    -------------------

                         (clock vga_clk rise edge)    0.000     0.000 r  
    P17                                               0.000     0.000 r  clk (IN)
                         net (fo=0)                   0.000     0.000    clk
    P17                  IBUF (Prop_ibuf_I_O)         0.434     0.434 r  clk_IBUF_inst/O
                         net (fo=1, routed)           0.689     1.123    clk_IBUF
    BUFGCTRL_X0Y1        BUFG (Prop_bufg_I_O)         0.029     1.152 r  clk_IBUF_BUFG_inst/O
                         net (fo=340, routed)         0.832     1.983    clk_IBUF_BUFG
    SLICE_X36Y46         FDCE (Prop_fdce_C_Q)         0.175     2.158 r  clk_div_reg[1]/Q
                         net (fo=3, routed)           0.253     2.412    clk_25mhz
    BUFGCTRL_X0Y2        BUFG (Prop_bufg_I_O)         0.029     2.441 r  BUFG_vga_clk/O
                         net (fo=83, routed)          0.876     3.317    uVGA/vga_clk
    RAMB18_X2Y22         RAMB18E1                                     r  uVGA/font_data_reg/CLKARDCLK
                         clock pessimism             -0.828     2.488    
    RAMB18_X2Y22         RAMB18E1 (Hold_ramb18e1_CLKARDCLK_ADDRARDADDR[9])
                                                      0.183     2.671    uVGA/font_data_reg
  -------------------------------------------------------------------
                         required time                         -2.671    
                         arrival time                           2.835    
  -------------------------------------------------------------------
                         slack                                  0.164    

Slack (MET) :             0.173ns  (arrival time - required time)
  Source:                 uVGA/h_cnt_reg[2]/C
                            (rising edge-triggered cell FDCE clocked by vga_clk  {rise@0.000ns fall@20.000ns period=40.000ns})
  Destination:            uVGA/h_cnt_reg[4]/D
                            (rising edge-triggered cell FDCE clocked by vga_clk  {rise@0.000ns fall@20.000ns period=40.000ns})
  Path Group:             vga_clk
  Path Type:              Hold (Min at Fast Process Corner)
  Requirement:            0.000ns  (vga_clk rise@0.000ns - vga_clk rise@0.000ns)
  Data Path Delay:        0.308ns  (logic 0.186ns (60.344%)  route 0.122ns (39.656%))
  Logic Levels:           1  (LUT6=1)
  Clock Path Skew:        0.014ns (DCD - SCD - CPR)
    Destination Clock Delay (DCD):    3.269ns
    Source Clock Delay      (SCD):    2.425ns
    Clock Pessimism Removal (CPR):    0.830ns

    Location             Delay type                Incr(ns)  Path(ns)    Netlist Resource(s)
  -------------------------------------------------------------------    -------------------
                         (clock vga_clk rise edge)    0.000     0.000 r  
    P17                                               0.000     0.000 r  clk (IN)
                         net (fo=0)                   0.000     0.000    clk
    P17                  IBUF (Prop_ibuf_I_O)         0.246     0.246 r  clk_IBUF_inst/O
                         net (fo=1, routed)           0.634     0.880    clk_IBUF
    BUFGCTRL_X0Y1        BUFG (Prop_bufg_I_O)         0.026     0.906 r  clk_IBUF_BUFG_inst/O
                         net (fo=340, routed)         0.563     1.469    clk_IBUF_BUFG
    SLICE_X36Y46         FDCE (Prop_fdce_C_Q)         0.141     1.610 r  clk_div_reg[1]/Q
                         net (fo=3, routed)           0.229     1.839    clk_25mhz
    BUFGCTRL_X0Y2        BUFG (Prop_bufg_I_O)         0.026     1.865 r  BUFG_vga_clk/O
                         net (fo=83, routed)          0.560     2.425    uVGA/vga_clk
    SLICE_X51Y65         FDCE                                         r  uVGA/h_cnt_reg[2]/C
  -------------------------------------------------------------------    -------------------
    SLICE_X51Y65         FDCE (Prop_fdce_C_Q)         0.141     2.566 r  uVGA/h_cnt_reg[2]/Q
                         net (fo=9, routed)           0.122     2.688    uVGA/h_cnt_reg_n_0_[2]
    SLICE_X52Y65         LUT6 (Prop_lut6_I3_O)        0.045     2.733 r  uVGA/h_cnt[4]_i_1/O
                         net (fo=1, routed)           0.000     2.733    uVGA/h_cnt[4]
    SLICE_X52Y65         FDCE                                         r  uVGA/h_cnt_reg[4]/D
  -------------------------------------------------------------------    -------------------

                         (clock vga_clk rise edge)    0.000     0.000 r  
    P17                                               0.000     0.000 r  clk (IN)
                         net (fo=0)                   0.000     0.000    clk
    P17                  IBUF (Prop_ibuf_I_O)         0.434     0.434 r  clk_IBUF_inst/O
                         net (fo=1, routed)           0.689     1.123    clk_IBUF
    BUFGCTRL_X0Y1        BUFG (Prop_bufg_I_O)         0.029     1.152 r  clk_IBUF_BUFG_inst/O
                         net (fo=340, routed)         0.832     1.983    clk_IBUF_BUFG
    SLICE_X36Y46         FDCE (Prop_fdce_C_Q)         0.175     2.158 r  clk_div_reg[1]/Q
                         net (fo=3, routed)           0.253     2.412    clk_25mhz
    BUFGCTRL_X0Y2        BUFG (Prop_bufg_I_O)         0.029     2.441 r  BUFG_vga_clk/O
                         net (fo=83, routed)          0.828     3.269    uVGA/vga_clk
    SLICE_X52Y65         FDCE                                         r  uVGA/h_cnt_reg[4]/C
                         clock pessimism             -0.830     2.439    
    SLICE_X52Y65         FDCE (Hold_fdce_C_D)         0.121     2.560    uVGA/h_cnt_reg[4]
  -------------------------------------------------------------------
                         required time                         -2.560    
                         arrival time                           2.733    
  -------------------------------------------------------------------
                         slack                                  0.173    





Pulse Width Checks
--------------------------------------------------------------------------------------
Clock Name:         vga_clk
Waveform(ns):       { 0.000 20.000 }
Period(ns):         40.000
Sources:            { BUFG_vga_clk/O }

Check Type        Corner  Lib Pin             Reference Pin  Required(ns)  Actual(ns)  Slack(ns)  Location      Pin
Min Period        n/a     RAMB36E1/CLKBWRCLK  n/a            2.576         40.000      37.424     RAMB36_X2Y13  uCPUPipe/uDataMemory/vga_fb_mem_reg_0/CLKBWRCLK
Min Period        n/a     RAMB36E1/CLKBWRCLK  n/a            2.576         40.000      37.424     RAMB36_X2Y14  uCPUPipe/uDataMemory/vga_fb_mem_reg_1/CLKBWRCLK
Min Period        n/a     RAMB36E1/CLKBWRCLK  n/a            2.576         40.000      37.424     RAMB36_X2Y10  uCPUTop/uDataMemory/vga_fb_mem_reg_0/CLKBWRCLK
Min Period        n/a     RAMB36E1/CLKBWRCLK  n/a            2.576         40.000      37.424     RAMB36_X1Y10  uCPUTop/uDataMemory/vga_fb_mem_reg_1/CLKBWRCLK
Min Period        n/a     RAMB18E1/CLKARDCLK  n/a            2.576         40.000      37.424     RAMB18_X2Y22  uVGA/font_data_reg/CLKARDCLK
Min Period        n/a     FDCE/C              n/a            1.000         40.000      39.000     SLICE_X57Y55  uVGA/char_data_reg[0]/C
Min Period        n/a     FDCE/C              n/a            1.000         40.000      39.000     SLICE_X53Y70  uVGA/char_data_reg[10]/C
Min Period        n/a     FDCE/C              n/a            1.000         40.000      39.000     SLICE_X53Y70  uVGA/char_data_reg[11]/C
Min Period        n/a     FDCE/C              n/a            1.000         40.000      39.000     SLICE_X53Y70  uVGA/char_data_reg[12]/C
Min Period        n/a     FDCE/C              n/a            1.000         40.000      39.000     SLICE_X47Y68  uVGA/char_data_reg[13]/C
Low Pulse Width   Slow    FDCE/C              n/a            0.500         20.000      19.500     SLICE_X57Y55  uVGA/char_data_reg[0]/C
Low Pulse Width   Fast    FDCE/C              n/a            0.500         20.000      19.500     SLICE_X57Y55  uVGA/char_data_reg[0]/C
Low Pulse Width   Slow    FDCE/C              n/a            0.500         20.000      19.500     SLICE_X47Y68  uVGA/char_data_reg[13]/C
Low Pulse Width   Slow    FDCE/C              n/a            0.500         20.000      19.500     SLICE_X57Y55  uVGA/char_data_reg[1]/C
Low Pulse Width   Fast    FDCE/C              n/a            0.500         20.000      19.500     SLICE_X57Y55  uVGA/char_data_reg[1]/C
Low Pulse Width   Slow    FDCE/C              n/a            0.500         20.000      19.500     SLICE_X57Y55  uVGA/char_data_reg[2]/C
Low Pulse Width   Fast    FDCE/C              n/a            0.500         20.000      19.500     SLICE_X57Y55  uVGA/char_data_reg[2]/C
Low Pulse Width   Slow    FDCE/C              n/a            0.500         20.000      19.500     SLICE_X57Y55  uVGA/char_data_reg[3]/C
Low Pulse Width   Fast    FDCE/C              n/a            0.500         20.000      19.500     SLICE_X57Y55  uVGA/char_data_reg[3]/C
Low Pulse Width   Slow    FDCE/C              n/a            0.500         20.000      19.500     SLICE_X54Y63  uVGA/char_data_reg[4]/C
High Pulse Width  Slow    FDCE/C              n/a            0.500         20.000      19.500     SLICE_X57Y55  uVGA/char_data_reg[0]/C
High Pulse Width  Slow    FDCE/C              n/a            0.500         20.000      19.500     SLICE_X53Y70  uVGA/char_data_reg[10]/C
High Pulse Width  Fast    FDCE/C              n/a            0.500         20.000      19.500     SLICE_X53Y70  uVGA/char_data_reg[10]/C
High Pulse Width  Slow    FDCE/C              n/a            0.500         20.000      19.500     SLICE_X53Y70  uVGA/char_data_reg[11]/C
High Pulse Width  Fast    FDCE/C              n/a            0.500         20.000      19.500     SLICE_X53Y70  uVGA/char_data_reg[11]/C
High Pulse Width  Slow    FDCE/C              n/a            0.500         20.000      19.500     SLICE_X53Y70  uVGA/char_data_reg[12]/C
High Pulse Width  Fast    FDCE/C              n/a            0.500         20.000      19.500     SLICE_X53Y70  uVGA/char_data_reg[12]/C
High Pulse Width  Slow    FDCE/C              n/a            0.500         20.000      19.500     SLICE_X47Y68  uVGA/char_data_reg[13]/C
High Pulse Width  Fast    FDCE/C              n/a            0.500         20.000      19.500     SLICE_X47Y68  uVGA/char_data_reg[13]/C
High Pulse Width  Slow    FDCE/C              n/a            0.500         20.000      19.500     SLICE_X53Y70  uVGA/char_data_reg[14]/C



---------------------------------------------------------------------------------------------------
From Clock:  cpu_clk
  To Clock:  sys_clk

Setup :           12  Failing Endpoints,  Worst Slack       -0.298ns,  Total Violation       -1.668ns
Hold  :            0  Failing Endpoints,  Worst Slack        1.045ns,  Total Violation        0.000ns
---------------------------------------------------------------------------------------------------


Max Delay Paths
--------------------------------------------------------------------------------------
Slack (VIOLATED) :        -0.298ns  (required time - arrival time)
  Source:                 uCPUTop/uIfetch/inst_dbg_addr_sync_reg[2]/C
                            (rising edge-triggered cell FDCE clocked by cpu_clk  {rise@0.000ns fall@40.000ns period=80.000ns})
  Destination:            uDebugCtrl/resp_buf_reg[2][2]/D
                            (rising edge-triggered cell FDRE clocked by sys_clk  {rise@0.000ns fall@5.000ns period=10.000ns})
  Path Group:             sys_clk
  Path Type:              Setup (Max at Slow Process Corner)
  Requirement:            10.000ns  (sys_clk rise@10.000ns - cpu_clk rise@0.000ns)
  Data Path Delay:        7.237ns  (logic 2.266ns (31.313%)  route 4.971ns (68.687%))
  Logic Levels:           9  (LUT3=1 LUT5=1 LUT6=3 MUXF7=2 MUXF8=1 RAMS64E=1)
  Clock Path Skew:        -3.103ns (DCD - SCD + CPR)
    Destination Clock Delay (DCD):    4.803ns = ( 14.803 - 10.000 ) 
    Source Clock Delay      (SCD):    8.085ns
    Clock Pessimism Removal (CPR):    0.179ns
  Clock Uncertainty:      0.035ns  ((TSJ^2 + TIJ^2)^1/2 + DJ) / 2 + PE
    Total System Jitter     (TSJ):    0.071ns
    Total Input Jitter      (TIJ):    0.000ns
    Discrete Jitter          (DJ):    0.000ns
    Phase Error              (PE):    0.000ns

    Location             Delay type                Incr(ns)  Path(ns)    Netlist Resource(s)
  -------------------------------------------------------------------    -------------------
                         (clock cpu_clk rise edge)    0.000     0.000 r  
    P17                                               0.000     0.000 r  clk (IN)
                         net (fo=0)                   0.000     0.000    clk
    P17                  IBUF (Prop_ibuf_I_O)         1.478     1.478 r  clk_IBUF_inst/O
                         net (fo=1, routed)           1.972     3.450    clk_IBUF
    BUFGCTRL_X0Y1        BUFG (Prop_bufg_I_O)         0.096     3.546 r  clk_IBUF_BUFG_inst/O
                         net (fo=340, routed)         1.565     5.111    clk_IBUF_BUFG
    SLICE_X36Y46         FDCE (Prop_fdce_C_Q)         0.419     5.530 r  clk_div_reg[2]/Q
                         net (fo=2, routed)           0.735     6.266    clk_12_5mhz
    BUFGCTRL_X0Y0        BUFG (Prop_bufg_I_O)         0.271     6.537 r  BUFG_cpu_clk/O
                         net (fo=3762, routed)        1.548     8.085    uCPUTop/uIfetch/clk
    SLICE_X47Y84         FDCE                                         r  uCPUTop/uIfetch/inst_dbg_addr_sync_reg[2]/C
  -------------------------------------------------------------------    -------------------
    SLICE_X47Y84         FDCE (Prop_fdce_C_Q)         0.456     8.541 r  uCPUTop/uIfetch/inst_dbg_addr_sync_reg[2]/Q
                         net (fo=8, routed)           0.976     9.517    uCPUTop/uIfetch/inst_dbg_addr_sync[2]
    SLICE_X41Y82         LUT3 (Prop_lut3_I0_O)        0.124     9.641 r  uCPUTop/uIfetch/mem_reg_0_255_0_0_i_9/O
                         net (fo=152, routed)         1.277    10.919    uCPUTop/uIfetch/mem_reg_1536_1791_18_18/A0
    SLICE_X38Y85         RAMS64E (Prop_rams64e_ADR0_O)
                                                      0.301    11.220 r  uCPUTop/uIfetch/mem_reg_1536_1791_18_18/RAMS64E_A/O
                         net (fo=1, routed)           0.000    11.220    uCPUTop/uIfetch/mem_reg_1536_1791_18_18/OA
    SLICE_X38Y85         MUXF7 (Prop_muxf7_I1_O)      0.214    11.434 r  uCPUTop/uIfetch/mem_reg_1536_1791_18_18/F7.A/O
                         net (fo=1, routed)           0.000    11.434    uCPUTop/uIfetch/mem_reg_1536_1791_18_18/O1
    SLICE_X38Y85         MUXF8 (Prop_muxf8_I1_O)      0.088    11.522 r  uCPUTop/uIfetch/mem_reg_1536_1791_18_18/F8/O
                         net (fo=1, routed)           1.132    12.654    uCPUTop/uIfetch/mem_reg_1536_1791_18_18_n_0
    SLICE_X31Y87         LUT6 (Prop_lut6_I1_O)        0.319    12.973 r  uCPUTop/uIfetch/resp_buf[2][2]_i_12/O
                         net (fo=1, routed)           0.000    12.973    uCPUTop/uIfetch/resp_buf[2][2]_i_12_n_0
    SLICE_X31Y87         MUXF7 (Prop_muxf7_I1_O)      0.217    13.190 r  uCPUTop/uIfetch/resp_buf_reg[2][2]_i_6/O
                         net (fo=260, routed)         0.917    14.107    uCPUTop/uDataMemory/single_inst_rd[18]
    SLICE_X30Y99         LUT6 (Prop_lut6_I1_O)        0.299    14.406 r  uCPUTop/uDataMemory/resp_buf[2][2]_i_4/O
                         net (fo=1, routed)           0.171    14.577    uDebugCtrl/cmd_reg_reg[1]_18
    SLICE_X30Y99         LUT6 (Prop_lut6_I2_O)        0.124    14.701 r  uDebugCtrl/resp_buf[2][2]_i_2/O
                         net (fo=1, routed)           0.496    15.197    uDebugCtrl/resp_buf[2][2]_i_2_n_0
    SLICE_X30Y99         LUT5 (Prop_lut5_I0_O)        0.124    15.321 r  uDebugCtrl/resp_buf[2][2]_i_1/O
                         net (fo=1, routed)           0.000    15.321    uDebugCtrl/resp_buf[2][2]_i_1_n_0
    SLICE_X30Y99         FDRE                                         r  uDebugCtrl/resp_buf_reg[2][2]/D
  -------------------------------------------------------------------    -------------------

                         (clock sys_clk rise edge)   10.000    10.000 r  
    P17                                               0.000    10.000 r  clk (IN)
                         net (fo=0)                   0.000    10.000    clk
    P17                  IBUF (Prop_ibuf_I_O)         1.408    11.408 r  clk_IBUF_inst/O
                         net (fo=1, routed)           1.868    13.276    clk_IBUF
    BUFGCTRL_X0Y1        BUFG (Prop_bufg_I_O)         0.091    13.367 r  clk_IBUF_BUFG_inst/O
                         net (fo=340, routed)         1.436    14.803    uDebugCtrl/clk_IBUF_BUFG
    SLICE_X30Y99         FDRE                                         r  uDebugCtrl/resp_buf_reg[2][2]/C
                         clock pessimism              0.179    14.982    
                         clock uncertainty           -0.035    14.946    
    SLICE_X30Y99         FDRE (Setup_fdre_C_D)        0.077    15.023    uDebugCtrl/resp_buf_reg[2][2]
  -------------------------------------------------------------------
                         required time                         15.023    
                         arrival time                         -15.321    
  -------------------------------------------------------------------
                         slack                                 -0.298    

Slack (VIOLATED) :        -0.259ns  (required time - arrival time)
  Source:                 uCPUTop/uIfetch/pcReg_reg[2]/C
                            (rising edge-triggered cell FDCE clocked by cpu_clk  {rise@0.000ns fall@40.000ns period=80.000ns})
  Destination:            uDebugCtrl/resp_buf_reg[1][1]/D
                            (rising edge-triggered cell FDRE clocked by sys_clk  {rise@0.000ns fall@5.000ns period=10.000ns})
  Path Group:             sys_clk
  Path Type:              Setup (Max at Slow Process Corner)
  Requirement:            10.000ns  (sys_clk rise@10.000ns - cpu_clk rise@0.000ns)
  Data Path Delay:        7.322ns  (logic 2.153ns (29.405%)  route 5.169ns (70.595%))
  Logic Levels:           9  (LUT3=1 LUT6=4 MUXF7=2 MUXF8=1 RAMS64E=1)
  Clock Path Skew:        -2.933ns (DCD - SCD + CPR)
    Destination Clock Delay (DCD):    4.975ns = ( 14.975 - 10.000 ) 
    Source Clock Delay      (SCD):    8.087ns
    Clock Pessimism Removal (CPR):    0.179ns
  Clock Uncertainty:      0.035ns  ((TSJ^2 + TIJ^2)^1/2 + DJ) / 2 + PE
    Total System Jitter     (TSJ):    0.071ns
    Total Input Jitter      (TIJ):    0.000ns
    Discrete Jitter          (DJ):    0.000ns
    Phase Error              (PE):    0.000ns

    Location             Delay type                Incr(ns)  Path(ns)    Netlist Resource(s)
  -------------------------------------------------------------------    -------------------
                         (clock cpu_clk rise edge)    0.000     0.000 r  
    P17                                               0.000     0.000 r  clk (IN)
                         net (fo=0)                   0.000     0.000    clk
    P17                  IBUF (Prop_ibuf_I_O)         1.478     1.478 r  clk_IBUF_inst/O
                         net (fo=1, routed)           1.972     3.450    clk_IBUF
    BUFGCTRL_X0Y1        BUFG (Prop_bufg_I_O)         0.096     3.546 r  clk_IBUF_BUFG_inst/O
                         net (fo=340, routed)         1.565     5.111    clk_IBUF_BUFG
    SLICE_X36Y46         FDCE (Prop_fdce_C_Q)         0.419     5.530 r  clk_div_reg[2]/Q
                         net (fo=2, routed)           0.735     6.266    clk_12_5mhz
    BUFGCTRL_X0Y0        BUFG (Prop_bufg_I_O)         0.271     6.537 r  BUFG_cpu_clk/O
                         net (fo=3762, routed)        1.550     8.087    uCPUTop/uIfetch/clk
    SLICE_X44Y85         FDCE                                         r  uCPUTop/uIfetch/pcReg_reg[2]/C
  -------------------------------------------------------------------    -------------------
    SLICE_X44Y85         FDCE (Prop_fdce_C_Q)         0.456     8.543 r  uCPUTop/uIfetch/pcReg_reg[2]/Q
                         net (fo=13, routed)          0.875     9.418    uCPUTop/uIfetch/resp_buf_reg[1][7][2]
    SLICE_X48Y86         LUT3 (Prop_lut3_I2_O)        0.124     9.542 r  uCPUTop/uIfetch/mem_reg_1536_1791_13_13_i_8/O
                         net (fo=168, routed)         1.485    11.027    uCPUTop/uIfetch/mem_reg_1536_1791_25_25/A0
    SLICE_X52Y93         RAMS64E (Prop_rams64e_ADR0_O)
                                                      0.124    11.151 r  uCPUTop/uIfetch/mem_reg_1536_1791_25_25/RAMS64E_D/O
                         net (fo=1, routed)           0.000    11.151    uCPUTop/uIfetch/mem_reg_1536_1791_25_25/OD
    SLICE_X52Y93         MUXF7 (Prop_muxf7_I0_O)      0.241    11.392 r  uCPUTop/uIfetch/mem_reg_1536_1791_25_25/F7.B/O
                         net (fo=1, routed)           0.000    11.392    uCPUTop/uIfetch/mem_reg_1536_1791_25_25/O0
    SLICE_X52Y93         MUXF8 (Prop_muxf8_I0_O)      0.098    11.490 r  uCPUTop/uIfetch/mem_reg_1536_1791_25_25/F8/O
                         net (fo=1, routed)           1.016    12.506    uCPUTop/uIfetch/mem_reg_1536_1791_25_25_n_0
    SLICE_X47Y95         LUT6 (Prop_lut6_I1_O)        0.319    12.825 r  uCPUTop/uIfetch/vga_fb_mem_reg_0_i_225/O
                         net (fo=1, routed)           0.000    12.825    uCPUTop/uIfetch/vga_fb_mem_reg_0_i_225_n_0
    SLICE_X47Y95         MUXF7 (Prop_muxf7_I1_O)      0.245    13.070 r  uCPUTop/uIfetch/vga_fb_mem_reg_0_i_86/O
                         net (fo=11, routed)          0.858    13.928    uCPUTop/uDataMemory/single_inst_rd[25]
    SLICE_X40Y104        LUT6 (Prop_lut6_I1_O)        0.298    14.226 r  uCPUTop/uDataMemory/resp_buf[1][1]_i_4/O
                         net (fo=1, routed)           0.491    14.717    uDebugCtrl/cmd_reg_reg[1]_25
    SLICE_X40Y104        LUT6 (Prop_lut6_I2_O)        0.124    14.841 r  uDebugCtrl/resp_buf[1][1]_i_2/O
                         net (fo=1, routed)           0.443    15.285    uDebugCtrl/resp_buf[1][1]_i_2_n_0
    SLICE_X39Y103        LUT6 (Prop_lut6_I0_O)        0.124    15.409 r  uDebugCtrl/resp_buf[1][1]_i_1/O
                         net (fo=1, routed)           0.000    15.409    uDebugCtrl/resp_buf[1][1]_i_1_n_0
    SLICE_X39Y103        FDRE                                         r  uDebugCtrl/resp_buf_reg[1][1]/D
  -------------------------------------------------------------------    -------------------

                         (clock sys_clk rise edge)   10.000    10.000 r  
    P17                                               0.000    10.000 r  clk (IN)
                         net (fo=0)                   0.000    10.000    clk
    P17                  IBUF (Prop_ibuf_I_O)         1.408    11.408 r  clk_IBUF_inst/O
                         net (fo=1, routed)           1.868    13.276    clk_IBUF
    BUFGCTRL_X0Y1        BUFG (Prop_bufg_I_O)         0.091    13.367 r  clk_IBUF_BUFG_inst/O
                         net (fo=340, routed)         1.608    14.975    uDebugCtrl/clk_IBUF_BUFG
    SLICE_X39Y103        FDRE                                         r  uDebugCtrl/resp_buf_reg[1][1]/C
                         clock pessimism              0.179    15.154    
                         clock uncertainty           -0.035    15.119    
    SLICE_X39Y103        FDRE (Setup_fdre_C_D)        0.031    15.150    uDebugCtrl/resp_buf_reg[1][1]
  -------------------------------------------------------------------
                         required time                         15.150    
                         arrival time                         -15.409    
  -------------------------------------------------------------------
                         slack                                 -0.259    

Slack (VIOLATED) :        -0.248ns  (required time - arrival time)
  Source:                 uCPUTop/uIfetch/inst_dbg_en_sync_reg/C
                            (rising edge-triggered cell FDCE clocked by cpu_clk  {rise@0.000ns fall@40.000ns period=80.000ns})
  Destination:            uDebugCtrl/resp_buf_reg[3][1]/D
                            (rising edge-triggered cell FDRE clocked by sys_clk  {rise@0.000ns fall@5.000ns period=10.000ns})
  Path Group:             sys_clk
  Path Type:              Setup (Max at Slow Process Corner)
  Requirement:            10.000ns  (sys_clk rise@10.000ns - cpu_clk rise@0.000ns)
  Data Path Delay:        7.128ns  (logic 2.121ns (29.754%)  route 5.007ns (70.246%))
  Logic Levels:           9  (LUT3=1 LUT5=1 LUT6=3 MUXF7=2 MUXF8=1 RAMS64E=1)
  Clock Path Skew:        -3.115ns (DCD - SCD + CPR)
    Destination Clock Delay (DCD):    4.793ns = ( 14.793 - 10.000 ) 
    Source Clock Delay      (SCD):    8.087ns
    Clock Pessimism Removal (CPR):    0.179ns
  Clock Uncertainty:      0.035ns  ((TSJ^2 + TIJ^2)^1/2 + DJ) / 2 + PE
    Total System Jitter     (TSJ):    0.071ns
    Total Input Jitter      (TIJ):    0.000ns
    Discrete Jitter          (DJ):    0.000ns
    Phase Error              (PE):    0.000ns

    Location             Delay type                Incr(ns)  Path(ns)    Netlist Resource(s)
  -------------------------------------------------------------------    -------------------
                         (clock cpu_clk rise edge)    0.000     0.000 r  
    P17                                               0.000     0.000 r  clk (IN)
                         net (fo=0)                   0.000     0.000    clk
    P17                  IBUF (Prop_ibuf_I_O)         1.478     1.478 r  clk_IBUF_inst/O
                         net (fo=1, routed)           1.972     3.450    clk_IBUF
    BUFGCTRL_X0Y1        BUFG (Prop_bufg_I_O)         0.096     3.546 r  clk_IBUF_BUFG_inst/O
                         net (fo=340, routed)         1.565     5.111    clk_IBUF_BUFG
    SLICE_X36Y46         FDCE (Prop_fdce_C_Q)         0.419     5.530 r  clk_div_reg[2]/Q
                         net (fo=2, routed)           0.735     6.266    clk_12_5mhz
    BUFGCTRL_X0Y0        BUFG (Prop_bufg_I_O)         0.271     6.537 r  BUFG_cpu_clk/O
                         net (fo=3762, routed)        1.550     8.087    uCPUTop/uIfetch/clk
    SLICE_X45Y85         FDCE                                         r  uCPUTop/uIfetch/inst_dbg_en_sync_reg/C
  -------------------------------------------------------------------    -------------------
    SLICE_X45Y85         FDCE (Prop_fdce_C_Q)         0.456     8.543 r  uCPUTop/uIfetch/inst_dbg_en_sync_reg/Q
                         net (fo=79, routed)          1.122     9.665    uCPUTop/uIfetch/inst_dbg_en_sync
    SLICE_X43Y72         LUT3 (Prop_lut3_I1_O)        0.124     9.789 r  uCPUTop/uIfetch/mem_reg_0_255_7_7_i_8/O
                         net (fo=168, routed)         1.591    11.380    uCPUTop/uIfetch/mem_reg_256_511_9_9/A0
    SLICE_X42Y64         RAMS64E (Prop_rams64e_ADR0_O)
                                                      0.124    11.504 r  uCPUTop/uIfetch/mem_reg_256_511_9_9/RAMS64E_D/O
                         net (fo=1, routed)           0.000    11.504    uCPUTop/uIfetch/mem_reg_256_511_9_9/OD
    SLICE_X42Y64         MUXF7 (Prop_muxf7_I0_O)      0.241    11.745 r  uCPUTop/uIfetch/mem_reg_256_511_9_9/F7.B/O
                         net (fo=1, routed)           0.000    11.745    uCPUTop/uIfetch/mem_reg_256_511_9_9/O0
    SLICE_X42Y64         MUXF8 (Prop_muxf8_I0_O)      0.098    11.843 r  uCPUTop/uIfetch/mem_reg_256_511_9_9/F8/O
                         net (fo=1, routed)           1.400    13.243    uCPUTop/uIfetch/mem_reg_256_511_9_9_n_0
    SLICE_X28Y76         LUT6 (Prop_lut6_I3_O)        0.319    13.562 r  uCPUTop/uIfetch/regFile[1][31]_i_24/O
                         net (fo=1, routed)           0.000    13.562    uCPUTop/uIfetch/regFile[1][31]_i_24_n_0
    SLICE_X28Y76         MUXF7 (Prop_muxf7_I0_O)      0.212    13.774 r  uCPUTop/uIfetch/regFile_reg[1][31]_i_8/O
                         net (fo=36, routed)          0.324    14.098    uCPUTop/uDataMemory/single_inst_rd[9]
    SLICE_X28Y78         LUT6 (Prop_lut6_I1_O)        0.299    14.397 r  uCPUTop/uDataMemory/resp_buf[3][1]_i_4/O
                         net (fo=1, routed)           0.279    14.676    uDebugCtrl/cmd_reg_reg[1]_9
    SLICE_X28Y78         LUT6 (Prop_lut6_I2_O)        0.124    14.800 r  uDebugCtrl/resp_buf[3][1]_i_2/O
                         net (fo=1, routed)           0.291    15.091    uDebugCtrl/resp_buf[3][1]_i_2_n_0
    SLICE_X29Y79         LUT5 (Prop_lut5_I0_O)        0.124    15.215 r  uDebugCtrl/resp_buf[3][1]_i_1/O
                         net (fo=1, routed)           0.000    15.215    uDebugCtrl/resp_buf[3][1]_i_1_n_0
    SLICE_X29Y79         FDRE                                         r  uDebugCtrl/resp_buf_reg[3][1]/D
  -------------------------------------------------------------------    -------------------

                         (clock sys_clk rise edge)   10.000    10.000 r  
    P17                                               0.000    10.000 r  clk (IN)
                         net (fo=0)                   0.000    10.000    clk
    P17                  IBUF (Prop_ibuf_I_O)         1.408    11.408 r  clk_IBUF_inst/O
                         net (fo=1, routed)           1.868    13.276    clk_IBUF
    BUFGCTRL_X0Y1        BUFG (Prop_bufg_I_O)         0.091    13.367 r  clk_IBUF_BUFG_inst/O
                         net (fo=340, routed)         1.426    14.793    uDebugCtrl/clk_IBUF_BUFG
    SLICE_X29Y79         FDRE                                         r  uDebugCtrl/resp_buf_reg[3][1]/C
                         clock pessimism              0.179    14.972    
                         clock uncertainty           -0.035    14.936    
    SLICE_X29Y79         FDRE (Setup_fdre_C_D)        0.031    14.967    uDebugCtrl/resp_buf_reg[3][1]
  -------------------------------------------------------------------
                         required time                         14.967    
                         arrival time                         -15.215    
  -------------------------------------------------------------------
                         slack                                 -0.248    

Slack (VIOLATED) :        -0.228ns  (required time - arrival time)
  Source:                 uCPUTop/uIfetch/inst_dbg_en_sync_reg/C
                            (rising edge-triggered cell FDCE clocked by cpu_clk  {rise@0.000ns fall@40.000ns period=80.000ns})
  Destination:            uDebugCtrl/resp_buf_reg[4][2]/D
                            (rising edge-triggered cell FDRE clocked by sys_clk  {rise@0.000ns fall@5.000ns period=10.000ns})
  Path Group:             sys_clk
  Path Type:              Setup (Max at Slow Process Corner)
  Requirement:            10.000ns  (sys_clk rise@10.000ns - cpu_clk rise@0.000ns)
  Data Path Delay:        7.117ns  (logic 2.232ns (31.356%)  route 4.885ns (68.644%))
  Logic Levels:           9  (LUT3=1 LUT5=1 LUT6=3 MUXF7=2 MUXF8=1 RAMS64E=1)
  Clock Path Skew:        -3.105ns (DCD - SCD + CPR)
    Destination Clock Delay (DCD):    4.803ns = ( 14.803 - 10.000 ) 
    Source Clock Delay      (SCD):    8.087ns
    Clock Pessimism Removal (CPR):    0.179ns
  Clock Uncertainty:      0.035ns  ((TSJ^2 + TIJ^2)^1/2 + DJ) / 2 + PE
    Total System Jitter     (TSJ):    0.071ns
    Total Input Jitter      (TIJ):    0.000ns
    Discrete Jitter          (DJ):    0.000ns
    Phase Error              (PE):    0.000ns

    Location             Delay type                Incr(ns)  Path(ns)    Netlist Resource(s)
  -------------------------------------------------------------------    -------------------
                         (clock cpu_clk rise edge)    0.000     0.000 r  
    P17                                               0.000     0.000 r  clk (IN)
                         net (fo=0)                   0.000     0.000    clk
    P17                  IBUF (Prop_ibuf_I_O)         1.478     1.478 r  clk_IBUF_inst/O
                         net (fo=1, routed)           1.972     3.450    clk_IBUF
    BUFGCTRL_X0Y1        BUFG (Prop_bufg_I_O)         0.096     3.546 r  clk_IBUF_BUFG_inst/O
                         net (fo=340, routed)         1.565     5.111    clk_IBUF_BUFG
    SLICE_X36Y46         FDCE (Prop_fdce_C_Q)         0.419     5.530 r  clk_div_reg[2]/Q
                         net (fo=2, routed)           0.735     6.266    clk_12_5mhz
    BUFGCTRL_X0Y0        BUFG (Prop_bufg_I_O)         0.271     6.537 r  BUFG_cpu_clk/O
                         net (fo=3762, routed)        1.550     8.087    uCPUTop/uIfetch/clk
    SLICE_X45Y85         FDCE                                         r  uCPUTop/uIfetch/inst_dbg_en_sync_reg/C
  -------------------------------------------------------------------    -------------------
    SLICE_X45Y85         FDCE (Prop_fdce_C_Q)         0.456     8.543 r  uCPUTop/uIfetch/inst_dbg_en_sync_reg/Q
                         net (fo=79, routed)          1.198     9.740    uCPUTop/uIfetch/inst_dbg_en_sync
    SLICE_X47Y74         LUT3 (Prop_lut3_I1_O)        0.124     9.864 r  uCPUTop/uIfetch/mem_reg_1536_1791_1_1_i_5/O
                         net (fo=168, routed)         1.326    11.190    uCPUTop/uIfetch/mem_reg_512_767_2_2/A3
    SLICE_X46Y64         RAMS64E (Prop_rams64e_ADR3_O)
                                                      0.246    11.437 r  uCPUTop/uIfetch/mem_reg_512_767_2_2/RAMS64E_A/O
                         net (fo=1, routed)           0.000    11.437    uCPUTop/uIfetch/mem_reg_512_767_2_2/OA
    SLICE_X46Y64         MUXF7 (Prop_muxf7_I1_O)      0.214    11.651 r  uCPUTop/uIfetch/mem_reg_512_767_2_2/F7.A/O
                         net (fo=1, routed)           0.000    11.651    uCPUTop/uIfetch/mem_reg_512_767_2_2/O1
    SLICE_X46Y64         MUXF8 (Prop_muxf8_I1_O)      0.088    11.739 r  uCPUTop/uIfetch/mem_reg_512_767_2_2/F8/O
                         net (fo=1, routed)           0.990    12.729    uCPUTop/uIfetch/mem_reg_512_767_2_2_n_0
    SLICE_X45Y69         LUT6 (Prop_lut6_I1_O)        0.319    13.048 r  uCPUTop/uIfetch/pcReg[31]_i_44/O
                         net (fo=1, routed)           0.000    13.048    uCPUTop/uIfetch/pcReg[31]_i_44_n_0
    SLICE_X45Y69         MUXF7 (Prop_muxf7_I0_O)      0.238    13.286 r  uCPUTop/uIfetch/pcReg_reg[31]_i_22/O
                         net (fo=31, routed)          1.068    14.354    uCPUTop/uDataMemory/single_inst_rd[2]
    SLICE_X43Y91         LUT6 (Prop_lut6_I1_O)        0.298    14.652 r  uCPUTop/uDataMemory/resp_buf[4][2]_i_4/O
                         net (fo=1, routed)           0.149    14.801    uDebugCtrl/cmd_reg_reg[1]_2
    SLICE_X43Y91         LUT6 (Prop_lut6_I2_O)        0.124    14.925 r  uDebugCtrl/resp_buf[4][2]_i_2/O
                         net (fo=1, routed)           0.154    15.079    uDebugCtrl/resp_buf[4][2]_i_2_n_0
    SLICE_X43Y91         LUT5 (Prop_lut5_I0_O)        0.124    15.203 r  uDebugCtrl/resp_buf[4][2]_i_1/O
                         net (fo=1, routed)           0.000    15.203    uDebugCtrl/resp_buf[4][2]_i_1_n_0
    SLICE_X43Y91         FDRE                                         r  uDebugCtrl/resp_buf_reg[4][2]/D
  -------------------------------------------------------------------    -------------------

                         (clock sys_clk rise edge)   10.000    10.000 r  
    P17                                               0.000    10.000 r  clk (IN)
                         net (fo=0)                   0.000    10.000    clk
    P17                  IBUF (Prop_ibuf_I_O)         1.408    11.408 r  clk_IBUF_inst/O
                         net (fo=1, routed)           1.868    13.276    clk_IBUF
    BUFGCTRL_X0Y1        BUFG (Prop_bufg_I_O)         0.091    13.367 r  clk_IBUF_BUFG_inst/O
                         net (fo=340, routed)         1.436    14.803    uDebugCtrl/clk_IBUF_BUFG
    SLICE_X43Y91         FDRE                                         r  uDebugCtrl/resp_buf_reg[4][2]/C
                         clock pessimism              0.179    14.982    
                         clock uncertainty           -0.035    14.946    
    SLICE_X43Y91         FDRE (Setup_fdre_C_D)        0.029    14.975    uDebugCtrl/resp_buf_reg[4][2]
  -------------------------------------------------------------------
                         required time                         14.975    
                         arrival time                         -15.203    
  -------------------------------------------------------------------
                         slack                                 -0.228    

Slack (VIOLATED) :        -0.226ns  (required time - arrival time)
  Source:                 uCPUTop/uIfetch/inst_dbg_en_sync_reg/C
                            (rising edge-triggered cell FDCE clocked by cpu_clk  {rise@0.000ns fall@40.000ns period=80.000ns})
  Destination:            uDebugCtrl/resp_buf_reg[4][7]/D
                            (rising edge-triggered cell FDRE clocked by sys_clk  {rise@0.000ns fall@5.000ns period=10.000ns})
  Path Group:             sys_clk
  Path Type:              Setup (Max at Slow Process Corner)
  Requirement:            10.000ns  (sys_clk rise@10.000ns - cpu_clk rise@0.000ns)
  Data Path Delay:        7.112ns  (logic 2.310ns (32.474%)  route 4.803ns (67.526%))
  Logic Levels:           9  (LUT3=1 LUT5=1 LUT6=3 MUXF7=2 MUXF8=1 RAMS64E=1)
  Clock Path Skew:        -3.109ns (DCD - SCD + CPR)
    Destination Clock Delay (DCD):    4.799ns = ( 14.799 - 10.000 ) 
    Source Clock Delay      (SCD):    8.087ns
    Clock Pessimism Removal (CPR):    0.179ns
  Clock Uncertainty:      0.035ns  ((TSJ^2 + TIJ^2)^1/2 + DJ) / 2 + PE
    Total System Jitter     (TSJ):    0.071ns
    Total Input Jitter      (TIJ):    0.000ns
    Discrete Jitter          (DJ):    0.000ns
    Phase Error              (PE):    0.000ns

    Location             Delay type                Incr(ns)  Path(ns)    Netlist Resource(s)
  -------------------------------------------------------------------    -------------------
                         (clock cpu_clk rise edge)    0.000     0.000 r  
    P17                                               0.000     0.000 r  clk (IN)
                         net (fo=0)                   0.000     0.000    clk
    P17                  IBUF (Prop_ibuf_I_O)         1.478     1.478 r  clk_IBUF_inst/O
                         net (fo=1, routed)           1.972     3.450    clk_IBUF
    BUFGCTRL_X0Y1        BUFG (Prop_bufg_I_O)         0.096     3.546 r  clk_IBUF_BUFG_inst/O
                         net (fo=340, routed)         1.565     5.111    clk_IBUF_BUFG
    SLICE_X36Y46         FDCE (Prop_fdce_C_Q)         0.419     5.530 r  clk_div_reg[2]/Q
                         net (fo=2, routed)           0.735     6.266    clk_12_5mhz
    BUFGCTRL_X0Y0        BUFG (Prop_bufg_I_O)         0.271     6.537 r  BUFG_cpu_clk/O
                         net (fo=3762, routed)        1.550     8.087    uCPUTop/uIfetch/clk
    SLICE_X45Y85         FDCE                                         r  uCPUTop/uIfetch/inst_dbg_en_sync_reg/C
  -------------------------------------------------------------------    -------------------
    SLICE_X45Y85         FDCE (Prop_fdce_C_Q)         0.456     8.543 r  uCPUTop/uIfetch/inst_dbg_en_sync_reg/Q
                         net (fo=79, routed)          1.122     9.665    uCPUTop/uIfetch/inst_dbg_en_sync
    SLICE_X43Y72         LUT3 (Prop_lut3_I1_O)        0.124     9.789 r  uCPUTop/uIfetch/mem_reg_0_255_7_7_i_8/O
                         net (fo=168, routed)         1.452    11.241    uCPUTop/uIfetch/mem_reg_1280_1535_7_7/A0
    SLICE_X46Y70         RAMS64E (Prop_rams64e_ADR0_O)
                                                      0.345    11.586 r  uCPUTop/uIfetch/mem_reg_1280_1535_7_7/RAMS64E_A/O
                         net (fo=1, routed)           0.000    11.586    uCPUTop/uIfetch/mem_reg_1280_1535_7_7/OA
    SLICE_X46Y70         MUXF7 (Prop_muxf7_I1_O)      0.214    11.800 r  uCPUTop/uIfetch/mem_reg_1280_1535_7_7/F7.A/O
                         net (fo=1, routed)           0.000    11.800    uCPUTop/uIfetch/mem_reg_1280_1535_7_7/O1
    SLICE_X46Y70         MUXF8 (Prop_muxf8_I1_O)      0.088    11.888 r  uCPUTop/uIfetch/mem_reg_1280_1535_7_7/F8/O
                         net (fo=1, routed)           1.199    13.086    uCPUTop/uIfetch/mem_reg_1280_1535_7_7_n_0
    SLICE_X47Y84         LUT6 (Prop_lut6_I3_O)        0.319    13.405 r  uCPUTop/uIfetch/regFile[1][31]_i_27/O
                         net (fo=1, routed)           0.000    13.405    uCPUTop/uIfetch/regFile[1][31]_i_27_n_0
    SLICE_X47Y84         MUXF7 (Prop_muxf7_I1_O)      0.217    13.622 r  uCPUTop/uIfetch/regFile_reg[1][31]_i_9/O
                         net (fo=35, routed)          0.451    14.073    uCPUTop/uDataMemory/single_inst_rd[7]
    SLICE_X44Y86         LUT6 (Prop_lut6_I1_O)        0.299    14.372 r  uCPUTop/uDataMemory/resp_buf[4][7]_i_4/O
                         net (fo=1, routed)           0.279    14.651    uDebugCtrl/cmd_reg_reg[1]_7
    SLICE_X44Y86         LUT6 (Prop_lut6_I2_O)        0.124    14.775 r  uDebugCtrl/resp_buf[4][7]_i_2/O
                         net (fo=1, routed)           0.299    15.075    uDebugCtrl/resp_buf[4][7]_i_2_n_0
    SLICE_X43Y86         LUT5 (Prop_lut5_I0_O)        0.124    15.199 r  uDebugCtrl/resp_buf[4][7]_i_1/O
                         net (fo=1, routed)           0.000    15.199    uDebugCtrl/resp_buf[4][7]_i_1_n_0
    SLICE_X43Y86         FDRE                                         r  uDebugCtrl/resp_buf_reg[4][7]/D
  -------------------------------------------------------------------    -------------------

                         (clock sys_clk rise edge)   10.000    10.000 r  
    P17                                               0.000    10.000 r  clk (IN)
                         net (fo=0)                   0.000    10.000    clk
    P17                  IBUF (Prop_ibuf_I_O)         1.408    11.408 r  clk_IBUF_inst/O
                         net (fo=1, routed)           1.868    13.276    clk_IBUF
    BUFGCTRL_X0Y1        BUFG (Prop_bufg_I_O)         0.091    13.367 r  clk_IBUF_BUFG_inst/O
                         net (fo=340, routed)         1.432    14.799    uDebugCtrl/clk_IBUF_BUFG
    SLICE_X43Y86         FDRE                                         r  uDebugCtrl/resp_buf_reg[4][7]/C
                         clock pessimism              0.179    14.978    
                         clock uncertainty           -0.035    14.942    
    SLICE_X43Y86         FDRE (Setup_fdre_C_D)        0.031    14.973    uDebugCtrl/resp_buf_reg[4][7]
  -------------------------------------------------------------------
                         required time                         14.973    
                         arrival time                         -15.199    
  -------------------------------------------------------------------
                         slack                                 -0.226    

Slack (VIOLATED) :        -0.090ns  (required time - arrival time)
  Source:                 uCPUTop/uIfetch/pcReg_reg[2]/C
                            (rising edge-triggered cell FDCE clocked by cpu_clk  {rise@0.000ns fall@40.000ns period=80.000ns})
  Destination:            uDebugCtrl/resp_buf_reg[4][5]/D
                            (rising edge-triggered cell FDRE clocked by sys_clk  {rise@0.000ns fall@5.000ns period=10.000ns})
  Path Group:             sys_clk
  Path Type:              Setup (Max at Slow Process Corner)
  Requirement:            10.000ns  (sys_clk rise@10.000ns - cpu_clk rise@0.000ns)
  Data Path Delay:        6.973ns  (logic 2.121ns (30.417%)  route 4.852ns (69.583%))
  Logic Levels:           9  (LUT3=1 LUT5=1 LUT6=3 MUXF7=2 MUXF8=1 RAMS64E=1)
  Clock Path Skew:        -3.111ns (DCD - SCD + CPR)
    Destination Clock Delay (DCD):    4.797ns = ( 14.797 - 10.000 ) 
    Source Clock Delay      (SCD):    8.087ns
    Clock Pessimism Removal (CPR):    0.179ns
  Clock Uncertainty:      0.035ns  ((TSJ^2 + TIJ^2)^1/2 + DJ) / 2 + PE
    Total System Jitter     (TSJ):    0.071ns
    Total Input Jitter      (TIJ):    0.000ns
    Discrete Jitter          (DJ):    0.000ns
    Phase Error              (PE):    0.000ns

    Location             Delay type                Incr(ns)  Path(ns)    Netlist Resource(s)
  -------------------------------------------------------------------    -------------------
                         (clock cpu_clk rise edge)    0.000     0.000 r  
    P17                                               0.000     0.000 r  clk (IN)
                         net (fo=0)                   0.000     0.000    clk
    P17                  IBUF (Prop_ibuf_I_O)         1.478     1.478 r  clk_IBUF_inst/O
                         net (fo=1, routed)           1.972     3.450    clk_IBUF
    BUFGCTRL_X0Y1        BUFG (Prop_bufg_I_O)         0.096     3.546 r  clk_IBUF_BUFG_inst/O
                         net (fo=340, routed)         1.565     5.111    clk_IBUF_BUFG
    SLICE_X36Y46         FDCE (Prop_fdce_C_Q)         0.419     5.530 r  clk_div_reg[2]/Q
                         net (fo=2, routed)           0.735     6.266    clk_12_5mhz
    BUFGCTRL_X0Y0        BUFG (Prop_bufg_I_O)         0.271     6.537 r  BUFG_cpu_clk/O
                         net (fo=3762, routed)        1.550     8.087    uCPUTop/uIfetch/clk
    SLICE_X44Y85         FDCE                                         r  uCPUTop/uIfetch/pcReg_reg[2]/C
  -------------------------------------------------------------------    -------------------
    SLICE_X44Y85         FDCE (Prop_fdce_C_Q)         0.456     8.543 r  uCPUTop/uIfetch/pcReg_reg[2]/Q
                         net (fo=13, routed)          0.865     9.408    uCPUTop/uIfetch/resp_buf_reg[1][7][2]
    SLICE_X47Y78         LUT3 (Prop_lut3_I2_O)        0.124     9.532 r  uCPUTop/uIfetch/mem_reg_1536_1791_1_1_i_8/O
                         net (fo=168, routed)         1.696    11.228    uCPUTop/uIfetch/mem_reg_512_767_5_5/A0
    SLICE_X50Y72         RAMS64E (Prop_rams64e_ADR0_O)
                                                      0.124    11.352 r  uCPUTop/uIfetch/mem_reg_512_767_5_5/RAMS64E_D/O
                         net (fo=1, routed)           0.000    11.352    uCPUTop/uIfetch/mem_reg_512_767_5_5/OD
    SLICE_X50Y72         MUXF7 (Prop_muxf7_I0_O)      0.241    11.593 r  uCPUTop/uIfetch/mem_reg_512_767_5_5/F7.B/O
                         net (fo=1, routed)           0.000    11.593    uCPUTop/uIfetch/mem_reg_512_767_5_5/O0
    SLICE_X50Y72         MUXF8 (Prop_muxf8_I0_O)      0.098    11.691 r  uCPUTop/uIfetch/mem_reg_512_767_5_5/F8/O
                         net (fo=1, routed)           1.527    13.218    uCPUTop/uIfetch/mem_reg_512_767_5_5_n_0
    SLICE_X43Y85         LUT6 (Prop_lut6_I1_O)        0.319    13.537 r  uCPUTop/uIfetch/pcReg[14]_i_5/O
                         net (fo=1, routed)           0.000    13.537    uCPUTop/uIfetch/pcReg[14]_i_5_n_0
    SLICE_X43Y85         MUXF7 (Prop_muxf7_I0_O)      0.212    13.749 r  uCPUTop/uIfetch/pcReg_reg[14]_i_3/O
                         net (fo=15, routed)          0.319    14.068    uCPUTop/uDataMemory/single_inst_rd[5]
    SLICE_X39Y85         LUT6 (Prop_lut6_I1_O)        0.299    14.367 r  uCPUTop/uDataMemory/resp_buf[4][5]_i_4/O
                         net (fo=1, routed)           0.149    14.516    uDebugCtrl/cmd_reg_reg[1]_5
    SLICE_X39Y85         LUT6 (Prop_lut6_I2_O)        0.124    14.640 r  uDebugCtrl/resp_buf[4][5]_i_2/O
                         net (fo=1, routed)           0.295    14.936    uDebugCtrl/resp_buf[4][5]_i_2_n_0
    SLICE_X39Y86         LUT5 (Prop_lut5_I0_O)        0.124    15.060 r  uDebugCtrl/resp_buf[4][5]_i_1/O
                         net (fo=1, routed)           0.000    15.060    uDebugCtrl/resp_buf[4][5]_i_1_n_0
    SLICE_X39Y86         FDRE                                         r  uDebugCtrl/resp_buf_reg[4][5]/D
  -------------------------------------------------------------------    -------------------

                         (clock sys_clk rise edge)   10.000    10.000 r  
    P17                                               0.000    10.000 r  clk (IN)
                         net (fo=0)                   0.000    10.000    clk
    P17                  IBUF (Prop_ibuf_I_O)         1.408    11.408 r  clk_IBUF_inst/O
                         net (fo=1, routed)           1.868    13.276    clk_IBUF
    BUFGCTRL_X0Y1        BUFG (Prop_bufg_I_O)         0.091    13.367 r  clk_IBUF_BUFG_inst/O
                         net (fo=340, routed)         1.430    14.797    uDebugCtrl/clk_IBUF_BUFG
    SLICE_X39Y86         FDRE                                         r  uDebugCtrl/resp_buf_reg[4][5]/C
                         clock pessimism              0.179    14.976    
                         clock uncertainty           -0.035    14.940    
    SLICE_X39Y86         FDRE (Setup_fdre_C_D)        0.029    14.969    uDebugCtrl/resp_buf_reg[4][5]
  -------------------------------------------------------------------
                         required time                         14.969    
                         arrival time                         -15.060    
  -------------------------------------------------------------------
                         slack                                 -0.090    

Slack (VIOLATED) :        -0.087ns  (required time - arrival time)
  Source:                 uCPUTop/uIfetch/pcReg_reg[2]/C
                            (rising edge-triggered cell FDCE clocked by cpu_clk  {rise@0.000ns fall@40.000ns period=80.000ns})
  Destination:            uDebugCtrl/resp_buf_reg[4][4]/D
                            (rising edge-triggered cell FDRE clocked by sys_clk  {rise@0.000ns fall@5.000ns period=10.000ns})
  Path Group:             sys_clk
  Path Type:              Setup (Max at Slow Process Corner)
  Requirement:            10.000ns  (sys_clk rise@10.000ns - cpu_clk rise@0.000ns)
  Data Path Delay:        6.972ns  (logic 2.153ns (30.882%)  route 4.819ns (69.118%))
  Logic Levels:           9  (LUT3=1 LUT5=1 LUT6=3 MUXF7=2 MUXF8=1 RAMS64E=1)
  Clock Path Skew:        -3.109ns (DCD - SCD + CPR)
    Destination Clock Delay (DCD):    4.799ns = ( 14.799 - 10.000 ) 
    Source Clock Delay      (SCD):    8.087ns
    Clock Pessimism Removal (CPR):    0.179ns
  Clock Uncertainty:      0.035ns  ((TSJ^2 + TIJ^2)^1/2 + DJ) / 2 + PE
    Total System Jitter     (TSJ):    0.071ns
    Total Input Jitter      (TIJ):    0.000ns
    Discrete Jitter          (DJ):    0.000ns
    Phase Error              (PE):    0.000ns

    Location             Delay type                Incr(ns)  Path(ns)    Netlist Resource(s)
  -------------------------------------------------------------------    -------------------
                         (clock cpu_clk rise edge)    0.000     0.000 r  
    P17                                               0.000     0.000 r  clk (IN)
                         net (fo=0)                   0.000     0.000    clk
    P17                  IBUF (Prop_ibuf_I_O)         1.478     1.478 r  clk_IBUF_inst/O
                         net (fo=1, routed)           1.972     3.450    clk_IBUF
    BUFGCTRL_X0Y1        BUFG (Prop_bufg_I_O)         0.096     3.546 r  clk_IBUF_BUFG_inst/O
                         net (fo=340, routed)         1.565     5.111    clk_IBUF_BUFG
    SLICE_X36Y46         FDCE (Prop_fdce_C_Q)         0.419     5.530 r  clk_div_reg[2]/Q
                         net (fo=2, routed)           0.735     6.266    clk_12_5mhz
    BUFGCTRL_X0Y0        BUFG (Prop_bufg_I_O)         0.271     6.537 r  BUFG_cpu_clk/O
                         net (fo=3762, routed)        1.550     8.087    uCPUTop/uIfetch/clk
    SLICE_X44Y85         FDCE                                         r  uCPUTop/uIfetch/pcReg_reg[2]/C
  -------------------------------------------------------------------    -------------------
    SLICE_X44Y85         FDCE (Prop_fdce_C_Q)         0.456     8.543 r  uCPUTop/uIfetch/pcReg_reg[2]/Q
                         net (fo=13, routed)          0.865     9.408    uCPUTop/uIfetch/resp_buf_reg[1][7][2]
    SLICE_X47Y78         LUT3 (Prop_lut3_I2_O)        0.124     9.532 r  uCPUTop/uIfetch/mem_reg_1536_1791_1_1_i_8/O
                         net (fo=168, routed)         1.761    11.292    uCPUTop/uIfetch/mem_reg_1536_1791_4_4/A0
    SLICE_X54Y74         RAMS64E (Prop_rams64e_ADR0_O)
                                                      0.124    11.416 r  uCPUTop/uIfetch/mem_reg_1536_1791_4_4/RAMS64E_D/O
                         net (fo=1, routed)           0.000    11.416    uCPUTop/uIfetch/mem_reg_1536_1791_4_4/OD
    SLICE_X54Y74         MUXF7 (Prop_muxf7_I0_O)      0.241    11.657 r  uCPUTop/uIfetch/mem_reg_1536_1791_4_4/F7.B/O
                         net (fo=1, routed)           0.000    11.657    uCPUTop/uIfetch/mem_reg_1536_1791_4_4/O0
    SLICE_X54Y74         MUXF8 (Prop_muxf8_I0_O)      0.098    11.755 r  uCPUTop/uIfetch/mem_reg_1536_1791_4_4/F8/O
                         net (fo=1, routed)           1.290    13.046    uCPUTop/uIfetch/mem_reg_1536_1791_4_4_n_0
    SLICE_X43Y84         LUT6 (Prop_lut6_I1_O)        0.319    13.365 r  uCPUTop/uIfetch/pcReg[31]_i_47/O
                         net (fo=1, routed)           0.000    13.365    uCPUTop/uIfetch/pcReg[31]_i_47_n_0
    SLICE_X43Y84         MUXF7 (Prop_muxf7_I1_O)      0.245    13.610 r  uCPUTop/uIfetch/pcReg_reg[31]_i_23/O
                         net (fo=16, routed)          0.315    13.925    uCPUTop/uDataMemory/single_inst_rd[4]
    SLICE_X41Y84         LUT6 (Prop_lut6_I1_O)        0.298    14.223 r  uCPUTop/uDataMemory/resp_buf[4][4]_i_4/O
                         net (fo=1, routed)           0.302    14.525    uDebugCtrl/cmd_reg_reg[1]_4
    SLICE_X40Y86         LUT6 (Prop_lut6_I2_O)        0.124    14.649 r  uDebugCtrl/resp_buf[4][4]_i_2/O
                         net (fo=1, routed)           0.286    14.934    uDebugCtrl/resp_buf[4][4]_i_2_n_0
    SLICE_X43Y86         LUT5 (Prop_lut5_I0_O)        0.124    15.058 r  uDebugCtrl/resp_buf[4][4]_i_1/O
                         net (fo=1, routed)           0.000    15.058    uDebugCtrl/resp_buf[4][4]_i_1_n_0
    SLICE_X43Y86         FDRE                                         r  uDebugCtrl/resp_buf_reg[4][4]/D
  -------------------------------------------------------------------    -------------------

                         (clock sys_clk rise edge)   10.000    10.000 r  
    P17                                               0.000    10.000 r  clk (IN)
                         net (fo=0)                   0.000    10.000    clk
    P17                  IBUF (Prop_ibuf_I_O)         1.408    11.408 r  clk_IBUF_inst/O
                         net (fo=1, routed)           1.868    13.276    clk_IBUF
    BUFGCTRL_X0Y1        BUFG (Prop_bufg_I_O)         0.091    13.367 r  clk_IBUF_BUFG_inst/O
                         net (fo=340, routed)         1.432    14.799    uDebugCtrl/clk_IBUF_BUFG
    SLICE_X43Y86         FDRE                                         r  uDebugCtrl/resp_buf_reg[4][4]/C
                         clock pessimism              0.179    14.978    
                         clock uncertainty           -0.035    14.942    
    SLICE_X43Y86         FDRE (Setup_fdre_C_D)        0.029    14.971    uDebugCtrl/resp_buf_reg[4][4]
  -------------------------------------------------------------------
                         required time                         14.971    
                         arrival time                         -15.059    
  -------------------------------------------------------------------
                         slack                                 -0.087    

Slack (VIOLATED) :        -0.086ns  (required time - arrival time)
  Source:                 uCPUTop/uIfetch/inst_dbg_addr_sync_reg[2]/C
                            (rising edge-triggered cell FDCE clocked by cpu_clk  {rise@0.000ns fall@40.000ns period=80.000ns})
  Destination:            uDebugCtrl/resp_buf_reg[1][7]/D
                            (rising edge-triggered cell FDRE clocked by sys_clk  {rise@0.000ns fall@5.000ns period=10.000ns})
  Path Group:             sys_clk
  Path Type:              Setup (Max at Slow Process Corner)
  Requirement:            10.000ns  (sys_clk rise@10.000ns - cpu_clk rise@0.000ns)
  Data Path Delay:        7.151ns  (logic 2.126ns (29.731%)  route 5.025ns (70.269%))
  Logic Levels:           9  (LUT3=1 LUT6=4 MUXF7=2 MUXF8=1 RAMS64E=1)
  Clock Path Skew:        -2.931ns (DCD - SCD + CPR)
    Destination Clock Delay (DCD):    4.975ns = ( 14.975 - 10.000 ) 
    Source Clock Delay      (SCD):    8.085ns
    Clock Pessimism Removal (CPR):    0.179ns
  Clock Uncertainty:      0.035ns  ((TSJ^2 + TIJ^2)^1/2 + DJ) / 2 + PE
    Total System Jitter     (TSJ):    0.071ns
    Total Input Jitter      (TIJ):    0.000ns
    Discrete Jitter          (DJ):    0.000ns
    Phase Error              (PE):    0.000ns

    Location             Delay type                Incr(ns)  Path(ns)    Netlist Resource(s)
  -------------------------------------------------------------------    -------------------
                         (clock cpu_clk rise edge)    0.000     0.000 r  
    P17                                               0.000     0.000 r  clk (IN)
                         net (fo=0)                   0.000     0.000    clk
    P17                  IBUF (Prop_ibuf_I_O)         1.478     1.478 r  clk_IBUF_inst/O
                         net (fo=1, routed)           1.972     3.450    clk_IBUF
    BUFGCTRL_X0Y1        BUFG (Prop_bufg_I_O)         0.096     3.546 r  clk_IBUF_BUFG_inst/O
                         net (fo=340, routed)         1.565     5.111    clk_IBUF_BUFG
    SLICE_X36Y46         FDCE (Prop_fdce_C_Q)         0.419     5.530 r  clk_div_reg[2]/Q
                         net (fo=2, routed)           0.735     6.266    clk_12_5mhz
    BUFGCTRL_X0Y0        BUFG (Prop_bufg_I_O)         0.271     6.537 r  BUFG_cpu_clk/O
                         net (fo=3762, routed)        1.548     8.085    uCPUTop/uIfetch/clk
    SLICE_X47Y84         FDCE                                         r  uCPUTop/uIfetch/inst_dbg_addr_sync_reg[2]/C
  -------------------------------------------------------------------    -------------------
    SLICE_X47Y84         FDCE (Prop_fdce_C_Q)         0.456     8.541 r  uCPUTop/uIfetch/inst_dbg_addr_sync_reg[2]/Q
                         net (fo=8, routed)           1.119     9.659    uCPUTop/uIfetch/inst_dbg_addr_sync[2]
    SLICE_X45Y93         LUT3 (Prop_lut3_I0_O)        0.124     9.783 r  uCPUTop/uIfetch/mem_reg_0_255_31_31_i_8/O
                         net (fo=32, routed)          1.196    10.979    uCPUTop/uIfetch/mem_reg_1536_1791_31_31/A0
    SLICE_X46Y92         RAMS64E (Prop_rams64e_ADR0_O)
                                                      0.124    11.103 r  uCPUTop/uIfetch/mem_reg_1536_1791_31_31/RAMS64E_D/O
                         net (fo=1, routed)           0.000    11.103    uCPUTop/uIfetch/mem_reg_1536_1791_31_31/OD
    SLICE_X46Y92         MUXF7 (Prop_muxf7_I0_O)      0.241    11.344 r  uCPUTop/uIfetch/mem_reg_1536_1791_31_31/F7.B/O
                         net (fo=1, routed)           0.000    11.344    uCPUTop/uIfetch/mem_reg_1536_1791_31_31/O0
    SLICE_X46Y92         MUXF8 (Prop_muxf8_I0_O)      0.098    11.442 r  uCPUTop/uIfetch/mem_reg_1536_1791_31_31/F8/O
                         net (fo=1, routed)           1.480    12.922    uCPUTop/uIfetch/mem_reg_1536_1791_31_31_n_0
    SLICE_X41Y107        LUT6 (Prop_lut6_I1_O)        0.319    13.241 r  uCPUTop/uIfetch/resp_buf[1][7]_i_25/O
                         net (fo=1, routed)           0.000    13.241    uCPUTop/uIfetch/resp_buf[1][7]_i_25_n_0
    SLICE_X41Y107        MUXF7 (Prop_muxf7_I1_O)      0.217    13.458 r  uCPUTop/uIfetch/resp_buf_reg[1][7]_i_14/O
                         net (fo=62, routed)          0.449    13.908    uCPUTop/uDataMemory/single_inst_rd[31]
    SLICE_X41Y107        LUT6 (Prop_lut6_I1_O)        0.299    14.207 r  uCPUTop/uDataMemory/resp_buf[1][7]_i_9/O
                         net (fo=1, routed)           0.433    14.640    uDebugCtrl/cmd_reg_reg[1]_31
    SLICE_X41Y107        LUT6 (Prop_lut6_I2_O)        0.124    14.764 r  uDebugCtrl/resp_buf[1][7]_i_6/O
                         net (fo=1, routed)           0.348    15.112    uDebugCtrl/resp_buf[1][7]_i_6_n_0
    SLICE_X40Y107        LUT6 (Prop_lut6_I0_O)        0.124    15.236 r  uDebugCtrl/resp_buf[1][7]_i_3/O
                         net (fo=1, routed)           0.000    15.236    uDebugCtrl/resp_buf[1][7]_i_3_n_0
    SLICE_X40Y107        FDRE                                         r  uDebugCtrl/resp_buf_reg[1][7]/D
  -------------------------------------------------------------------    -------------------

                         (clock sys_clk rise edge)   10.000    10.000 r  
    P17                                               0.000    10.000 r  clk (IN)
                         net (fo=0)                   0.000    10.000    clk
    P17                  IBUF (Prop_ibuf_I_O)         1.408    11.408 r  clk_IBUF_inst/O
                         net (fo=1, routed)           1.868    13.276    clk_IBUF
    BUFGCTRL_X0Y1        BUFG (Prop_bufg_I_O)         0.091    13.367 r  clk_IBUF_BUFG_inst/O
                         net (fo=340, routed)         1.608    14.975    uDebugCtrl/clk_IBUF_BUFG
    SLICE_X40Y107        FDRE                                         r  uDebugCtrl/resp_buf_reg[1][7]/C
                         clock pessimism              0.179    15.154    
                         clock uncertainty           -0.035    15.119    
    SLICE_X40Y107        FDRE (Setup_fdre_C_D)        0.031    15.150    uDebugCtrl/resp_buf_reg[1][7]
  -------------------------------------------------------------------
                         required time                         15.150    
                         arrival time                         -15.236    
  -------------------------------------------------------------------
                         slack                                 -0.086    

Slack (VIOLATED) :        -0.068ns  (required time - arrival time)
  Source:                 uCPUTop/uIfetch/pcReg_reg[2]/C
                            (rising edge-triggered cell FDCE clocked by cpu_clk  {rise@0.000ns fall@40.000ns period=80.000ns})
  Destination:            uDebugCtrl/resp_buf_reg[4][3]/D
                            (rising edge-triggered cell FDRE clocked by sys_clk  {rise@0.000ns fall@5.000ns period=10.000ns})
  Path Group:             sys_clk
  Path Type:              Setup (Max at Slow Process Corner)
  Requirement:            10.000ns  (sys_clk rise@10.000ns - cpu_clk rise@0.000ns)
  Data Path Delay:        6.950ns  (logic 2.121ns (30.517%)  route 4.829ns (69.483%))
  Logic Levels:           9  (LUT3=1 LUT5=1 LUT6=3 MUXF7=2 MUXF8=1 RAMS64E=1)
  Clock Path Skew:        -3.113ns (DCD - SCD + CPR)
    Destination Clock Delay (DCD):    4.795ns = ( 14.795 - 10.000 ) 
    Source Clock Delay      (SCD):    8.087ns
    Clock Pessimism Removal (CPR):    0.179ns
  Clock Uncertainty:      0.035ns  ((TSJ^2 + TIJ^2)^1/2 + DJ) / 2 + PE
    Total System Jitter     (TSJ):    0.071ns
    Total Input Jitter      (TIJ):    0.000ns
    Discrete Jitter          (DJ):    0.000ns
    Phase Error              (PE):    0.000ns

    Location             Delay type                Incr(ns)  Path(ns)    Netlist Resource(s)
  -------------------------------------------------------------------    -------------------
                         (clock cpu_clk rise edge)    0.000     0.000 r  
    P17                                               0.000     0.000 r  clk (IN)
                         net (fo=0)                   0.000     0.000    clk
    P17                  IBUF (Prop_ibuf_I_O)         1.478     1.478 r  clk_IBUF_inst/O
                         net (fo=1, routed)           1.972     3.450    clk_IBUF
    BUFGCTRL_X0Y1        BUFG (Prop_bufg_I_O)         0.096     3.546 r  clk_IBUF_BUFG_inst/O
                         net (fo=340, routed)         1.565     5.111    clk_IBUF_BUFG
    SLICE_X36Y46         FDCE (Prop_fdce_C_Q)         0.419     5.530 r  clk_div_reg[2]/Q
                         net (fo=2, routed)           0.735     6.266    clk_12_5mhz
    BUFGCTRL_X0Y0        BUFG (Prop_bufg_I_O)         0.271     6.537 r  BUFG_cpu_clk/O
                         net (fo=3762, routed)        1.550     8.087    uCPUTop/uIfetch/clk
    SLICE_X44Y85         FDCE                                         r  uCPUTop/uIfetch/pcReg_reg[2]/C
  -------------------------------------------------------------------    -------------------
    SLICE_X44Y85         FDCE (Prop_fdce_C_Q)         0.456     8.543 r  uCPUTop/uIfetch/pcReg_reg[2]/Q
                         net (fo=13, routed)          0.865     9.408    uCPUTop/uIfetch/resp_buf_reg[1][7][2]
    SLICE_X47Y78         LUT3 (Prop_lut3_I2_O)        0.124     9.532 r  uCPUTop/uIfetch/mem_reg_1536_1791_1_1_i_8/O
                         net (fo=168, routed)         1.783    11.315    uCPUTop/uIfetch/mem_reg_768_1023_3_3/A0
    SLICE_X50Y69         RAMS64E (Prop_rams64e_ADR0_O)
                                                      0.124    11.439 r  uCPUTop/uIfetch/mem_reg_768_1023_3_3/RAMS64E_D/O
                         net (fo=1, routed)           0.000    11.439    uCPUTop/uIfetch/mem_reg_768_1023_3_3/OD
    SLICE_X50Y69         MUXF7 (Prop_muxf7_I0_O)      0.241    11.680 r  uCPUTop/uIfetch/mem_reg_768_1023_3_3/F7.B/O
                         net (fo=1, routed)           0.000    11.680    uCPUTop/uIfetch/mem_reg_768_1023_3_3/O0
    SLICE_X50Y69         MUXF8 (Prop_muxf8_I0_O)      0.098    11.778 r  uCPUTop/uIfetch/mem_reg_768_1023_3_3/F8/O
                         net (fo=1, routed)           1.459    13.237    uCPUTop/uIfetch/mem_reg_768_1023_3_3_n_0
    SLICE_X45Y80         LUT6 (Prop_lut6_I0_O)        0.319    13.556 r  uCPUTop/uIfetch/pcReg[31]_i_48/O
                         net (fo=1, routed)           0.000    13.556    uCPUTop/uIfetch/pcReg[31]_i_48_n_0
    SLICE_X45Y80         MUXF7 (Prop_muxf7_I0_O)      0.212    13.768 r  uCPUTop/uIfetch/pcReg_reg[31]_i_24/O
                         net (fo=17, routed)          0.309    14.077    uCPUTop/uDataMemory/single_inst_rd[3]
    SLICE_X45Y81         LUT6 (Prop_lut6_I1_O)        0.299    14.376 r  uCPUTop/uDataMemory/resp_buf[4][3]_i_4/O
                         net (fo=1, routed)           0.264    14.640    uDebugCtrl/cmd_reg_reg[1]_3
    SLICE_X45Y81         LUT6 (Prop_lut6_I2_O)        0.124    14.764 r  uDebugCtrl/resp_buf[4][3]_i_2/O
                         net (fo=1, routed)           0.149    14.913    uDebugCtrl/resp_buf[4][3]_i_2_n_0
    SLICE_X45Y81         LUT5 (Prop_lut5_I0_O)        0.124    15.037 r  uDebugCtrl/resp_buf[4][3]_i_1/O
                         net (fo=1, routed)           0.000    15.037    uDebugCtrl/resp_buf[4][3]_i_1_n_0
    SLICE_X45Y81         FDRE                                         r  uDebugCtrl/resp_buf_reg[4][3]/D
  -------------------------------------------------------------------    -------------------

                         (clock sys_clk rise edge)   10.000    10.000 r  
    P17                                               0.000    10.000 r  clk (IN)
                         net (fo=0)                   0.000    10.000    clk
    P17                  IBUF (Prop_ibuf_I_O)         1.408    11.408 r  clk_IBUF_inst/O
                         net (fo=1, routed)           1.868    13.276    clk_IBUF
    BUFGCTRL_X0Y1        BUFG (Prop_bufg_I_O)         0.091    13.367 r  clk_IBUF_BUFG_inst/O
                         net (fo=340, routed)         1.428    14.795    uDebugCtrl/clk_IBUF_BUFG
    SLICE_X45Y81         FDRE                                         r  uDebugCtrl/resp_buf_reg[4][3]/C
                         clock pessimism              0.179    14.974    
                         clock uncertainty           -0.035    14.938    
    SLICE_X45Y81         FDRE (Setup_fdre_C_D)        0.031    14.969    uDebugCtrl/resp_buf_reg[4][3]
  -------------------------------------------------------------------
                         required time                         14.969    
                         arrival time                         -15.037    
  -------------------------------------------------------------------
                         slack                                 -0.068    

Slack (VIOLATED) :        -0.054ns  (required time - arrival time)
  Source:                 uCPUTop/uIfetch/inst_dbg_en_sync_reg/C
                            (rising edge-triggered cell FDCE clocked by cpu_clk  {rise@0.000ns fall@40.000ns period=80.000ns})
  Destination:            uDebugCtrl/resp_buf_reg[3][3]/D
                            (rising edge-triggered cell FDRE clocked by sys_clk  {rise@0.000ns fall@5.000ns period=10.000ns})
  Path Group:             sys_clk
  Path Type:              Setup (Max at Slow Process Corner)
  Requirement:            10.000ns  (sys_clk rise@10.000ns - cpu_clk rise@0.000ns)
  Data Path Delay:        6.934ns  (logic 2.126ns (30.662%)  route 4.808ns (69.338%))
  Logic Levels:           9  (LUT3=1 LUT5=1 LUT6=3 MUXF7=2 MUXF8=1 RAMS64E=1)
  Clock Path Skew:        -3.114ns (DCD - SCD + CPR)
    Destination Clock Delay (DCD):    4.794ns = ( 14.794 - 10.000 ) 
    Source Clock Delay      (SCD):    8.087ns
    Clock Pessimism Removal (CPR):    0.179ns
  Clock Uncertainty:      0.035ns  ((TSJ^2 + TIJ^2)^1/2 + DJ) / 2 + PE
    Total System Jitter     (TSJ):    0.071ns
    Total Input Jitter      (TIJ):    0.000ns
    Discrete Jitter          (DJ):    0.000ns
    Phase Error              (PE):    0.000ns

    Location             Delay type                Incr(ns)  Path(ns)    Netlist Resource(s)
  -------------------------------------------------------------------    -------------------
                         (clock cpu_clk rise edge)    0.000     0.000 r  
    P17                                               0.000     0.000 r  clk (IN)
                         net (fo=0)                   0.000     0.000    clk
    P17                  IBUF (Prop_ibuf_I_O)         1.478     1.478 r  clk_IBUF_inst/O
                         net (fo=1, routed)           1.972     3.450    clk_IBUF
    BUFGCTRL_X0Y1        BUFG (Prop_bufg_I_O)         0.096     3.546 r  clk_IBUF_BUFG_inst/O
                         net (fo=340, routed)         1.565     5.111    clk_IBUF_BUFG
    SLICE_X36Y46         FDCE (Prop_fdce_C_Q)         0.419     5.530 r  clk_div_reg[2]/Q
                         net (fo=2, routed)           0.735     6.266    clk_12_5mhz
    BUFGCTRL_X0Y0        BUFG (Prop_bufg_I_O)         0.271     6.537 r  BUFG_cpu_clk/O
                         net (fo=3762, routed)        1.550     8.087    uCPUTop/uIfetch/clk
    SLICE_X45Y85         FDCE                                         r  uCPUTop/uIfetch/inst_dbg_en_sync_reg/C
  -------------------------------------------------------------------    -------------------
    SLICE_X45Y85         FDCE (Prop_fdce_C_Q)         0.456     8.543 r  uCPUTop/uIfetch/inst_dbg_en_sync_reg/Q
                         net (fo=79, routed)          1.122     9.665    uCPUTop/uIfetch/inst_dbg_en_sync
    SLICE_X43Y72         LUT3 (Prop_lut3_I1_O)        0.124     9.789 r  uCPUTop/uIfetch/mem_reg_0_255_7_7_i_8/O
                         net (fo=168, routed)         1.573    11.363    uCPUTop/uIfetch/mem_reg_1792_2047_11_11/A0
    SLICE_X42Y67         RAMS64E (Prop_rams64e_ADR0_O)
                                                      0.124    11.487 r  uCPUTop/uIfetch/mem_reg_1792_2047_11_11/RAMS64E_D/O
                         net (fo=1, routed)           0.000    11.487    uCPUTop/uIfetch/mem_reg_1792_2047_11_11/OD
    SLICE_X42Y67         MUXF7 (Prop_muxf7_I0_O)      0.241    11.728 r  uCPUTop/uIfetch/mem_reg_1792_2047_11_11/F7.B/O
                         net (fo=1, routed)           0.000    11.728    uCPUTop/uIfetch/mem_reg_1792_2047_11_11/O0
    SLICE_X42Y67         MUXF8 (Prop_muxf8_I0_O)      0.098    11.826 r  uCPUTop/uIfetch/mem_reg_1792_2047_11_11/F8/O
                         net (fo=1, routed)           1.155    12.981    uCPUTop/uIfetch/mem_reg_1792_2047_11_11_n_0
    SLICE_X40Y78         LUT6 (Prop_lut6_I0_O)        0.319    13.300 r  uCPUTop/uIfetch/regFile[1][31]_i_18/O
                         net (fo=1, routed)           0.000    13.300    uCPUTop/uIfetch/regFile[1][31]_i_18_n_0
    SLICE_X40Y78         MUXF7 (Prop_muxf7_I1_O)      0.217    13.517 r  uCPUTop/uIfetch/regFile_reg[1][31]_i_5/O
                         net (fo=36, routed)          0.637    14.154    uCPUTop/uDataMemory/single_inst_rd[11]
    SLICE_X36Y82         LUT6 (Prop_lut6_I1_O)        0.299    14.453 r  uCPUTop/uDataMemory/resp_buf[3][3]_i_4/O
                         net (fo=1, routed)           0.158    14.611    uDebugCtrl/cmd_reg_reg[1]_11
    SLICE_X36Y82         LUT6 (Prop_lut6_I2_O)        0.124    14.735 r  uDebugCtrl/resp_buf[3][3]_i_2/O
                         net (fo=1, routed)           0.162    14.896    uDebugCtrl/resp_buf[3][3]_i_2_n_0
    SLICE_X36Y82         LUT5 (Prop_lut5_I0_O)        0.124    15.020 r  uDebugCtrl/resp_buf[3][3]_i_1/O
                         net (fo=1, routed)           0.000    15.020    uDebugCtrl/resp_buf[3][3]_i_1_n_0
    SLICE_X36Y82         FDRE                                         r  uDebugCtrl/resp_buf_reg[3][3]/D
  -------------------------------------------------------------------    -------------------

                         (clock sys_clk rise edge)   10.000    10.000 r  
    P17                                               0.000    10.000 r  clk (IN)
                         net (fo=0)                   0.000    10.000    clk
    P17                  IBUF (Prop_ibuf_I_O)         1.408    11.408 r  clk_IBUF_inst/O
                         net (fo=1, routed)           1.868    13.276    clk_IBUF
    BUFGCTRL_X0Y1        BUFG (Prop_bufg_I_O)         0.091    13.367 r  clk_IBUF_BUFG_inst/O
                         net (fo=340, routed)         1.427    14.794    uDebugCtrl/clk_IBUF_BUFG
    SLICE_X36Y82         FDRE                                         r  uDebugCtrl/resp_buf_reg[3][3]/C
                         clock pessimism              0.179    14.973    
                         clock uncertainty           -0.035    14.937    
    SLICE_X36Y82         FDRE (Setup_fdre_C_D)        0.029    14.966    uDebugCtrl/resp_buf_reg[3][3]
  -------------------------------------------------------------------
                         required time                         14.966    
                         arrival time                         -15.020    
  -------------------------------------------------------------------
                         slack                                 -0.054    





Min Delay Paths
--------------------------------------------------------------------------------------
Slack (MET) :             1.045ns  (arrival time - required time)
  Source:                 uCPUTop/uIfetch/pcReg_reg[1]/C
                            (rising edge-triggered cell FDCE clocked by cpu_clk  {rise@0.000ns fall@40.000ns period=80.000ns})
  Destination:            uDebugCtrl/resp_buf_reg[4][1]/D
                            (rising edge-triggered cell FDRE clocked by sys_clk  {rise@0.000ns fall@5.000ns period=10.000ns})
  Path Group:             sys_clk
  Path Type:              Hold (Min at Fast Process Corner)
  Requirement:            0.000ns  (sys_clk rise@0.000ns - cpu_clk rise@0.000ns)
  Data Path Delay:        0.352ns  (logic 0.186ns (52.793%)  route 0.166ns (47.207%))
  Logic Levels:           1  (LUT5=1)
  Clock Path Skew:        -0.783ns (DCD - SCD - CPR)
    Destination Clock Delay (DCD):    1.979ns
    Source Clock Delay      (SCD):    2.517ns
    Clock Pessimism Removal (CPR):    0.245ns

    Location             Delay type                Incr(ns)  Path(ns)    Netlist Resource(s)
  -------------------------------------------------------------------    -------------------
                         (clock cpu_clk rise edge)    0.000     0.000 r  
    P17                                               0.000     0.000 r  clk (IN)
                         net (fo=0)                   0.000     0.000    clk
    P17                  IBUF (Prop_ibuf_I_O)         0.246     0.246 r  clk_IBUF_inst/O
                         net (fo=1, routed)           0.634     0.880    clk_IBUF
    BUFGCTRL_X0Y1        BUFG (Prop_bufg_I_O)         0.026     0.906 r  clk_IBUF_BUFG_inst/O
                         net (fo=340, routed)         0.563     1.469    clk_IBUF_BUFG
    SLICE_X36Y46         FDCE (Prop_fdce_C_Q)         0.128     1.597 r  clk_div_reg[2]/Q
                         net (fo=2, routed)           0.280     1.877    clk_12_5mhz
    BUFGCTRL_X0Y0        BUFG (Prop_bufg_I_O)         0.080     1.957 r  BUFG_cpu_clk/O
                         net (fo=3762, routed)        0.560     2.517    uCPUTop/uIfetch/clk
    SLICE_X36Y90         FDCE                                         r  uCPUTop/uIfetch/pcReg_reg[1]/C
  -------------------------------------------------------------------    -------------------
    SLICE_X36Y90         FDCE (Prop_fdce_C_Q)         0.141     2.658 r  uCPUTop/uIfetch/pcReg_reg[1]/Q
                         net (fo=6, routed)           0.166     2.824    uDebugCtrl/pcReg_reg[31][1]
    SLICE_X35Y90         LUT5 (Prop_lut5_I4_O)        0.045     2.869 r  uDebugCtrl/resp_buf[4][1]_i_1/O
                         net (fo=1, routed)           0.000     2.869    uDebugCtrl/resp_buf[4][1]_i_1_n_0
    SLICE_X35Y90         FDRE                                         r  uDebugCtrl/resp_buf_reg[4][1]/D
  -------------------------------------------------------------------    -------------------

                         (clock sys_clk rise edge)    0.000     0.000 r  
    P17                                               0.000     0.000 r  clk (IN)
                         net (fo=0)                   0.000     0.000    clk
    P17                  IBUF (Prop_ibuf_I_O)         0.434     0.434 r  clk_IBUF_inst/O
                         net (fo=1, routed)           0.689     1.123    clk_IBUF
    BUFGCTRL_X0Y1        BUFG (Prop_bufg_I_O)         0.029     1.152 r  clk_IBUF_BUFG_inst/O
                         net (fo=340, routed)         0.827     1.979    uDebugCtrl/clk_IBUF_BUFG
    SLICE_X35Y90         FDRE                                         r  uDebugCtrl/resp_buf_reg[4][1]/C
                         clock pessimism             -0.245     1.734    
    SLICE_X35Y90         FDRE (Hold_fdre_C_D)         0.091     1.825    uDebugCtrl/resp_buf_reg[4][1]
  -------------------------------------------------------------------
                         required time                         -1.825    
                         arrival time                           2.869    
  -------------------------------------------------------------------
                         slack                                  1.045    

Slack (MET) :             1.107ns  (arrival time - required time)
  Source:                 uCPUTop/uIfetch/pcReg_reg[19]/C
                            (rising edge-triggered cell FDCE clocked by cpu_clk  {rise@0.000ns fall@40.000ns period=80.000ns})
  Destination:            uDebugCtrl/resp_buf_reg[2][3]/D
                            (rising edge-triggered cell FDRE clocked by sys_clk  {rise@0.000ns fall@5.000ns period=10.000ns})
  Path Group:             sys_clk
  Path Type:              Hold (Min at Fast Process Corner)
  Requirement:            0.000ns  (sys_clk rise@0.000ns - cpu_clk rise@0.000ns)
  Data Path Delay:        0.415ns  (logic 0.186ns (44.778%)  route 0.229ns (55.222%))
  Logic Levels:           1  (LUT5=1)
  Clock Path Skew:        -0.782ns (DCD - SCD - CPR)
    Destination Clock Delay (DCD):    1.981ns
    Source Clock Delay      (SCD):    2.518ns
    Clock Pessimism Removal (CPR):    0.245ns

    Location             Delay type                Incr(ns)  Path(ns)    Netlist Resource(s)
  -------------------------------------------------------------------    -------------------
                         (clock cpu_clk rise edge)    0.000     0.000 r  
    P17                                               0.000     0.000 r  clk (IN)
                         net (fo=0)                   0.000     0.000    clk
    P17                  IBUF (Prop_ibuf_I_O)         0.246     0.246 r  clk_IBUF_inst/O
                         net (fo=1, routed)           0.634     0.880    clk_IBUF
    BUFGCTRL_X0Y1        BUFG (Prop_bufg_I_O)         0.026     0.906 r  clk_IBUF_BUFG_inst/O
                         net (fo=340, routed)         0.563     1.469    clk_IBUF_BUFG
    SLICE_X36Y46         FDCE (Prop_fdce_C_Q)         0.128     1.597 r  clk_div_reg[2]/Q
                         net (fo=2, routed)           0.280     1.877    clk_12_5mhz
    BUFGCTRL_X0Y0        BUFG (Prop_bufg_I_O)         0.080     1.957 r  BUFG_cpu_clk/O
                         net (fo=3762, routed)        0.561     2.518    uCPUTop/uIfetch/clk
    SLICE_X36Y95         FDCE                                         r  uCPUTop/uIfetch/pcReg_reg[19]/C
  -------------------------------------------------------------------    -------------------
    SLICE_X36Y95         FDCE (Prop_fdce_C_Q)         0.141     2.659 r  uCPUTop/uIfetch/pcReg_reg[19]/Q
                         net (fo=6, routed)           0.229     2.888    uDebugCtrl/pcReg_reg[31][19]
    SLICE_X31Y93         LUT5 (Prop_lut5_I4_O)        0.045     2.933 r  uDebugCtrl/resp_buf[2][3]_i_1/O
                         net (fo=1, routed)           0.000     2.933    uDebugCtrl/resp_buf[2][3]_i_1_n_0
    SLICE_X31Y93         FDRE                                         r  uDebugCtrl/resp_buf_reg[2][3]/D
  -------------------------------------------------------------------    -------------------

                         (clock sys_clk rise edge)    0.000     0.000 r  
    P17                                               0.000     0.000 r  clk (IN)
                         net (fo=0)                   0.000     0.000    clk
    P17                  IBUF (Prop_ibuf_I_O)         0.434     0.434 r  clk_IBUF_inst/O
                         net (fo=1, routed)           0.689     1.123    clk_IBUF
    BUFGCTRL_X0Y1        BUFG (Prop_bufg_I_O)         0.029     1.152 r  clk_IBUF_BUFG_inst/O
                         net (fo=340, routed)         0.829     1.981    uDebugCtrl/clk_IBUF_BUFG
    SLICE_X31Y93         FDRE                                         r  uDebugCtrl/resp_buf_reg[2][3]/C
                         clock pessimism             -0.245     1.736    
    SLICE_X31Y93         FDRE (Hold_fdre_C_D)         0.091     1.827    uDebugCtrl/resp_buf_reg[2][3]
  -------------------------------------------------------------------
                         required time                         -1.827    
                         arrival time                           2.933    
  -------------------------------------------------------------------
                         slack                                  1.107    

Slack (MET) :             1.135ns  (arrival time - required time)
  Source:                 uCPUTop/uIfetch/pcReg_reg[17]/C
                            (rising edge-triggered cell FDCE clocked by cpu_clk  {rise@0.000ns fall@40.000ns period=80.000ns})
  Destination:            uDebugCtrl/resp_buf_reg[2][1]/D
                            (rising edge-triggered cell FDRE clocked by sys_clk  {rise@0.000ns fall@5.000ns period=10.000ns})
  Path Group:             sys_clk
  Path Type:              Hold (Min at Fast Process Corner)
  Requirement:            0.000ns  (sys_clk rise@0.000ns - cpu_clk rise@0.000ns)
  Data Path Delay:        0.443ns  (logic 0.186ns (41.963%)  route 0.257ns (58.037%))
  Logic Levels:           1  (LUT5=1)
  Clock Path Skew:        -0.783ns (DCD - SCD - CPR)
    Destination Clock Delay (DCD):    1.980ns
    Source Clock Delay      (SCD):    2.518ns
    Clock Pessimism Removal (CPR):    0.245ns

    Location             Delay type                Incr(ns)  Path(ns)    Netlist Resource(s)
  -------------------------------------------------------------------    -------------------
                         (clock cpu_clk rise edge)    0.000     0.000 r  
    P17                                               0.000     0.000 r  clk (IN)
                         net (fo=0)                   0.000     0.000    clk
    P17                  IBUF (Prop_ibuf_I_O)         0.246     0.246 r  clk_IBUF_inst/O
                         net (fo=1, routed)           0.634     0.880    clk_IBUF
    BUFGCTRL_X0Y1        BUFG (Prop_bufg_I_O)         0.026     0.906 r  clk_IBUF_BUFG_inst/O
                         net (fo=340, routed)         0.563     1.469    clk_IBUF_BUFG
    SLICE_X36Y46         FDCE (Prop_fdce_C_Q)         0.128     1.597 r  clk_div_reg[2]/Q
                         net (fo=2, routed)           0.280     1.877    clk_12_5mhz
    BUFGCTRL_X0Y0        BUFG (Prop_bufg_I_O)         0.080     1.957 r  BUFG_cpu_clk/O
                         net (fo=3762, routed)        0.561     2.518    uCPUTop/uIfetch/clk
    SLICE_X33Y94         FDCE                                         r  uCPUTop/uIfetch/pcReg_reg[17]/C
  -------------------------------------------------------------------    -------------------
    SLICE_X33Y94         FDCE (Prop_fdce_C_Q)         0.141     2.659 r  uCPUTop/uIfetch/pcReg_reg[17]/Q
                         net (fo=6, routed)           0.257     2.916    uDebugCtrl/pcReg_reg[31][17]
    SLICE_X33Y92         LUT5 (Prop_lut5_I4_O)        0.045     2.961 r  uDebugCtrl/resp_buf[2][1]_i_1/O
                         net (fo=1, routed)           0.000     2.961    uDebugCtrl/resp_buf[2][1]_i_1_n_0
    SLICE_X33Y92         FDRE                                         r  uDebugCtrl/resp_buf_reg[2][1]/D
  -------------------------------------------------------------------    -------------------

                         (clock sys_clk rise edge)    0.000     0.000 r  
    P17                                               0.000     0.000 r  clk (IN)
                         net (fo=0)                   0.000     0.000    clk
    P17                  IBUF (Prop_ibuf_I_O)         0.434     0.434 r  clk_IBUF_inst/O
                         net (fo=1, routed)           0.689     1.123    clk_IBUF
    BUFGCTRL_X0Y1        BUFG (Prop_bufg_I_O)         0.029     1.152 r  clk_IBUF_BUFG_inst/O
                         net (fo=340, routed)         0.828     1.980    uDebugCtrl/clk_IBUF_BUFG
    SLICE_X33Y92         FDRE                                         r  uDebugCtrl/resp_buf_reg[2][1]/C
                         clock pessimism             -0.245     1.735    
    SLICE_X33Y92         FDRE (Hold_fdre_C_D)         0.091     1.826    uDebugCtrl/resp_buf_reg[2][1]
  -------------------------------------------------------------------
                         required time                         -1.826    
                         arrival time                           2.961    
  -------------------------------------------------------------------
                         slack                                  1.135    

Slack (MET) :             1.148ns  (arrival time - required time)
  Source:                 uCPUTop/uIfetch/pcReg_reg[15]/C
                            (rising edge-triggered cell FDCE clocked by cpu_clk  {rise@0.000ns fall@40.000ns period=80.000ns})
  Destination:            uDebugCtrl/resp_buf_reg[3][7]/D
                            (rising edge-triggered cell FDRE clocked by sys_clk  {rise@0.000ns fall@5.000ns period=10.000ns})
  Path Group:             sys_clk
  Path Type:              Hold (Min at Fast Process Corner)
  Requirement:            0.000ns  (sys_clk rise@0.000ns - cpu_clk rise@0.000ns)
  Data Path Delay:        0.457ns  (logic 0.186ns (40.677%)  route 0.271ns (59.323%))
  Logic Levels:           1  (LUT5=1)
  Clock Path Skew:        -0.782ns (DCD - SCD - CPR)
    Destination Clock Delay (DCD):    1.981ns
    Source Clock Delay      (SCD):    2.518ns
    Clock Pessimism Removal (CPR):    0.245ns

    Location             Delay type                Incr(ns)  Path(ns)    Netlist Resource(s)
  -------------------------------------------------------------------    -------------------
                         (clock cpu_clk rise edge)    0.000     0.000 r  
    P17                                               0.000     0.000 r  clk (IN)
                         net (fo=0)                   0.000     0.000    clk
    P17                  IBUF (Prop_ibuf_I_O)         0.246     0.246 r  clk_IBUF_inst/O
                         net (fo=1, routed)           0.634     0.880    clk_IBUF
    BUFGCTRL_X0Y1        BUFG (Prop_bufg_I_O)         0.026     0.906 r  clk_IBUF_BUFG_inst/O
                         net (fo=340, routed)         0.563     1.469    clk_IBUF_BUFG
    SLICE_X36Y46         FDCE (Prop_fdce_C_Q)         0.128     1.597 r  clk_div_reg[2]/Q
                         net (fo=2, routed)           0.280     1.877    clk_12_5mhz
    BUFGCTRL_X0Y0        BUFG (Prop_bufg_I_O)         0.080     1.957 r  BUFG_cpu_clk/O
                         net (fo=3762, routed)        0.561     2.518    uCPUTop/uIfetch/clk
    SLICE_X36Y94         FDCE                                         r  uCPUTop/uIfetch/pcReg_reg[15]/C
  -------------------------------------------------------------------    -------------------
    SLICE_X36Y94         FDCE (Prop_fdce_C_Q)         0.141     2.659 r  uCPUTop/uIfetch/pcReg_reg[15]/Q
                         net (fo=6, routed)           0.271     2.930    uDebugCtrl/pcReg_reg[31][15]
    SLICE_X41Y90         LUT5 (Prop_lut5_I4_O)        0.045     2.975 r  uDebugCtrl/resp_buf[3][7]_i_1/O
                         net (fo=1, routed)           0.000     2.975    uDebugCtrl/resp_buf[3][7]_i_1_n_0
    SLICE_X41Y90         FDRE                                         r  uDebugCtrl/resp_buf_reg[3][7]/D
  -------------------------------------------------------------------    -------------------

                         (clock sys_clk rise edge)    0.000     0.000 r  
    P17                                               0.000     0.000 r  clk (IN)
                         net (fo=0)                   0.000     0.000    clk
    P17                  IBUF (Prop_ibuf_I_O)         0.434     0.434 r  clk_IBUF_inst/O
                         net (fo=1, routed)           0.689     1.123    clk_IBUF
    BUFGCTRL_X0Y1        BUFG (Prop_bufg_I_O)         0.029     1.152 r  clk_IBUF_BUFG_inst/O
                         net (fo=340, routed)         0.830     1.981    uDebugCtrl/clk_IBUF_BUFG
    SLICE_X41Y90         FDRE                                         r  uDebugCtrl/resp_buf_reg[3][7]/C
                         clock pessimism             -0.245     1.736    
    SLICE_X41Y90         FDRE (Hold_fdre_C_D)         0.091     1.827    uDebugCtrl/resp_buf_reg[3][7]
  -------------------------------------------------------------------
                         required time                         -1.827    
                         arrival time                           2.975    
  -------------------------------------------------------------------
                         slack                                  1.148    

Slack (MET) :             1.190ns  (arrival time - required time)
  Source:                 uCPUTop/uIfetch/pcReg_reg[16]/C
                            (rising edge-triggered cell FDCE clocked by cpu_clk  {rise@0.000ns fall@40.000ns period=80.000ns})
  Destination:            uDebugCtrl/resp_buf_reg[2][0]/D
                            (rising edge-triggered cell FDRE clocked by sys_clk  {rise@0.000ns fall@5.000ns period=10.000ns})
  Path Group:             sys_clk
  Path Type:              Hold (Min at Fast Process Corner)
  Requirement:            0.000ns  (sys_clk rise@0.000ns - cpu_clk rise@0.000ns)
  Data Path Delay:        0.500ns  (logic 0.186ns (37.235%)  route 0.314ns (62.764%))
  Logic Levels:           1  (LUT5=1)
  Clock Path Skew:        -0.781ns (DCD - SCD - CPR)
    Destination Clock Delay (DCD):    1.982ns
    Source Clock Delay      (SCD):    2.518ns
    Clock Pessimism Removal (CPR):    0.245ns

    Location             Delay type                Incr(ns)  Path(ns)    Netlist Resource(s)
  -------------------------------------------------------------------    -------------------
                         (clock cpu_clk rise edge)    0.000     0.000 r  
    P17                                               0.000     0.000 r  clk (IN)
                         net (fo=0)                   0.000     0.000    clk
    P17                  IBUF (Prop_ibuf_I_O)         0.246     0.246 r  clk_IBUF_inst/O
                         net (fo=1, routed)           0.634     0.880    clk_IBUF
    BUFGCTRL_X0Y1        BUFG (Prop_bufg_I_O)         0.026     0.906 r  clk_IBUF_BUFG_inst/O
                         net (fo=340, routed)         0.563     1.469    clk_IBUF_BUFG
    SLICE_X36Y46         FDCE (Prop_fdce_C_Q)         0.128     1.597 r  clk_div_reg[2]/Q
                         net (fo=2, routed)           0.280     1.877    clk_12_5mhz
    BUFGCTRL_X0Y0        BUFG (Prop_bufg_I_O)         0.080     1.957 r  BUFG_cpu_clk/O
                         net (fo=3762, routed)        0.561     2.518    uCPUTop/uIfetch/clk
    SLICE_X36Y94         FDCE                                         r  uCPUTop/uIfetch/pcReg_reg[16]/C
  -------------------------------------------------------------------    -------------------
    SLICE_X36Y94         FDCE (Prop_fdce_C_Q)         0.141     2.659 r  uCPUTop/uIfetch/pcReg_reg[16]/Q
                         net (fo=6, routed)           0.314     2.973    uDebugCtrl/pcReg_reg[31][16]
    SLICE_X44Y92         LUT5 (Prop_lut5_I4_O)        0.045     3.018 r  uDebugCtrl/resp_buf[2][0]_i_1/O
                         net (fo=1, routed)           0.000     3.018    uDebugCtrl/resp_buf[2][0]_i_1_n_0
    SLICE_X44Y92         FDRE                                         r  uDebugCtrl/resp_buf_reg[2][0]/D
  -------------------------------------------------------------------    -------------------

                         (clock sys_clk rise edge)    0.000     0.000 r  
    P17                                               0.000     0.000 r  clk (IN)
                         net (fo=0)                   0.000     0.000    clk
    P17                  IBUF (Prop_ibuf_I_O)         0.434     0.434 r  clk_IBUF_inst/O
                         net (fo=1, routed)           0.689     1.123    clk_IBUF
    BUFGCTRL_X0Y1        BUFG (Prop_bufg_I_O)         0.029     1.152 r  clk_IBUF_BUFG_inst/O
                         net (fo=340, routed)         0.831     1.982    uDebugCtrl/clk_IBUF_BUFG
    SLICE_X44Y92         FDRE                                         r  uDebugCtrl/resp_buf_reg[2][0]/C
                         clock pessimism             -0.245     1.737    
    SLICE_X44Y92         FDRE (Hold_fdre_C_D)         0.091     1.828    uDebugCtrl/resp_buf_reg[2][0]
  -------------------------------------------------------------------
                         required time                         -1.828    
                         arrival time                           3.018    
  -------------------------------------------------------------------
                         slack                                  1.190    

Slack (MET) :             1.199ns  (arrival time - required time)
  Source:                 uCPUTop/uIfetch/pcReg_reg[5]/C
                            (rising edge-triggered cell FDCE clocked by cpu_clk  {rise@0.000ns fall@40.000ns period=80.000ns})
  Destination:            uDebugCtrl/resp_buf_reg[4][5]/D
                            (rising edge-triggered cell FDRE clocked by sys_clk  {rise@0.000ns fall@5.000ns period=10.000ns})
  Path Group:             sys_clk
  Path Type:              Hold (Min at Fast Process Corner)
  Requirement:            0.000ns  (sys_clk rise@0.000ns - cpu_clk rise@0.000ns)
  Data Path Delay:        0.506ns  (logic 0.186ns (36.759%)  route 0.320ns (63.241%))
  Logic Levels:           1  (LUT5=1)
  Clock Path Skew:        -0.784ns (DCD - SCD - CPR)
    Destination Clock Delay (DCD):    1.976ns
    Source Clock Delay      (SCD):    2.515ns
    Clock Pessimism Removal (CPR):    0.245ns

    Location             Delay type                Incr(ns)  Path(ns)    Netlist Resource(s)
  -------------------------------------------------------------------    -------------------
                         (clock cpu_clk rise edge)    0.000     0.000 r  
    P17                                               0.000     0.000 r  clk (IN)
                         net (fo=0)                   0.000     0.000    clk
    P17                  IBUF (Prop_ibuf_I_O)         0.246     0.246 r  clk_IBUF_inst/O
                         net (fo=1, routed)           0.634     0.880    clk_IBUF
    BUFGCTRL_X0Y1        BUFG (Prop_bufg_I_O)         0.026     0.906 r  clk_IBUF_BUFG_inst/O
                         net (fo=340, routed)         0.563     1.469    clk_IBUF_BUFG
    SLICE_X36Y46         FDCE (Prop_fdce_C_Q)         0.128     1.597 r  clk_div_reg[2]/Q
                         net (fo=2, routed)           0.280     1.877    clk_12_5mhz
    BUFGCTRL_X0Y0        BUFG (Prop_bufg_I_O)         0.080     1.957 r  BUFG_cpu_clk/O
                         net (fo=3762, routed)        0.558     2.515    uCPUTop/uIfetch/clk
    SLICE_X44Y85         FDCE                                         r  uCPUTop/uIfetch/pcReg_reg[5]/C
  -------------------------------------------------------------------    -------------------
    SLICE_X44Y85         FDCE (Prop_fdce_C_Q)         0.141     2.656 r  uCPUTop/uIfetch/pcReg_reg[5]/Q
                         net (fo=12, routed)          0.320     2.976    uDebugCtrl/pcReg_reg[31][5]
    SLICE_X39Y86         LUT5 (Prop_lut5_I4_O)        0.045     3.021 r  uDebugCtrl/resp_buf[4][5]_i_1/O
                         net (fo=1, routed)           0.000     3.021    uDebugCtrl/resp_buf[4][5]_i_1_n_0
    SLICE_X39Y86         FDRE                                         r  uDebugCtrl/resp_buf_reg[4][5]/D
  -------------------------------------------------------------------    -------------------

                         (clock sys_clk rise edge)    0.000     0.000 r  
    P17                                               0.000     0.000 r  clk (IN)
                         net (fo=0)                   0.000     0.000    clk
    P17                  IBUF (Prop_ibuf_I_O)         0.434     0.434 r  clk_IBUF_inst/O
                         net (fo=1, routed)           0.689     1.123    clk_IBUF
    BUFGCTRL_X0Y1        BUFG (Prop_bufg_I_O)         0.029     1.152 r  clk_IBUF_BUFG_inst/O
                         net (fo=340, routed)         0.824     1.976    uDebugCtrl/clk_IBUF_BUFG
    SLICE_X39Y86         FDRE                                         r  uDebugCtrl/resp_buf_reg[4][5]/C
                         clock pessimism             -0.245     1.731    
    SLICE_X39Y86         FDRE (Hold_fdre_C_D)         0.091     1.822    uDebugCtrl/resp_buf_reg[4][5]
  -------------------------------------------------------------------
                         required time                         -1.822    
                         arrival time                           3.021    
  -------------------------------------------------------------------
                         slack                                  1.199    

Slack (MET) :             1.212ns  (arrival time - required time)
  Source:                 uCPUTop/uIfetch/pcReg_reg[20]/C
                            (rising edge-triggered cell FDCE clocked by cpu_clk  {rise@0.000ns fall@40.000ns period=80.000ns})
  Destination:            uDebugCtrl/resp_buf_reg[2][4]/D
                            (rising edge-triggered cell FDRE clocked by sys_clk  {rise@0.000ns fall@5.000ns period=10.000ns})
  Path Group:             sys_clk
  Path Type:              Hold (Min at Fast Process Corner)
  Requirement:            0.000ns  (sys_clk rise@0.000ns - cpu_clk rise@0.000ns)
  Data Path Delay:        0.609ns  (logic 0.186ns (30.549%)  route 0.423ns (69.451%))
  Logic Levels:           1  (LUT5=1)
  Clock Path Skew:        -0.694ns (DCD - SCD - CPR)
    Destination Clock Delay (DCD):    2.070ns
    Source Clock Delay      (SCD):    2.518ns
    Clock Pessimism Removal (CPR):    0.245ns

    Location             Delay type                Incr(ns)  Path(ns)    Netlist Resource(s)
  -------------------------------------------------------------------    -------------------
                         (clock cpu_clk rise edge)    0.000     0.000 r  
    P17                                               0.000     0.000 r  clk (IN)
                         net (fo=0)                   0.000     0.000    clk
    P17                  IBUF (Prop_ibuf_I_O)         0.246     0.246 r  clk_IBUF_inst/O
                         net (fo=1, routed)           0.634     0.880    clk_IBUF
    BUFGCTRL_X0Y1        BUFG (Prop_bufg_I_O)         0.026     0.906 r  clk_IBUF_BUFG_inst/O
                         net (fo=340, routed)         0.563     1.469    clk_IBUF_BUFG
    SLICE_X36Y46         FDCE (Prop_fdce_C_Q)         0.128     1.597 r  clk_div_reg[2]/Q
                         net (fo=2, routed)           0.280     1.877    clk_12_5mhz
    BUFGCTRL_X0Y0        BUFG (Prop_bufg_I_O)         0.080     1.957 r  BUFG_cpu_clk/O
                         net (fo=3762, routed)        0.561     2.518    uCPUTop/uIfetch/clk
    SLICE_X35Y99         FDCE                                         r  uCPUTop/uIfetch/pcReg_reg[20]/C
  -------------------------------------------------------------------    -------------------
    SLICE_X35Y99         FDCE (Prop_fdce_C_Q)         0.141     2.659 r  uCPUTop/uIfetch/pcReg_reg[20]/Q
                         net (fo=5, routed)           0.423     3.082    uDebugCtrl/pcReg_reg[31][20]
    SLICE_X26Y103        LUT5 (Prop_lut5_I4_O)        0.045     3.127 r  uDebugCtrl/resp_buf[2][4]_i_1/O
                         net (fo=1, routed)           0.000     3.127    uDebugCtrl/resp_buf[2][4]_i_1_n_0
    SLICE_X26Y103        FDRE                                         r  uDebugCtrl/resp_buf_reg[2][4]/D
  -------------------------------------------------------------------    -------------------

                         (clock sys_clk rise edge)    0.000     0.000 r  
    P17                                               0.000     0.000 r  clk (IN)
                         net (fo=0)                   0.000     0.000    clk
    P17                  IBUF (Prop_ibuf_I_O)         0.434     0.434 r  clk_IBUF_inst/O
                         net (fo=1, routed)           0.689     1.123    clk_IBUF
    BUFGCTRL_X0Y1        BUFG (Prop_bufg_I_O)         0.029     1.152 r  clk_IBUF_BUFG_inst/O
                         net (fo=340, routed)         0.918     2.070    uDebugCtrl/clk_IBUF_BUFG
    SLICE_X26Y103        FDRE                                         r  uDebugCtrl/resp_buf_reg[2][4]/C
                         clock pessimism             -0.245     1.824    
    SLICE_X26Y103        FDRE (Hold_fdre_C_D)         0.091     1.915    uDebugCtrl/resp_buf_reg[2][4]
  -------------------------------------------------------------------
                         required time                         -1.915    
                         arrival time                           3.127    
  -------------------------------------------------------------------
                         slack                                  1.212    

Slack (MET) :             1.225ns  (arrival time - required time)
  Source:                 uCPUTop/uIfetch/pcReg_reg[25]/C
                            (rising edge-triggered cell FDCE clocked by cpu_clk  {rise@0.000ns fall@40.000ns period=80.000ns})
  Destination:            uDebugCtrl/resp_buf_reg[1][1]/D
                            (rising edge-triggered cell FDRE clocked by sys_clk  {rise@0.000ns fall@5.000ns period=10.000ns})
  Path Group:             sys_clk
  Path Type:              Hold (Min at Fast Process Corner)
  Requirement:            0.000ns  (sys_clk rise@0.000ns - cpu_clk rise@0.000ns)
  Data Path Delay:        0.621ns  (logic 0.186ns (29.973%)  route 0.435ns (70.027%))
  Logic Levels:           1  (LUT6=1)
  Clock Path Skew:        -0.697ns (DCD - SCD - CPR)
    Destination Clock Delay (DCD):    2.068ns
    Source Clock Delay      (SCD):    2.519ns
    Clock Pessimism Removal (CPR):    0.245ns

    Location             Delay type                Incr(ns)  Path(ns)    Netlist Resource(s)
  -------------------------------------------------------------------    -------------------
                         (clock cpu_clk rise edge)    0.000     0.000 r  
    P17                                               0.000     0.000 r  clk (IN)
                         net (fo=0)                   0.000     0.000    clk
    P17                  IBUF (Prop_ibuf_I_O)         0.246     0.246 r  clk_IBUF_inst/O
                         net (fo=1, routed)           0.634     0.880    clk_IBUF
    BUFGCTRL_X0Y1        BUFG (Prop_bufg_I_O)         0.026     0.906 r  clk_IBUF_BUFG_inst/O
                         net (fo=340, routed)         0.563     1.469    clk_IBUF_BUFG
    SLICE_X36Y46         FDCE (Prop_fdce_C_Q)         0.128     1.597 r  clk_div_reg[2]/Q
                         net (fo=2, routed)           0.280     1.877    clk_12_5mhz
    BUFGCTRL_X0Y0        BUFG (Prop_bufg_I_O)         0.080     1.957 r  BUFG_cpu_clk/O
                         net (fo=3762, routed)        0.562     2.519    uCPUTop/uIfetch/clk
    SLICE_X36Y97         FDCE                                         r  uCPUTop/uIfetch/pcReg_reg[25]/C
  -------------------------------------------------------------------    -------------------
    SLICE_X36Y97         FDCE (Prop_fdce_C_Q)         0.141     2.660 r  uCPUTop/uIfetch/pcReg_reg[25]/Q
                         net (fo=6, routed)           0.435     3.095    uDebugCtrl/pcReg_reg[31][25]
    SLICE_X39Y103        LUT6 (Prop_lut6_I3_O)        0.045     3.140 r  uDebugCtrl/resp_buf[1][1]_i_1/O
                         net (fo=1, routed)           0.000     3.140    uDebugCtrl/resp_buf[1][1]_i_1_n_0
    SLICE_X39Y103        FDRE                                         r  uDebugCtrl/resp_buf_reg[1][1]/D
  -------------------------------------------------------------------    -------------------

                         (clock sys_clk rise edge)    0.000     0.000 r  
    P17                                               0.000     0.000 r  clk (IN)
                         net (fo=0)                   0.000     0.000    clk
    P17                  IBUF (Prop_ibuf_I_O)         0.434     0.434 r  clk_IBUF_inst/O
                         net (fo=1, routed)           0.689     1.123    clk_IBUF
    BUFGCTRL_X0Y1        BUFG (Prop_bufg_I_O)         0.029     1.152 r  clk_IBUF_BUFG_inst/O
                         net (fo=340, routed)         0.916     2.068    uDebugCtrl/clk_IBUF_BUFG
    SLICE_X39Y103        FDRE                                         r  uDebugCtrl/resp_buf_reg[1][1]/C
                         clock pessimism             -0.245     1.822    
    SLICE_X39Y103        FDRE (Hold_fdre_C_D)         0.092     1.914    uDebugCtrl/resp_buf_reg[1][1]
  -------------------------------------------------------------------
                         required time                         -1.914    
                         arrival time                           3.140    
  -------------------------------------------------------------------
                         slack                                  1.225    

Slack (MET) :             1.225ns  (arrival time - required time)
  Source:                 uCPUTop/uIfetch/pcReg_reg[13]/C
                            (rising edge-triggered cell FDCE clocked by cpu_clk  {rise@0.000ns fall@40.000ns period=80.000ns})
  Destination:            uDebugCtrl/resp_buf_reg[3][5]/D
                            (rising edge-triggered cell FDRE clocked by sys_clk  {rise@0.000ns fall@5.000ns period=10.000ns})
  Path Group:             sys_clk
  Path Type:              Hold (Min at Fast Process Corner)
  Requirement:            0.000ns  (sys_clk rise@0.000ns - cpu_clk rise@0.000ns)
  Data Path Delay:        0.532ns  (logic 0.186ns (34.951%)  route 0.346ns (65.049%))
  Logic Levels:           1  (LUT5=1)
  Clock Path Skew:        -0.785ns (DCD - SCD - CPR)
    Destination Clock Delay (DCD):    1.978ns
    Source Clock Delay      (SCD):    2.518ns
    Clock Pessimism Removal (CPR):    0.245ns

    Location             Delay type                Incr(ns)  Path(ns)    Netlist Resource(s)
  -------------------------------------------------------------------    -------------------
                         (clock cpu_clk rise edge)    0.000     0.000 r  
    P17                                               0.000     0.000 r  clk (IN)
                         net (fo=0)                   0.000     0.000    clk
    P17                  IBUF (Prop_ibuf_I_O)         0.246     0.246 r  clk_IBUF_inst/O
                         net (fo=1, routed)           0.634     0.880    clk_IBUF
    BUFGCTRL_X0Y1        BUFG (Prop_bufg_I_O)         0.026     0.906 r  clk_IBUF_BUFG_inst/O
                         net (fo=340, routed)         0.563     1.469    clk_IBUF_BUFG
    SLICE_X36Y46         FDCE (Prop_fdce_C_Q)         0.128     1.597 r  clk_div_reg[2]/Q
                         net (fo=2, routed)           0.280     1.877    clk_12_5mhz
    BUFGCTRL_X0Y0        BUFG (Prop_bufg_I_O)         0.080     1.957 r  BUFG_cpu_clk/O
                         net (fo=3762, routed)        0.561     2.518    uCPUTop/uIfetch/clk
    SLICE_X36Y93         FDCE                                         r  uCPUTop/uIfetch/pcReg_reg[13]/C
  -------------------------------------------------------------------    -------------------
    SLICE_X36Y93         FDCE (Prop_fdce_C_Q)         0.141     2.659 r  uCPUTop/uIfetch/pcReg_reg[13]/Q
                         net (fo=6, routed)           0.346     3.005    uDebugCtrl/pcReg_reg[31][13]
    SLICE_X40Y87         LUT5 (Prop_lut5_I4_O)        0.045     3.050 r  uDebugCtrl/resp_buf[3][5]_i_1/O
                         net (fo=1, routed)           0.000     3.050    uDebugCtrl/resp_buf[3][5]_i_1_n_0
    SLICE_X40Y87         FDRE                                         r  uDebugCtrl/resp_buf_reg[3][5]/D
  -------------------------------------------------------------------    -------------------

                         (clock sys_clk rise edge)    0.000     0.000 r  
    P17                                               0.000     0.000 r  clk (IN)
                         net (fo=0)                   0.000     0.000    clk
    P17                  IBUF (Prop_ibuf_I_O)         0.434     0.434 r  clk_IBUF_inst/O
                         net (fo=1, routed)           0.689     1.123    clk_IBUF
    BUFGCTRL_X0Y1        BUFG (Prop_bufg_I_O)         0.029     1.152 r  clk_IBUF_BUFG_inst/O
                         net (fo=340, routed)         0.827     1.978    uDebugCtrl/clk_IBUF_BUFG
    SLICE_X40Y87         FDRE                                         r  uDebugCtrl/resp_buf_reg[3][5]/C
                         clock pessimism             -0.245     1.733    
    SLICE_X40Y87         FDRE (Hold_fdre_C_D)         0.092     1.825    uDebugCtrl/resp_buf_reg[3][5]
  -------------------------------------------------------------------
                         required time                         -1.825    
                         arrival time                           3.050    
  -------------------------------------------------------------------
                         slack                                  1.225    

Slack (MET) :             1.226ns  (arrival time - required time)
  Source:                 uCPUTop/uIfetch/pcReg_reg[4]/C
                            (rising edge-triggered cell FDCE clocked by cpu_clk  {rise@0.000ns fall@40.000ns period=80.000ns})
  Destination:            uDebugCtrl/resp_buf_reg[4][4]/D
                            (rising edge-triggered cell FDRE clocked by sys_clk  {rise@0.000ns fall@5.000ns period=10.000ns})
  Path Group:             sys_clk
  Path Type:              Hold (Min at Fast Process Corner)
  Requirement:            0.000ns  (sys_clk rise@0.000ns - cpu_clk rise@0.000ns)
  Data Path Delay:        0.533ns  (logic 0.186ns (34.908%)  route 0.347ns (65.092%))
  Logic Levels:           1  (LUT5=1)
  Clock Path Skew:        -0.784ns (DCD - SCD - CPR)
    Destination Clock Delay (DCD):    1.977ns
    Source Clock Delay      (SCD):    2.516ns
    Clock Pessimism Removal (CPR):    0.245ns

    Location             Delay type                Incr(ns)  Path(ns)    Netlist Resource(s)
  -------------------------------------------------------------------    -------------------
                         (clock cpu_clk rise edge)    0.000     0.000 r  
    P17                                               0.000     0.000 r  clk (IN)
                         net (fo=0)                   0.000     0.000    clk
    P17                  IBUF (Prop_ibuf_I_O)         0.246     0.246 r  clk_IBUF_inst/O
                         net (fo=1, routed)           0.634     0.880    clk_IBUF
    BUFGCTRL_X0Y1        BUFG (Prop_bufg_I_O)         0.026     0.906 r  clk_IBUF_BUFG_inst/O
                         net (fo=340, routed)         0.563     1.469    clk_IBUF_BUFG
    SLICE_X36Y46         FDCE (Prop_fdce_C_Q)         0.128     1.597 r  clk_div_reg[2]/Q
                         net (fo=2, routed)           0.280     1.877    clk_12_5mhz
    BUFGCTRL_X0Y0        BUFG (Prop_bufg_I_O)         0.080     1.957 r  BUFG_cpu_clk/O
                         net (fo=3762, routed)        0.559     2.516    uCPUTop/uIfetch/clk
    SLICE_X45Y87         FDCE                                         r  uCPUTop/uIfetch/pcReg_reg[4]/C
  -------------------------------------------------------------------    -------------------
    SLICE_X45Y87         FDCE (Prop_fdce_C_Q)         0.141     2.657 r  uCPUTop/uIfetch/pcReg_reg[4]/Q
                         net (fo=12, routed)          0.347     3.004    uDebugCtrl/pcReg_reg[31][4]
    SLICE_X43Y86         LUT5 (Prop_lut5_I4_O)        0.045     3.049 r  uDebugCtrl/resp_buf[4][4]_i_1/O
                         net (fo=1, routed)           0.000     3.049    uDebugCtrl/resp_buf[4][4]_i_1_n_0
    SLICE_X43Y86         FDRE                                         r  uDebugCtrl/resp_buf_reg[4][4]/D
  -------------------------------------------------------------------    -------------------

                         (clock sys_clk rise edge)    0.000     0.000 r  
    P17                                               0.000     0.000 r  clk (IN)
                         net (fo=0)                   0.000     0.000    clk
    P17                  IBUF (Prop_ibuf_I_O)         0.434     0.434 r  clk_IBUF_inst/O
                         net (fo=1, routed)           0.689     1.123    clk_IBUF
    BUFGCTRL_X0Y1        BUFG (Prop_bufg_I_O)         0.029     1.152 r  clk_IBUF_BUFG_inst/O
                         net (fo=340, routed)         0.826     1.977    uDebugCtrl/clk_IBUF_BUFG
    SLICE_X43Y86         FDRE                                         r  uDebugCtrl/resp_buf_reg[4][4]/C
                         clock pessimism             -0.245     1.732    
    SLICE_X43Y86         FDRE (Hold_fdre_C_D)         0.091     1.823    uDebugCtrl/resp_buf_reg[4][4]
  -------------------------------------------------------------------
                         required time                         -1.823    
                         arrival time                           3.049    
  -------------------------------------------------------------------
                         slack                                  1.226    





---------------------------------------------------------------------------------------------------
From Clock:  sys_clk
  To Clock:  cpu_clk

Setup :            0  Failing Endpoints,  Worst Slack        2.202ns,  Total Violation        0.000ns
Hold  :            0  Failing Endpoints,  Worst Slack        0.167ns,  Total Violation        0.000ns
---------------------------------------------------------------------------------------------------


Max Delay Paths
--------------------------------------------------------------------------------------
Slack (MET) :             2.202ns  (required time - arrival time)
  Source:                 uDebugCtrl/cpu_step_reg/C
                            (rising edge-triggered cell FDCE clocked by sys_clk  {rise@0.000ns fall@5.000ns period=10.000ns})
  Destination:            uCPUPipe/uPipeRegs/idex_rs1_val_reg[23]/D
                            (rising edge-triggered cell FDCE clocked by cpu_clk  {rise@0.000ns fall@40.000ns period=80.000ns})
  Path Group:             cpu_clk
  Path Type:              Setup (Max at Slow Process Corner)
  Requirement:            10.000ns  (cpu_clk rise@80.000ns - sys_clk rise@70.000ns)
  Data Path Delay:        10.523ns  (logic 0.842ns (8.002%)  route 9.681ns (91.998%))
  Logic Levels:           2  (LUT5=1 LUT6=1)
  Clock Path Skew:        2.731ns (DCD - SCD + CPR)
    Destination Clock Delay (DCD):    7.644ns = ( 87.644 - 80.000 ) 
    Source Clock Delay      (SCD):    5.092ns = ( 75.092 - 70.000 ) 
    Clock Pessimism Removal (CPR):    0.179ns
  Clock Uncertainty:      0.035ns  ((TSJ^2 + TIJ^2)^1/2 + DJ) / 2 + PE
    Total System Jitter     (TSJ):    0.071ns
    Total Input Jitter      (TIJ):    0.000ns
    Discrete Jitter          (DJ):    0.000ns
    Phase Error              (PE):    0.000ns

    Location             Delay type                Incr(ns)  Path(ns)    Netlist Resource(s)
  -------------------------------------------------------------------    -------------------
                         (clock sys_clk rise edge)   70.000    70.000 r  
    P17                                               0.000    70.000 r  clk (IN)
                         net (fo=0)                   0.000    70.000    clk
    P17                  IBUF (Prop_ibuf_I_O)         1.478    71.478 r  clk_IBUF_inst/O
                         net (fo=1, routed)           1.972    73.450    clk_IBUF
    BUFGCTRL_X0Y1        BUFG (Prop_bufg_I_O)         0.096    73.546 r  clk_IBUF_BUFG_inst/O
                         net (fo=340, routed)         1.546    75.092    uDebugCtrl/clk_IBUF_BUFG
    SLICE_X28Y83         FDCE                                         r  uDebugCtrl/cpu_step_reg/C
  -------------------------------------------------------------------    -------------------
    SLICE_X28Y83         FDCE (Prop_fdce_C_Q)         0.419    75.511 r  uDebugCtrl/cpu_step_reg/Q
                         net (fo=19, routed)          5.780    81.291    uCPUPipe/uPipeRegs/cpu_step
    SLICE_X15Y108        LUT5 (Prop_lut5_I1_O)        0.299    81.590 r  uCPUPipe/uPipeRegs/idex_rs1_val[31]_i_4/O
                         net (fo=32, routed)          3.901    85.490    uCPUPipe/uPipeRegs/uRegFile/rs1_bypass
    SLICE_X19Y135        LUT6 (Prop_lut6_I3_O)        0.124    85.614 r  uCPUPipe/uPipeRegs/idex_rs1_val[23]_i_1/O
                         net (fo=1, routed)           0.000    85.614    uCPUPipe/uPipeRegs/id_rs1_val[23]
    SLICE_X19Y135        FDCE                                         r  uCPUPipe/uPipeRegs/idex_rs1_val_reg[23]/D
  -------------------------------------------------------------------    -------------------

                         (clock cpu_clk rise edge)   80.000    80.000 r  
    P17                                               0.000    80.000 r  clk (IN)
                         net (fo=0)                   0.000    80.000    clk
    P17                  IBUF (Prop_ibuf_I_O)         1.408    81.408 r  clk_IBUF_inst/O
                         net (fo=1, routed)           1.868    83.276    clk_IBUF
    BUFGCTRL_X0Y1        BUFG (Prop_bufg_I_O)         0.091    83.367 r  clk_IBUF_BUFG_inst/O
                         net (fo=340, routed)         1.445    84.812    clk_IBUF_BUFG
    SLICE_X36Y46         FDCE (Prop_fdce_C_Q)         0.337    85.149 r  clk_div_reg[2]/Q
                         net (fo=2, routed)           0.653    85.803    clk_12_5mhz
    BUFGCTRL_X0Y0        BUFG (Prop_bufg_I_O)         0.232    86.035 r  BUFG_cpu_clk/O
                         net (fo=3762, routed)        1.609    87.644    uCPUPipe/uPipeRegs/clk
    SLICE_X19Y135        FDCE                                         r  uCPUPipe/uPipeRegs/idex_rs1_val_reg[23]/C
                         clock pessimism              0.179    87.823    
                         clock uncertainty           -0.035    87.787    
    SLICE_X19Y135        FDCE (Setup_fdce_C_D)        0.029    87.816    uCPUPipe/uPipeRegs/idex_rs1_val_reg[23]
  -------------------------------------------------------------------
                         required time                         87.816    
                         arrival time                         -85.614    
  -------------------------------------------------------------------
                         slack                                  2.202    

Slack (MET) :             2.242ns  (required time - arrival time)
  Source:                 uDebugCtrl/cpu_step_reg/C
                            (rising edge-triggered cell FDCE clocked by sys_clk  {rise@0.000ns fall@5.000ns period=10.000ns})
  Destination:            uCPUPipe/uRegFile/regFile_reg[14][13]/CE
                            (falling edge-triggered cell FDCE clocked by cpu_clk  {rise@0.000ns fall@40.000ns period=80.000ns})
  Path Group:             cpu_clk
  Path Type:              Setup (Max at Slow Process Corner)
  Requirement:            10.000ns  (cpu_clk fall@40.000ns - sys_clk rise@30.000ns)
  Data Path Delay:        10.246ns  (logic 1.070ns (10.443%)  route 9.176ns (89.557%))
  Logic Levels:           2  (LUT3=1 LUT6=1)
  Clock Path Skew:        2.726ns (DCD - SCD + CPR)
    Destination Clock Delay (DCD):    7.639ns = ( 47.639 - 40.000 ) 
    Source Clock Delay      (SCD):    5.092ns = ( 35.092 - 30.000 ) 
    Clock Pessimism Removal (CPR):    0.179ns
  Clock Uncertainty:      0.035ns  ((TSJ^2 + TIJ^2)^1/2 + DJ) / 2 + PE
    Total System Jitter     (TSJ):    0.071ns
    Total Input Jitter      (TIJ):    0.000ns
    Discrete Jitter          (DJ):    0.000ns
    Phase Error              (PE):    0.000ns

    Location             Delay type                Incr(ns)  Path(ns)    Netlist Resource(s)
  -------------------------------------------------------------------    -------------------
                         (clock sys_clk rise edge)   30.000    30.000 r  
    P17                                               0.000    30.000 r  clk (IN)
                         net (fo=0)                   0.000    30.000    clk
    P17                  IBUF (Prop_ibuf_I_O)         1.478    31.478 r  clk_IBUF_inst/O
                         net (fo=1, routed)           1.972    33.450    clk_IBUF
    BUFGCTRL_X0Y1        BUFG (Prop_bufg_I_O)         0.096    33.546 r  clk_IBUF_BUFG_inst/O
                         net (fo=340, routed)         1.546    35.092    uDebugCtrl/clk_IBUF_BUFG
    SLICE_X28Y83         FDCE                                         r  uDebugCtrl/cpu_step_reg/C
  -------------------------------------------------------------------    -------------------
    SLICE_X28Y83         FDCE (Prop_fdce_C_Q)         0.419    35.511 r  uDebugCtrl/cpu_step_reg/Q
                         net (fo=19, routed)          3.056    38.567    uDebugCtrl/cpu_step
    SLICE_X21Y109        LUT3 (Prop_lut3_I1_O)        0.325    38.892 r  uDebugCtrl/regFile[1][31]_i_2__0/O
                         net (fo=31, routed)          2.280    41.172    uCPUPipe/uPipeRegs/memwb_regwrite_reg_0
    SLICE_X4Y118         LUT6 (Prop_lut6_I0_O)        0.326    41.498 r  uCPUPipe/uPipeRegs/regFile[14][31]_i_1__0/O
                         net (fo=32, routed)          3.840    45.338    uCPUPipe/uRegFile/memwb_rd_addr_reg[2]_11[0]
    SLICE_X40Y114        FDCE                                         r  uCPUPipe/uRegFile/regFile_reg[14][13]/CE
  -------------------------------------------------------------------    -------------------

                         (clock cpu_clk fall edge)   40.000    40.000 r  
    P17                                               0.000    40.000 r  clk (IN)
                         net (fo=0)                   0.000    40.000    clk
    P17                  IBUF (Prop_ibuf_I_O)         1.408    41.408 r  clk_IBUF_inst/O
                         net (fo=1, routed)           1.868    43.276    clk_IBUF
    BUFGCTRL_X0Y1        BUFG (Prop_bufg_I_O)         0.091    43.367 r  clk_IBUF_BUFG_inst/O
                         net (fo=340, routed)         1.445    44.812    clk_IBUF_BUFG
    SLICE_X36Y46         FDCE (Prop_fdce_C_Q)         0.337    45.149 f  clk_div_reg[2]/Q
                         net (fo=2, routed)           0.653    45.803    clk_12_5mhz
    BUFGCTRL_X0Y0        BUFG (Prop_bufg_I_O)         0.232    46.035 f  BUFG_cpu_clk/O
                         net (fo=3762, routed)        1.604    47.639    uCPUPipe/uRegFile/clk
    SLICE_X40Y114        FDCE                                         r  uCPUPipe/uRegFile/regFile_reg[14][13]/C  (IS_INVERTED)
                         clock pessimism              0.179    47.818    
                         clock uncertainty           -0.035    47.782    
    SLICE_X40Y114        FDCE (Setup_fdce_C_CE)      -0.202    47.580    uCPUPipe/uRegFile/regFile_reg[14][13]
  -------------------------------------------------------------------
                         required time                         47.580    
                         arrival time                         -45.338    
  -------------------------------------------------------------------
                         slack                                  2.242    

Slack (MET) :             2.298ns  (required time - arrival time)
  Source:                 uDebugCtrl/cpu_step_reg/C
                            (rising edge-triggered cell FDCE clocked by sys_clk  {rise@0.000ns fall@5.000ns period=10.000ns})
  Destination:            uCPUPipe/uPipeRegs/idex_rs1_val_reg[27]/D
                            (rising edge-triggered cell FDCE clocked by cpu_clk  {rise@0.000ns fall@40.000ns period=80.000ns})
  Path Group:             cpu_clk
  Path Type:              Setup (Max at Slow Process Corner)
  Requirement:            10.000ns  (cpu_clk rise@80.000ns - sys_clk rise@70.000ns)
  Data Path Delay:        10.425ns  (logic 0.842ns (8.077%)  route 9.583ns (91.923%))
  Logic Levels:           2  (LUT5=1 LUT6=1)
  Clock Path Skew:        2.729ns (DCD - SCD + CPR)
    Destination Clock Delay (DCD):    7.642ns = ( 87.642 - 80.000 ) 
    Source Clock Delay      (SCD):    5.092ns = ( 75.092 - 70.000 ) 
    Clock Pessimism Removal (CPR):    0.179ns
  Clock Uncertainty:      0.035ns  ((TSJ^2 + TIJ^2)^1/2 + DJ) / 2 + PE
    Total System Jitter     (TSJ):    0.071ns
    Total Input Jitter      (TIJ):    0.000ns
    Discrete Jitter          (DJ):    0.000ns
    Phase Error              (PE):    0.000ns

    Location             Delay type                Incr(ns)  Path(ns)    Netlist Resource(s)
  -------------------------------------------------------------------    -------------------
                         (clock sys_clk rise edge)   70.000    70.000 r  
    P17                                               0.000    70.000 r  clk (IN)
                         net (fo=0)                   0.000    70.000    clk
    P17                  IBUF (Prop_ibuf_I_O)         1.478    71.478 r  clk_IBUF_inst/O
                         net (fo=1, routed)           1.972    73.450    clk_IBUF
    BUFGCTRL_X0Y1        BUFG (Prop_bufg_I_O)         0.096    73.546 r  clk_IBUF_BUFG_inst/O
                         net (fo=340, routed)         1.546    75.092    uDebugCtrl/clk_IBUF_BUFG
    SLICE_X28Y83         FDCE                                         r  uDebugCtrl/cpu_step_reg/C
  -------------------------------------------------------------------    -------------------
    SLICE_X28Y83         FDCE (Prop_fdce_C_Q)         0.419    75.511 r  uDebugCtrl/cpu_step_reg/Q
                         net (fo=19, routed)          5.780    81.291    uCPUPipe/uPipeRegs/cpu_step
    SLICE_X15Y108        LUT5 (Prop_lut5_I1_O)        0.299    81.590 r  uCPUPipe/uPipeRegs/idex_rs1_val[31]_i_4/O
                         net (fo=32, routed)          3.803    85.393    uCPUPipe/uPipeRegs/uRegFile/rs1_bypass
    SLICE_X20Y134        LUT6 (Prop_lut6_I3_O)        0.124    85.517 r  uCPUPipe/uPipeRegs/idex_rs1_val[27]_i_1/O
                         net (fo=1, routed)           0.000    85.517    uCPUPipe/uPipeRegs/id_rs1_val[27]
    SLICE_X20Y134        FDCE                                         r  uCPUPipe/uPipeRegs/idex_rs1_val_reg[27]/D
  -------------------------------------------------------------------    -------------------

                         (clock cpu_clk rise edge)   80.000    80.000 r  
    P17                                               0.000    80.000 r  clk (IN)
                         net (fo=0)                   0.000    80.000    clk
    P17                  IBUF (Prop_ibuf_I_O)         1.408    81.408 r  clk_IBUF_inst/O
                         net (fo=1, routed)           1.868    83.276    clk_IBUF
    BUFGCTRL_X0Y1        BUFG (Prop_bufg_I_O)         0.091    83.367 r  clk_IBUF_BUFG_inst/O
                         net (fo=340, routed)         1.445    84.812    clk_IBUF_BUFG
    SLICE_X36Y46         FDCE (Prop_fdce_C_Q)         0.337    85.149 r  clk_div_reg[2]/Q
                         net (fo=2, routed)           0.653    85.803    clk_12_5mhz
    BUFGCTRL_X0Y0        BUFG (Prop_bufg_I_O)         0.232    86.035 r  BUFG_cpu_clk/O
                         net (fo=3762, routed)        1.607    87.642    uCPUPipe/uPipeRegs/clk
    SLICE_X20Y134        FDCE                                         r  uCPUPipe/uPipeRegs/idex_rs1_val_reg[27]/C
                         clock pessimism              0.179    87.821    
                         clock uncertainty           -0.035    87.785    
    SLICE_X20Y134        FDCE (Setup_fdce_C_D)        0.029    87.814    uCPUPipe/uPipeRegs/idex_rs1_val_reg[27]
  -------------------------------------------------------------------
                         required time                         87.814    
                         arrival time                         -85.517    
  -------------------------------------------------------------------
                         slack                                  2.298    

Slack (MET) :             2.303ns  (required time - arrival time)
  Source:                 uDebugCtrl/cpu_step_reg/C
                            (rising edge-triggered cell FDCE clocked by sys_clk  {rise@0.000ns fall@5.000ns period=10.000ns})
  Destination:            uCPUPipe/uPipeRegs/idex_rs1_val_reg[30]/D
                            (rising edge-triggered cell FDCE clocked by cpu_clk  {rise@0.000ns fall@40.000ns period=80.000ns})
  Path Group:             cpu_clk
  Path Type:              Setup (Max at Slow Process Corner)
  Requirement:            10.000ns  (cpu_clk rise@80.000ns - sys_clk rise@70.000ns)
  Data Path Delay:        10.422ns  (logic 0.842ns (8.079%)  route 9.580ns (91.921%))
  Logic Levels:           2  (LUT5=1 LUT6=1)
  Clock Path Skew:        2.729ns (DCD - SCD + CPR)
    Destination Clock Delay (DCD):    7.642ns = ( 87.642 - 80.000 ) 
    Source Clock Delay      (SCD):    5.092ns = ( 75.092 - 70.000 ) 
    Clock Pessimism Removal (CPR):    0.179ns
  Clock Uncertainty:      0.035ns  ((TSJ^2 + TIJ^2)^1/2 + DJ) / 2 + PE
    Total System Jitter     (TSJ):    0.071ns
    Total Input Jitter      (TIJ):    0.000ns
    Discrete Jitter          (DJ):    0.000ns
    Phase Error              (PE):    0.000ns

    Location             Delay type                Incr(ns)  Path(ns)    Netlist Resource(s)
  -------------------------------------------------------------------    -------------------
                         (clock sys_clk rise edge)   70.000    70.000 r  
    P17                                               0.000    70.000 r  clk (IN)
                         net (fo=0)                   0.000    70.000    clk
    P17                  IBUF (Prop_ibuf_I_O)         1.478    71.478 r  clk_IBUF_inst/O
                         net (fo=1, routed)           1.972    73.450    clk_IBUF
    BUFGCTRL_X0Y1        BUFG (Prop_bufg_I_O)         0.096    73.546 r  clk_IBUF_BUFG_inst/O
                         net (fo=340, routed)         1.546    75.092    uDebugCtrl/clk_IBUF_BUFG
    SLICE_X28Y83         FDCE                                         r  uDebugCtrl/cpu_step_reg/C
  -------------------------------------------------------------------    -------------------
    SLICE_X28Y83         FDCE (Prop_fdce_C_Q)         0.419    75.511 r  uDebugCtrl/cpu_step_reg/Q
                         net (fo=19, routed)          5.780    81.291    uCPUPipe/uPipeRegs/cpu_step
    SLICE_X15Y108        LUT5 (Prop_lut5_I1_O)        0.299    81.590 r  uCPUPipe/uPipeRegs/idex_rs1_val[31]_i_4/O
                         net (fo=32, routed)          3.800    85.390    uCPUPipe/uPipeRegs/uRegFile/rs1_bypass
    SLICE_X20Y134        LUT6 (Prop_lut6_I3_O)        0.124    85.514 r  uCPUPipe/uPipeRegs/idex_rs1_val[30]_i_1/O
                         net (fo=1, routed)           0.000    85.514    uCPUPipe/uPipeRegs/id_rs1_val[30]
    SLICE_X20Y134        FDCE                                         r  uCPUPipe/uPipeRegs/idex_rs1_val_reg[30]/D
  -------------------------------------------------------------------    -------------------

                         (clock cpu_clk rise edge)   80.000    80.000 r  
    P17                                               0.000    80.000 r  clk (IN)
                         net (fo=0)                   0.000    80.000    clk
    P17                  IBUF (Prop_ibuf_I_O)         1.408    81.408 r  clk_IBUF_inst/O
                         net (fo=1, routed)           1.868    83.276    clk_IBUF
    BUFGCTRL_X0Y1        BUFG (Prop_bufg_I_O)         0.091    83.367 r  clk_IBUF_BUFG_inst/O
                         net (fo=340, routed)         1.445    84.812    clk_IBUF_BUFG
    SLICE_X36Y46         FDCE (Prop_fdce_C_Q)         0.337    85.149 r  clk_div_reg[2]/Q
                         net (fo=2, routed)           0.653    85.803    clk_12_5mhz
    BUFGCTRL_X0Y0        BUFG (Prop_bufg_I_O)         0.232    86.035 r  BUFG_cpu_clk/O
                         net (fo=3762, routed)        1.607    87.642    uCPUPipe/uPipeRegs/clk
    SLICE_X20Y134        FDCE                                         r  uCPUPipe/uPipeRegs/idex_rs1_val_reg[30]/C
                         clock pessimism              0.179    87.821    
                         clock uncertainty           -0.035    87.785    
    SLICE_X20Y134        FDCE (Setup_fdce_C_D)        0.031    87.816    uCPUPipe/uPipeRegs/idex_rs1_val_reg[30]
  -------------------------------------------------------------------
                         required time                         87.816    
                         arrival time                         -85.514    
  -------------------------------------------------------------------
                         slack                                  2.303    

Slack (MET) :             2.305ns  (required time - arrival time)
  Source:                 uDebugCtrl/cpu_step_reg/C
                            (rising edge-triggered cell FDCE clocked by sys_clk  {rise@0.000ns fall@5.000ns period=10.000ns})
  Destination:            uCPUTop/uRegFile/regFile_reg[29][18]/CE
                            (rising edge-triggered cell FDCE clocked by cpu_clk  {rise@0.000ns fall@40.000ns period=80.000ns})
  Path Group:             cpu_clk
  Path Type:              Setup (Max at Slow Process Corner)
  Requirement:            10.000ns  (cpu_clk rise@80.000ns - sys_clk rise@70.000ns)
  Data Path Delay:        10.192ns  (logic 1.194ns (11.715%)  route 8.998ns (88.285%))
  Logic Levels:           3  (LUT2=1 LUT6=2)
  Clock Path Skew:        2.737ns (DCD - SCD + CPR)
    Destination Clock Delay (DCD):    7.650ns = ( 87.650 - 80.000 ) 
    Source Clock Delay      (SCD):    5.092ns = ( 75.092 - 70.000 ) 
    Clock Pessimism Removal (CPR):    0.179ns
  Clock Uncertainty:      0.035ns  ((TSJ^2 + TIJ^2)^1/2 + DJ) / 2 + PE
    Total System Jitter     (TSJ):    0.071ns
    Total Input Jitter      (TIJ):    0.000ns
    Discrete Jitter          (DJ):    0.000ns
    Phase Error              (PE):    0.000ns

    Location             Delay type                Incr(ns)  Path(ns)    Netlist Resource(s)
  -------------------------------------------------------------------    -------------------
                         (clock sys_clk rise edge)   70.000    70.000 r  
    P17                                               0.000    70.000 r  clk (IN)
                         net (fo=0)                   0.000    70.000    clk
    P17                  IBUF (Prop_ibuf_I_O)         1.478    71.478 r  clk_IBUF_inst/O
                         net (fo=1, routed)           1.972    73.450    clk_IBUF
    BUFGCTRL_X0Y1        BUFG (Prop_bufg_I_O)         0.096    73.546 r  clk_IBUF_BUFG_inst/O
                         net (fo=340, routed)         1.546    75.092    uDebugCtrl/clk_IBUF_BUFG
    SLICE_X28Y83         FDCE                                         r  uDebugCtrl/cpu_step_reg/C
  -------------------------------------------------------------------    -------------------
    SLICE_X28Y83         FDCE (Prop_fdce_C_Q)         0.419    75.511 r  uDebugCtrl/cpu_step_reg/Q
                         net (fo=19, routed)          2.711    78.222    uDebugCtrl/cpu_step
    SLICE_X33Y108        LUT2 (Prop_lut2_I1_O)        0.325    78.547 f  uDebugCtrl/regFile[1][31]_i_19/O
                         net (fo=2, routed)           1.329    79.876    uCPUTop/uIfetch/cpu_halt_reg
    SLICE_X43Y93         LUT6 (Prop_lut6_I0_O)        0.326    80.202 r  uCPUTop/uIfetch/regFile[1][31]_i_6/O
                         net (fo=31, routed)          1.671    81.874    uCPUTop/uIfetch/regFile[1][31]_i_6_n_0
    SLICE_X48Y77         LUT6 (Prop_lut6_I0_O)        0.124    81.998 r  uCPUTop/uIfetch/regFile[29][31]_i_1/O
                         net (fo=32, routed)          3.286    85.284    uCPUTop/uRegFile/cpu_halt_reg_15[0]
    SLICE_X9Y106         FDCE                                         r  uCPUTop/uRegFile/regFile_reg[29][18]/CE
  -------------------------------------------------------------------    -------------------

                         (clock cpu_clk rise edge)   80.000    80.000 r  
    P17                                               0.000    80.000 r  clk (IN)
                         net (fo=0)                   0.000    80.000    clk
    P17                  IBUF (Prop_ibuf_I_O)         1.408    81.408 r  clk_IBUF_inst/O
                         net (fo=1, routed)           1.868    83.276    clk_IBUF
    BUFGCTRL_X0Y1        BUFG (Prop_bufg_I_O)         0.091    83.367 r  clk_IBUF_BUFG_inst/O
                         net (fo=340, routed)         1.445    84.812    clk_IBUF_BUFG
    SLICE_X36Y46         FDCE (Prop_fdce_C_Q)         0.337    85.149 r  clk_div_reg[2]/Q
                         net (fo=2, routed)           0.653    85.803    clk_12_5mhz
    BUFGCTRL_X0Y0        BUFG (Prop_bufg_I_O)         0.232    86.035 r  BUFG_cpu_clk/O
                         net (fo=3762, routed)        1.615    87.650    uCPUTop/uRegFile/clk
    SLICE_X9Y106         FDCE                                         r  uCPUTop/uRegFile/regFile_reg[29][18]/C
                         clock pessimism              0.179    87.829    
                         clock uncertainty           -0.035    87.793    
    SLICE_X9Y106         FDCE (Setup_fdce_C_CE)      -0.205    87.588    uCPUTop/uRegFile/regFile_reg[29][18]
  -------------------------------------------------------------------
                         required time                         87.588    
                         arrival time                         -85.284    
  -------------------------------------------------------------------
                         slack                                  2.305    

Slack (MET) :             2.305ns  (required time - arrival time)
  Source:                 uDebugCtrl/cpu_step_reg/C
                            (rising edge-triggered cell FDCE clocked by sys_clk  {rise@0.000ns fall@5.000ns period=10.000ns})
  Destination:            uCPUTop/uRegFile/regFile_reg[29][19]/CE
                            (rising edge-triggered cell FDCE clocked by cpu_clk  {rise@0.000ns fall@40.000ns period=80.000ns})
  Path Group:             cpu_clk
  Path Type:              Setup (Max at Slow Process Corner)
  Requirement:            10.000ns  (cpu_clk rise@80.000ns - sys_clk rise@70.000ns)
  Data Path Delay:        10.192ns  (logic 1.194ns (11.715%)  route 8.998ns (88.285%))
  Logic Levels:           3  (LUT2=1 LUT6=2)
  Clock Path Skew:        2.737ns (DCD - SCD + CPR)
    Destination Clock Delay (DCD):    7.650ns = ( 87.650 - 80.000 ) 
    Source Clock Delay      (SCD):    5.092ns = ( 75.092 - 70.000 ) 
    Clock Pessimism Removal (CPR):    0.179ns
  Clock Uncertainty:      0.035ns  ((TSJ^2 + TIJ^2)^1/2 + DJ) / 2 + PE
    Total System Jitter     (TSJ):    0.071ns
    Total Input Jitter      (TIJ):    0.000ns
    Discrete Jitter          (DJ):    0.000ns
    Phase Error              (PE):    0.000ns

    Location             Delay type                Incr(ns)  Path(ns)    Netlist Resource(s)
  -------------------------------------------------------------------    -------------------
                         (clock sys_clk rise edge)   70.000    70.000 r  
    P17                                               0.000    70.000 r  clk (IN)
                         net (fo=0)                   0.000    70.000    clk
    P17                  IBUF (Prop_ibuf_I_O)         1.478    71.478 r  clk_IBUF_inst/O
                         net (fo=1, routed)           1.972    73.450    clk_IBUF
    BUFGCTRL_X0Y1        BUFG (Prop_bufg_I_O)         0.096    73.546 r  clk_IBUF_BUFG_inst/O
                         net (fo=340, routed)         1.546    75.092    uDebugCtrl/clk_IBUF_BUFG
    SLICE_X28Y83         FDCE                                         r  uDebugCtrl/cpu_step_reg/C
  -------------------------------------------------------------------    -------------------
    SLICE_X28Y83         FDCE (Prop_fdce_C_Q)         0.419    75.511 r  uDebugCtrl/cpu_step_reg/Q
                         net (fo=19, routed)          2.711    78.222    uDebugCtrl/cpu_step
    SLICE_X33Y108        LUT2 (Prop_lut2_I1_O)        0.325    78.547 f  uDebugCtrl/regFile[1][31]_i_19/O
                         net (fo=2, routed)           1.329    79.876    uCPUTop/uIfetch/cpu_halt_reg
    SLICE_X43Y93         LUT6 (Prop_lut6_I0_O)        0.326    80.202 r  uCPUTop/uIfetch/regFile[1][31]_i_6/O
                         net (fo=31, routed)          1.671    81.874    uCPUTop/uIfetch/regFile[1][31]_i_6_n_0
    SLICE_X48Y77         LUT6 (Prop_lut6_I0_O)        0.124    81.998 r  uCPUTop/uIfetch/regFile[29][31]_i_1/O
                         net (fo=32, routed)          3.286    85.284    uCPUTop/uRegFile/cpu_halt_reg_15[0]
    SLICE_X9Y106         FDCE                                         r  uCPUTop/uRegFile/regFile_reg[29][19]/CE
  -------------------------------------------------------------------    -------------------

                         (clock cpu_clk rise edge)   80.000    80.000 r  
    P17                                               0.000    80.000 r  clk (IN)
                         net (fo=0)                   0.000    80.000    clk
    P17                  IBUF (Prop_ibuf_I_O)         1.408    81.408 r  clk_IBUF_inst/O
                         net (fo=1, routed)           1.868    83.276    clk_IBUF
    BUFGCTRL_X0Y1        BUFG (Prop_bufg_I_O)         0.091    83.367 r  clk_IBUF_BUFG_inst/O
                         net (fo=340, routed)         1.445    84.812    clk_IBUF_BUFG
    SLICE_X36Y46         FDCE (Prop_fdce_C_Q)         0.337    85.149 r  clk_div_reg[2]/Q
                         net (fo=2, routed)           0.653    85.803    clk_12_5mhz
    BUFGCTRL_X0Y0        BUFG (Prop_bufg_I_O)         0.232    86.035 r  BUFG_cpu_clk/O
                         net (fo=3762, routed)        1.615    87.650    uCPUTop/uRegFile/clk
    SLICE_X9Y106         FDCE                                         r  uCPUTop/uRegFile/regFile_reg[29][19]/C
                         clock pessimism              0.179    87.829    
                         clock uncertainty           -0.035    87.793    
    SLICE_X9Y106         FDCE (Setup_fdce_C_CE)      -0.205    87.588    uCPUTop/uRegFile/regFile_reg[29][19]
  -------------------------------------------------------------------
                         required time                         87.588    
                         arrival time                         -85.284    
  -------------------------------------------------------------------
                         slack                                  2.305    

Slack (MET) :             2.356ns  (required time - arrival time)
  Source:                 uDebugCtrl/cpu_step_reg/C
                            (rising edge-triggered cell FDCE clocked by sys_clk  {rise@0.000ns fall@5.000ns period=10.000ns})
  Destination:            uCPUPipe/uRegFile/regFile_reg[26][11]/CE
                            (falling edge-triggered cell FDCE clocked by cpu_clk  {rise@0.000ns fall@40.000ns period=80.000ns})
  Path Group:             cpu_clk
  Path Type:              Setup (Max at Slow Process Corner)
  Requirement:            10.000ns  (cpu_clk fall@40.000ns - sys_clk rise@30.000ns)
  Data Path Delay:        10.157ns  (logic 1.070ns (10.534%)  route 9.087ns (89.466%))
  Logic Levels:           2  (LUT3=1 LUT6=1)
  Clock Path Skew:        2.713ns (DCD - SCD + CPR)
    Destination Clock Delay (DCD):    7.626ns = ( 47.626 - 40.000 ) 
    Source Clock Delay      (SCD):    5.092ns = ( 35.092 - 30.000 ) 
    Clock Pessimism Removal (CPR):    0.179ns
  Clock Uncertainty:      0.035ns  ((TSJ^2 + TIJ^2)^1/2 + DJ) / 2 + PE
    Total System Jitter     (TSJ):    0.071ns
    Total Input Jitter      (TIJ):    0.000ns
    Discrete Jitter          (DJ):    0.000ns
    Phase Error              (PE):    0.000ns

    Location             Delay type                Incr(ns)  Path(ns)    Netlist Resource(s)
  -------------------------------------------------------------------    -------------------
                         (clock sys_clk rise edge)   30.000    30.000 r  
    P17                                               0.000    30.000 r  clk (IN)
                         net (fo=0)                   0.000    30.000    clk
    P17                  IBUF (Prop_ibuf_I_O)         1.478    31.478 r  clk_IBUF_inst/O
                         net (fo=1, routed)           1.972    33.450    clk_IBUF
    BUFGCTRL_X0Y1        BUFG (Prop_bufg_I_O)         0.096    33.546 r  clk_IBUF_BUFG_inst/O
                         net (fo=340, routed)         1.546    35.092    uDebugCtrl/clk_IBUF_BUFG
    SLICE_X28Y83         FDCE                                         r  uDebugCtrl/cpu_step_reg/C
  -------------------------------------------------------------------    -------------------
    SLICE_X28Y83         FDCE (Prop_fdce_C_Q)         0.419    35.511 r  uDebugCtrl/cpu_step_reg/Q
                         net (fo=19, routed)          3.056    38.567    uDebugCtrl/cpu_step
    SLICE_X21Y109        LUT3 (Prop_lut3_I1_O)        0.325    38.892 r  uDebugCtrl/regFile[1][31]_i_2__0/O
                         net (fo=31, routed)          2.273    41.165    uCPUPipe/uPipeRegs/memwb_regwrite_reg_0
    SLICE_X5Y119         LUT6 (Prop_lut6_I0_O)        0.326    41.491 r  uCPUPipe/uPipeRegs/regFile[26][31]_i_1__0/O
                         net (fo=32, routed)          3.758    45.249    uCPUPipe/uRegFile/memwb_rd_addr_reg[2]_23[0]
    SLICE_X38Y124        FDCE                                         r  uCPUPipe/uRegFile/regFile_reg[26][11]/CE
  -------------------------------------------------------------------    -------------------

                         (clock cpu_clk fall edge)   40.000    40.000 r  
    P17                                               0.000    40.000 r  clk (IN)
                         net (fo=0)                   0.000    40.000    clk
    P17                  IBUF (Prop_ibuf_I_O)         1.408    41.408 r  clk_IBUF_inst/O
                         net (fo=1, routed)           1.868    43.276    clk_IBUF
    BUFGCTRL_X0Y1        BUFG (Prop_bufg_I_O)         0.091    43.367 r  clk_IBUF_BUFG_inst/O
                         net (fo=340, routed)         1.445    44.812    clk_IBUF_BUFG
    SLICE_X36Y46         FDCE (Prop_fdce_C_Q)         0.337    45.149 f  clk_div_reg[2]/Q
                         net (fo=2, routed)           0.653    45.803    clk_12_5mhz
    BUFGCTRL_X0Y0        BUFG (Prop_bufg_I_O)         0.232    46.035 f  BUFG_cpu_clk/O
                         net (fo=3762, routed)        1.591    47.626    uCPUPipe/uRegFile/clk
    SLICE_X38Y124        FDCE                                         r  uCPUPipe/uRegFile/regFile_reg[26][11]/C  (IS_INVERTED)
                         clock pessimism              0.179    47.805    
                         clock uncertainty           -0.035    47.769    
    SLICE_X38Y124        FDCE (Setup_fdce_C_CE)      -0.164    47.605    uCPUPipe/uRegFile/regFile_reg[26][11]
  -------------------------------------------------------------------
                         required time                         47.605    
                         arrival time                         -45.249    
  -------------------------------------------------------------------
                         slack                                  2.356    

Slack (MET) :             2.360ns  (required time - arrival time)
  Source:                 uDebugCtrl/cpu_step_reg/C
                            (rising edge-triggered cell FDCE clocked by sys_clk  {rise@0.000ns fall@5.000ns period=10.000ns})
  Destination:            uCPUPipe/uRegFile/regFile_reg[16][22]/CE
                            (falling edge-triggered cell FDCE clocked by cpu_clk  {rise@0.000ns fall@40.000ns period=80.000ns})
  Path Group:             cpu_clk
  Path Type:              Setup (Max at Slow Process Corner)
  Requirement:            10.000ns  (cpu_clk fall@40.000ns - sys_clk rise@30.000ns)
  Data Path Delay:        10.133ns  (logic 1.070ns (10.559%)  route 9.063ns (89.441%))
  Logic Levels:           2  (LUT3=1 LUT6=1)
  Clock Path Skew:        2.731ns (DCD - SCD + CPR)
    Destination Clock Delay (DCD):    7.644ns = ( 47.644 - 40.000 ) 
    Source Clock Delay      (SCD):    5.092ns = ( 35.092 - 30.000 ) 
    Clock Pessimism Removal (CPR):    0.179ns
  Clock Uncertainty:      0.035ns  ((TSJ^2 + TIJ^2)^1/2 + DJ) / 2 + PE
    Total System Jitter     (TSJ):    0.071ns
    Total Input Jitter      (TIJ):    0.000ns
    Discrete Jitter          (DJ):    0.000ns
    Phase Error              (PE):    0.000ns

    Location             Delay type                Incr(ns)  Path(ns)    Netlist Resource(s)
  -------------------------------------------------------------------    -------------------
                         (clock sys_clk rise edge)   30.000    30.000 r  
    P17                                               0.000    30.000 r  clk (IN)
                         net (fo=0)                   0.000    30.000    clk
    P17                  IBUF (Prop_ibuf_I_O)         1.478    31.478 r  clk_IBUF_inst/O
                         net (fo=1, routed)           1.972    33.450    clk_IBUF
    BUFGCTRL_X0Y1        BUFG (Prop_bufg_I_O)         0.096    33.546 r  clk_IBUF_BUFG_inst/O
                         net (fo=340, routed)         1.546    35.092    uDebugCtrl/clk_IBUF_BUFG
    SLICE_X28Y83         FDCE                                         r  uDebugCtrl/cpu_step_reg/C
  -------------------------------------------------------------------    -------------------
    SLICE_X28Y83         FDCE (Prop_fdce_C_Q)         0.419    35.511 r  uDebugCtrl/cpu_step_reg/Q
                         net (fo=19, routed)          3.056    38.567    uDebugCtrl/cpu_step
    SLICE_X21Y109        LUT3 (Prop_lut3_I1_O)        0.325    38.892 r  uDebugCtrl/regFile[1][31]_i_2__0/O
                         net (fo=31, routed)          2.300    41.192    uCPUPipe/uPipeRegs/memwb_regwrite_reg_0
    SLICE_X6Y118         LUT6 (Prop_lut6_I0_O)        0.326    41.518 r  uCPUPipe/uPipeRegs/regFile[16][31]_i_1__0/O
                         net (fo=32, routed)          3.707    45.225    uCPUPipe/uRegFile/memwb_rd_addr_reg[2]_13[0]
    SLICE_X26Y138        FDCE                                         r  uCPUPipe/uRegFile/regFile_reg[16][22]/CE
  -------------------------------------------------------------------    -------------------

                         (clock cpu_clk fall edge)   40.000    40.000 r  
    P17                                               0.000    40.000 r  clk (IN)
                         net (fo=0)                   0.000    40.000    clk
    P17                  IBUF (Prop_ibuf_I_O)         1.408    41.408 r  clk_IBUF_inst/O
                         net (fo=1, routed)           1.868    43.276    clk_IBUF
    BUFGCTRL_X0Y1        BUFG (Prop_bufg_I_O)         0.091    43.367 r  clk_IBUF_BUFG_inst/O
                         net (fo=340, routed)         1.445    44.812    clk_IBUF_BUFG
    SLICE_X36Y46         FDCE (Prop_fdce_C_Q)         0.337    45.149 f  clk_div_reg[2]/Q
                         net (fo=2, routed)           0.653    45.803    clk_12_5mhz
    BUFGCTRL_X0Y0        BUFG (Prop_bufg_I_O)         0.232    46.035 f  BUFG_cpu_clk/O
                         net (fo=3762, routed)        1.609    47.644    uCPUPipe/uRegFile/clk
    SLICE_X26Y138        FDCE                                         r  uCPUPipe/uRegFile/regFile_reg[16][22]/C  (IS_INVERTED)
                         clock pessimism              0.179    47.823    
                         clock uncertainty           -0.035    47.787    
    SLICE_X26Y138        FDCE (Setup_fdce_C_CE)      -0.202    47.585    uCPUPipe/uRegFile/regFile_reg[16][22]
  -------------------------------------------------------------------
                         required time                         47.585    
                         arrival time                         -45.225    
  -------------------------------------------------------------------
                         slack                                  2.360    

Slack (MET) :             2.399ns  (required time - arrival time)
  Source:                 uDebugCtrl/cpu_step_reg/C
                            (rising edge-triggered cell FDCE clocked by sys_clk  {rise@0.000ns fall@5.000ns period=10.000ns})
  Destination:            uCPUTop/uRegFile/regFile_reg[6][18]/CE
                            (rising edge-triggered cell FDCE clocked by cpu_clk  {rise@0.000ns fall@40.000ns period=80.000ns})
  Path Group:             cpu_clk
  Path Type:              Setup (Max at Slow Process Corner)
  Requirement:            10.000ns  (cpu_clk rise@80.000ns - sys_clk rise@70.000ns)
  Data Path Delay:        10.095ns  (logic 1.194ns (11.827%)  route 8.901ns (88.173%))
  Logic Levels:           3  (LUT2=1 LUT6=2)
  Clock Path Skew:        2.735ns (DCD - SCD + CPR)
    Destination Clock Delay (DCD):    7.648ns = ( 87.648 - 80.000 ) 
    Source Clock Delay      (SCD):    5.092ns = ( 75.092 - 70.000 ) 
    Clock Pessimism Removal (CPR):    0.179ns
  Clock Uncertainty:      0.035ns  ((TSJ^2 + TIJ^2)^1/2 + DJ) / 2 + PE
    Total System Jitter     (TSJ):    0.071ns
    Total Input Jitter      (TIJ):    0.000ns
    Discrete Jitter          (DJ):    0.000ns
    Phase Error              (PE):    0.000ns

    Location             Delay type                Incr(ns)  Path(ns)    Netlist Resource(s)
  -------------------------------------------------------------------    -------------------
                         (clock sys_clk rise edge)   70.000    70.000 r  
    P17                                               0.000    70.000 r  clk (IN)
                         net (fo=0)                   0.000    70.000    clk
    P17                  IBUF (Prop_ibuf_I_O)         1.478    71.478 r  clk_IBUF_inst/O
                         net (fo=1, routed)           1.972    73.450    clk_IBUF
    BUFGCTRL_X0Y1        BUFG (Prop_bufg_I_O)         0.096    73.546 r  clk_IBUF_BUFG_inst/O
                         net (fo=340, routed)         1.546    75.092    uDebugCtrl/clk_IBUF_BUFG
    SLICE_X28Y83         FDCE                                         r  uDebugCtrl/cpu_step_reg/C
  -------------------------------------------------------------------    -------------------
    SLICE_X28Y83         FDCE (Prop_fdce_C_Q)         0.419    75.511 r  uDebugCtrl/cpu_step_reg/Q
                         net (fo=19, routed)          2.711    78.222    uDebugCtrl/cpu_step
    SLICE_X33Y108        LUT2 (Prop_lut2_I1_O)        0.325    78.547 f  uDebugCtrl/regFile[1][31]_i_19/O
                         net (fo=2, routed)           1.329    79.876    uCPUTop/uIfetch/cpu_halt_reg
    SLICE_X43Y93         LUT6 (Prop_lut6_I0_O)        0.326    80.202 r  uCPUTop/uIfetch/regFile[1][31]_i_6/O
                         net (fo=31, routed)          1.462    81.664    uCPUTop/uIfetch/regFile[1][31]_i_6_n_0
    SLICE_X49Y78         LUT6 (Prop_lut6_I2_O)        0.124    81.788 r  uCPUTop/uIfetch/regFile[6][31]_i_1/O
                         net (fo=32, routed)          3.399    85.187    uCPUTop/uRegFile/inst_dbg_addr_sync_reg[12]_11[0]
    SLICE_X9Y109         FDCE                                         r  uCPUTop/uRegFile/regFile_reg[6][18]/CE
  -------------------------------------------------------------------    -------------------

                         (clock cpu_clk rise edge)   80.000    80.000 r  
    P17                                               0.000    80.000 r  clk (IN)
                         net (fo=0)                   0.000    80.000    clk
    P17                  IBUF (Prop_ibuf_I_O)         1.408    81.408 r  clk_IBUF_inst/O
                         net (fo=1, routed)           1.868    83.276    clk_IBUF
    BUFGCTRL_X0Y1        BUFG (Prop_bufg_I_O)         0.091    83.367 r  clk_IBUF_BUFG_inst/O
                         net (fo=340, routed)         1.445    84.812    clk_IBUF_BUFG
    SLICE_X36Y46         FDCE (Prop_fdce_C_Q)         0.337    85.149 r  clk_div_reg[2]/Q
                         net (fo=2, routed)           0.653    85.803    clk_12_5mhz
    BUFGCTRL_X0Y0        BUFG (Prop_bufg_I_O)         0.232    86.035 r  BUFG_cpu_clk/O
                         net (fo=3762, routed)        1.613    87.648    uCPUTop/uRegFile/clk
    SLICE_X9Y109         FDCE                                         r  uCPUTop/uRegFile/regFile_reg[6][18]/C
                         clock pessimism              0.179    87.827    
                         clock uncertainty           -0.035    87.791    
    SLICE_X9Y109         FDCE (Setup_fdce_C_CE)      -0.205    87.586    uCPUTop/uRegFile/regFile_reg[6][18]
  -------------------------------------------------------------------
                         required time                         87.586    
                         arrival time                         -85.187    
  -------------------------------------------------------------------
                         slack                                  2.399    

Slack (MET) :             2.416ns  (required time - arrival time)
  Source:                 uDebugCtrl/cpu_step_reg/C
                            (rising edge-triggered cell FDCE clocked by sys_clk  {rise@0.000ns fall@5.000ns period=10.000ns})
  Destination:            uCPUTop/uRegFile/regFile_reg[17][16]/CE
                            (rising edge-triggered cell FDCE clocked by cpu_clk  {rise@0.000ns fall@40.000ns period=80.000ns})
  Path Group:             cpu_clk
  Path Type:              Setup (Max at Slow Process Corner)
  Requirement:            10.000ns  (cpu_clk rise@80.000ns - sys_clk rise@70.000ns)
  Data Path Delay:        10.117ns  (logic 1.194ns (11.801%)  route 8.923ns (88.199%))
  Logic Levels:           3  (LUT2=1 LUT6=2)
  Clock Path Skew:        2.738ns (DCD - SCD + CPR)
    Destination Clock Delay (DCD):    7.651ns = ( 87.651 - 80.000 ) 
    Source Clock Delay      (SCD):    5.092ns = ( 75.092 - 70.000 ) 
    Clock Pessimism Removal (CPR):    0.179ns
  Clock Uncertainty:      0.035ns  ((TSJ^2 + TIJ^2)^1/2 + DJ) / 2 + PE
    Total System Jitter     (TSJ):    0.071ns
    Total Input Jitter      (TIJ):    0.000ns
    Discrete Jitter          (DJ):    0.000ns
    Phase Error              (PE):    0.000ns

    Location             Delay type                Incr(ns)  Path(ns)    Netlist Resource(s)
  -------------------------------------------------------------------    -------------------
                         (clock sys_clk rise edge)   70.000    70.000 r  
    P17                                               0.000    70.000 r  clk (IN)
                         net (fo=0)                   0.000    70.000    clk
    P17                  IBUF (Prop_ibuf_I_O)         1.478    71.478 r  clk_IBUF_inst/O
                         net (fo=1, routed)           1.972    73.450    clk_IBUF
    BUFGCTRL_X0Y1        BUFG (Prop_bufg_I_O)         0.096    73.546 r  clk_IBUF_BUFG_inst/O
                         net (fo=340, routed)         1.546    75.092    uDebugCtrl/clk_IBUF_BUFG
    SLICE_X28Y83         FDCE                                         r  uDebugCtrl/cpu_step_reg/C
  -------------------------------------------------------------------    -------------------
    SLICE_X28Y83         FDCE (Prop_fdce_C_Q)         0.419    75.511 r  uDebugCtrl/cpu_step_reg/Q
                         net (fo=19, routed)          2.711    78.222    uDebugCtrl/cpu_step
    SLICE_X33Y108        LUT2 (Prop_lut2_I1_O)        0.325    78.547 f  uDebugCtrl/regFile[1][31]_i_19/O
                         net (fo=2, routed)           1.329    79.876    uCPUTop/uIfetch/cpu_halt_reg
    SLICE_X43Y93         LUT6 (Prop_lut6_I0_O)        0.326    80.202 r  uCPUTop/uIfetch/regFile[1][31]_i_6/O
                         net (fo=31, routed)          1.484    81.686    uCPUTop/uIfetch/regFile[1][31]_i_6_n_0
    SLICE_X55Y78         LUT6 (Prop_lut6_I0_O)        0.124    81.810 r  uCPUTop/uIfetch/regFile[17][31]_i_1/O
                         net (fo=32, routed)          3.400    85.209    uCPUTop/uRegFile/cpu_halt_reg_6[0]
    SLICE_X8Y102         FDCE                                         r  uCPUTop/uRegFile/regFile_reg[17][16]/CE
  -------------------------------------------------------------------    -------------------

                         (clock cpu_clk rise edge)   80.000    80.000 r  
    P17                                               0.000    80.000 r  clk (IN)
                         net (fo=0)                   0.000    80.000    clk
    P17                  IBUF (Prop_ibuf_I_O)         1.408    81.408 r  clk_IBUF_inst/O
                         net (fo=1, routed)           1.868    83.276    clk_IBUF
    BUFGCTRL_X0Y1        BUFG (Prop_bufg_I_O)         0.091    83.367 r  clk_IBUF_BUFG_inst/O
                         net (fo=340, routed)         1.445    84.812    clk_IBUF_BUFG
    SLICE_X36Y46         FDCE (Prop_fdce_C_Q)         0.337    85.149 r  clk_div_reg[2]/Q
                         net (fo=2, routed)           0.653    85.803    clk_12_5mhz
    BUFGCTRL_X0Y0        BUFG (Prop_bufg_I_O)         0.232    86.035 r  BUFG_cpu_clk/O
                         net (fo=3762, routed)        1.616    87.651    uCPUTop/uRegFile/clk
    SLICE_X8Y102         FDCE                                         r  uCPUTop/uRegFile/regFile_reg[17][16]/C
                         clock pessimism              0.179    87.830    
                         clock uncertainty           -0.035    87.794    
    SLICE_X8Y102         FDCE (Setup_fdce_C_CE)      -0.169    87.625    uCPUTop/uRegFile/regFile_reg[17][16]
  -------------------------------------------------------------------
                         required time                         87.625    
                         arrival time                         -85.209    
  -------------------------------------------------------------------
                         slack                                  2.416    





Min Delay Paths
--------------------------------------------------------------------------------------
Slack (MET) :             0.167ns  (arrival time - required time)
  Source:                 uDebugCtrl/inst_wr_data_reg[24]/C
                            (rising edge-triggered cell FDCE clocked by sys_clk  {rise@0.000ns fall@5.000ns period=10.000ns})
  Destination:            uCPUTop/uIfetch/inst_wr_data_sync_reg[24]/D
                            (rising edge-triggered cell FDCE clocked by cpu_clk  {rise@0.000ns fall@40.000ns period=80.000ns})
  Path Group:             cpu_clk
  Path Type:              Hold (Min at Fast Process Corner)
  Requirement:            0.000ns  (cpu_clk rise@0.000ns - sys_clk rise@0.000ns)
  Data Path Delay:        1.900ns  (logic 0.141ns (7.420%)  route 1.759ns (92.580%))
  Logic Levels:           0  
  Clock Path Skew:        1.672ns (DCD - SCD - CPR)
    Destination Clock Delay (DCD):    3.384ns
    Source Clock Delay      (SCD):    1.467ns
    Clock Pessimism Removal (CPR):    0.245ns

    Location             Delay type                Incr(ns)  Path(ns)    Netlist Resource(s)
  -------------------------------------------------------------------    -------------------
                         (clock sys_clk rise edge)    0.000     0.000 r  
    P17                                               0.000     0.000 r  clk (IN)
                         net (fo=0)                   0.000     0.000    clk
    P17                  IBUF (Prop_ibuf_I_O)         0.246     0.246 r  clk_IBUF_inst/O
                         net (fo=1, routed)           0.634     0.880    clk_IBUF
    BUFGCTRL_X0Y1        BUFG (Prop_bufg_I_O)         0.026     0.906 r  clk_IBUF_BUFG_inst/O
                         net (fo=340, routed)         0.561     1.467    uDebugCtrl/clk_IBUF_BUFG
    SLICE_X37Y94         FDCE                                         r  uDebugCtrl/inst_wr_data_reg[24]/C
  -------------------------------------------------------------------    -------------------
    SLICE_X37Y94         FDCE (Prop_fdce_C_Q)         0.141     1.608 r  uDebugCtrl/inst_wr_data_reg[24]/Q
                         net (fo=1, routed)           1.759     3.367    uCPUTop/uIfetch/inst_wr_data_reg[31][24]
    SLICE_X37Y93         FDCE                                         r  uCPUTop/uIfetch/inst_wr_data_sync_reg[24]/D
  -------------------------------------------------------------------    -------------------

                         (clock cpu_clk rise edge)    0.000     0.000 r  
    P17                                               0.000     0.000 r  clk (IN)
                         net (fo=0)                   0.000     0.000    clk
    P17                  IBUF (Prop_ibuf_I_O)         0.434     0.434 r  clk_IBUF_inst/O
                         net (fo=1, routed)           0.689     1.123    clk_IBUF
    BUFGCTRL_X0Y1        BUFG (Prop_bufg_I_O)         0.029     1.152 r  clk_IBUF_BUFG_inst/O
                         net (fo=340, routed)         0.832     1.983    clk_IBUF_BUFG
    SLICE_X36Y46         FDCE (Prop_fdce_C_Q)         0.160     2.143 r  clk_div_reg[2]/Q
                         net (fo=2, routed)           0.314     2.458    clk_12_5mhz
    BUFGCTRL_X0Y0        BUFG (Prop_bufg_I_O)         0.097     2.555 r  BUFG_cpu_clk/O
                         net (fo=3762, routed)        0.829     3.384    uCPUTop/uIfetch/clk
    SLICE_X37Y93         FDCE                                         r  uCPUTop/uIfetch/inst_wr_data_sync_reg[24]/C
                         clock pessimism             -0.245     3.139    
    SLICE_X37Y93         FDCE (Hold_fdce_C_D)         0.061     3.200    uCPUTop/uIfetch/inst_wr_data_sync_reg[24]
  -------------------------------------------------------------------
                         required time                         -3.200    
                         arrival time                           3.367    
  -------------------------------------------------------------------
                         slack                                  0.167    

Slack (MET) :             0.177ns  (arrival time - required time)
  Source:                 uDebugCtrl/inst_wr_data_reg[21]/C
                            (rising edge-triggered cell FDCE clocked by sys_clk  {rise@0.000ns fall@5.000ns period=10.000ns})
  Destination:            uCPUTop/uIfetch/inst_wr_data_sync_reg[21]/D
                            (rising edge-triggered cell FDCE clocked by cpu_clk  {rise@0.000ns fall@40.000ns period=80.000ns})
  Path Group:             cpu_clk
  Path Type:              Hold (Min at Fast Process Corner)
  Requirement:            0.000ns  (cpu_clk rise@0.000ns - sys_clk rise@0.000ns)
  Data Path Delay:        1.913ns  (logic 0.164ns (8.571%)  route 1.749ns (91.429%))
  Logic Levels:           0  
  Clock Path Skew:        1.673ns (DCD - SCD - CPR)
    Destination Clock Delay (DCD):    3.388ns
    Source Clock Delay      (SCD):    1.470ns
    Clock Pessimism Removal (CPR):    0.245ns

    Location             Delay type                Incr(ns)  Path(ns)    Netlist Resource(s)
  -------------------------------------------------------------------    -------------------
                         (clock sys_clk rise edge)    0.000     0.000 r  
    P17                                               0.000     0.000 r  clk (IN)
                         net (fo=0)                   0.000     0.000    clk
    P17                  IBUF (Prop_ibuf_I_O)         0.246     0.246 r  clk_IBUF_inst/O
                         net (fo=1, routed)           0.634     0.880    clk_IBUF
    BUFGCTRL_X0Y1        BUFG (Prop_bufg_I_O)         0.026     0.906 r  clk_IBUF_BUFG_inst/O
                         net (fo=340, routed)         0.564     1.470    uDebugCtrl/clk_IBUF_BUFG
    SLICE_X14Y94         FDCE                                         r  uDebugCtrl/inst_wr_data_reg[21]/C
  -------------------------------------------------------------------    -------------------
    SLICE_X14Y94         FDCE (Prop_fdce_C_Q)         0.164     1.634 r  uDebugCtrl/inst_wr_data_reg[21]/Q
                         net (fo=1, routed)           1.749     3.383    uCPUTop/uIfetch/inst_wr_data_reg[31][21]
    SLICE_X14Y95         FDCE                                         r  uCPUTop/uIfetch/inst_wr_data_sync_reg[21]/D
  -------------------------------------------------------------------    -------------------

                         (clock cpu_clk rise edge)    0.000     0.000 r  
    P17                                               0.000     0.000 r  clk (IN)
                         net (fo=0)                   0.000     0.000    clk
    P17                  IBUF (Prop_ibuf_I_O)         0.434     0.434 r  clk_IBUF_inst/O
                         net (fo=1, routed)           0.689     1.123    clk_IBUF
    BUFGCTRL_X0Y1        BUFG (Prop_bufg_I_O)         0.029     1.152 r  clk_IBUF_BUFG_inst/O
                         net (fo=340, routed)         0.832     1.983    clk_IBUF_BUFG
    SLICE_X36Y46         FDCE (Prop_fdce_C_Q)         0.160     2.143 r  clk_div_reg[2]/Q
                         net (fo=2, routed)           0.314     2.458    clk_12_5mhz
    BUFGCTRL_X0Y0        BUFG (Prop_bufg_I_O)         0.097     2.555 r  BUFG_cpu_clk/O
                         net (fo=3762, routed)        0.833     3.388    uCPUTop/uIfetch/clk
    SLICE_X14Y95         FDCE                                         r  uCPUTop/uIfetch/inst_wr_data_sync_reg[21]/C
                         clock pessimism             -0.245     3.143    
    SLICE_X14Y95         FDCE (Hold_fdce_C_D)         0.063     3.206    uCPUTop/uIfetch/inst_wr_data_sync_reg[21]
  -------------------------------------------------------------------
                         required time                         -3.206    
                         arrival time                           3.383    
  -------------------------------------------------------------------
                         slack                                  0.177    

Slack (MET) :             0.190ns  (arrival time - required time)
  Source:                 uDebugCtrl/dmem_wr_data_reg[25]/C
                            (rising edge-triggered cell FDCE clocked by sys_clk  {rise@0.000ns fall@5.000ns period=10.000ns})
  Destination:            uCPUTop/uDataMemory/dmem_wr_data_sync_reg[25]/D
                            (falling edge-triggered cell FDCE clocked by cpu_clk  {rise@0.000ns fall@40.000ns period=80.000ns})
  Path Group:             cpu_clk
  Path Type:              Hold (Min at Fast Process Corner)
  Requirement:            0.000ns  (cpu_clk fall@40.000ns - sys_clk rise@40.000ns)
  Data Path Delay:        2.013ns  (logic 0.141ns (7.004%)  route 1.872ns (92.996%))
  Logic Levels:           0  
  Clock Path Skew:        1.759ns (DCD - SCD - CPR)
    Destination Clock Delay (DCD):    3.472ns = ( 43.472 - 40.000 ) 
    Source Clock Delay      (SCD):    1.467ns = ( 41.467 - 40.000 ) 
    Clock Pessimism Removal (CPR):    0.245ns

    Location             Delay type                Incr(ns)  Path(ns)    Netlist Resource(s)
  -------------------------------------------------------------------    -------------------
                         (clock sys_clk rise edge)   40.000    40.000 r  
    P17                                               0.000    40.000 r  clk (IN)
                         net (fo=0)                   0.000    40.000    clk
    P17                  IBUF (Prop_ibuf_I_O)         0.246    40.246 r  clk_IBUF_inst/O
                         net (fo=1, routed)           0.634    40.880    clk_IBUF
    BUFGCTRL_X0Y1        BUFG (Prop_bufg_I_O)         0.026    40.906 r  clk_IBUF_BUFG_inst/O
                         net (fo=340, routed)         0.561    41.467    uDebugCtrl/clk_IBUF_BUFG
    SLICE_X39Y95         FDCE                                         r  uDebugCtrl/dmem_wr_data_reg[25]/C
  -------------------------------------------------------------------    -------------------
    SLICE_X39Y95         FDCE (Prop_fdce_C_Q)         0.141    41.608 r  uDebugCtrl/dmem_wr_data_reg[25]/Q
                         net (fo=1, routed)           1.872    43.480    uCPUTop/uDataMemory/dmem_wr_data_reg[31][25]
    SLICE_X40Y102        FDCE                                         r  uCPUTop/uDataMemory/dmem_wr_data_sync_reg[25]/D
  -------------------------------------------------------------------    -------------------

                         (clock cpu_clk fall edge)   40.000    40.000 r  
    P17                                               0.000    40.000 r  clk (IN)
                         net (fo=0)                   0.000    40.000    clk
    P17                  IBUF (Prop_ibuf_I_O)         0.434    40.434 r  clk_IBUF_inst/O
                         net (fo=1, routed)           0.689    41.123    clk_IBUF
    BUFGCTRL_X0Y1        BUFG (Prop_bufg_I_O)         0.029    41.152 r  clk_IBUF_BUFG_inst/O
                         net (fo=340, routed)         0.832    41.983    clk_IBUF_BUFG
    SLICE_X36Y46         FDCE (Prop_fdce_C_Q)         0.160    42.143 f  clk_div_reg[2]/Q
                         net (fo=2, routed)           0.314    42.458    clk_12_5mhz
    BUFGCTRL_X0Y0        BUFG (Prop_bufg_I_O)         0.097    42.555 f  BUFG_cpu_clk/O
                         net (fo=3762, routed)        0.917    43.472    uCPUTop/uDataMemory/clk
    SLICE_X40Y102        FDCE                                         r  uCPUTop/uDataMemory/dmem_wr_data_sync_reg[25]/C  (IS_INVERTED)
                         clock pessimism             -0.245    43.226    
    SLICE_X40Y102        FDCE (Hold_fdce_C_D)         0.064    43.290    uCPUTop/uDataMemory/dmem_wr_data_sync_reg[25]
  -------------------------------------------------------------------
                         required time                        -43.290    
                         arrival time                          43.480    
  -------------------------------------------------------------------
                         slack                                  0.190    

Slack (MET) :             0.192ns  (arrival time - required time)
  Source:                 uDebugCtrl/dmem_dbg_addr_reg[3]/C
                            (rising edge-triggered cell FDCE clocked by sys_clk  {rise@0.000ns fall@5.000ns period=10.000ns})
  Destination:            uCPUTop/uDataMemory/dmem_dbg_addr_sync_reg[3]/D
                            (falling edge-triggered cell FDCE clocked by cpu_clk  {rise@0.000ns fall@40.000ns period=80.000ns})
  Path Group:             cpu_clk
  Path Type:              Hold (Min at Fast Process Corner)
  Requirement:            0.000ns  (cpu_clk fall@40.000ns - sys_clk rise@40.000ns)
  Data Path Delay:        1.934ns  (logic 0.141ns (7.290%)  route 1.793ns (92.710%))
  Logic Levels:           0  
  Clock Path Skew:        1.669ns (DCD - SCD - CPR)
    Destination Clock Delay (DCD):    3.369ns = ( 43.369 - 40.000 ) 
    Source Clock Delay      (SCD):    1.455ns = ( 41.455 - 40.000 ) 
    Clock Pessimism Removal (CPR):    0.245ns

    Location             Delay type                Incr(ns)  Path(ns)    Netlist Resource(s)
  -------------------------------------------------------------------    -------------------
                         (clock sys_clk rise edge)   40.000    40.000 r  
    P17                                               0.000    40.000 r  clk (IN)
                         net (fo=0)                   0.000    40.000    clk
    P17                  IBUF (Prop_ibuf_I_O)         0.246    40.246 r  clk_IBUF_inst/O
                         net (fo=1, routed)           0.634    40.880    clk_IBUF
    BUFGCTRL_X0Y1        BUFG (Prop_bufg_I_O)         0.026    40.906 r  clk_IBUF_BUFG_inst/O
                         net (fo=340, routed)         0.549    41.455    uDebugCtrl/clk_IBUF_BUFG
    SLICE_X40Y76         FDCE                                         r  uDebugCtrl/dmem_dbg_addr_reg[3]/C
  -------------------------------------------------------------------    -------------------
    SLICE_X40Y76         FDCE (Prop_fdce_C_Q)         0.141    41.596 r  uDebugCtrl/dmem_dbg_addr_reg[3]/Q
                         net (fo=1, routed)           1.793    43.389    uCPUTop/uDataMemory/dmem_dbg_addr_reg[31][1]
    SLICE_X43Y75         FDCE                                         r  uCPUTop/uDataMemory/dmem_dbg_addr_sync_reg[3]/D
  -------------------------------------------------------------------    -------------------

                         (clock cpu_clk fall edge)   40.000    40.000 r  
    P17                                               0.000    40.000 r  clk (IN)
                         net (fo=0)                   0.000    40.000    clk
    P17                  IBUF (Prop_ibuf_I_O)         0.434    40.434 r  clk_IBUF_inst/O
                         net (fo=1, routed)           0.689    41.123    clk_IBUF
    BUFGCTRL_X0Y1        BUFG (Prop_bufg_I_O)         0.029    41.152 r  clk_IBUF_BUFG_inst/O
                         net (fo=340, routed)         0.832    41.983    clk_IBUF_BUFG
    SLICE_X36Y46         FDCE (Prop_fdce_C_Q)         0.160    42.143 f  clk_div_reg[2]/Q
                         net (fo=2, routed)           0.314    42.458    clk_12_5mhz
    BUFGCTRL_X0Y0        BUFG (Prop_bufg_I_O)         0.097    42.555 f  BUFG_cpu_clk/O
                         net (fo=3762, routed)        0.815    43.369    uCPUTop/uDataMemory/clk
    SLICE_X43Y75         FDCE                                         r  uCPUTop/uDataMemory/dmem_dbg_addr_sync_reg[3]/C  (IS_INVERTED)
                         clock pessimism             -0.245    43.124    
    SLICE_X43Y75         FDCE (Hold_fdce_C_D)         0.073    43.197    uCPUTop/uDataMemory/dmem_dbg_addr_sync_reg[3]
  -------------------------------------------------------------------
                         required time                        -43.197    
                         arrival time                          43.389    
  -------------------------------------------------------------------
                         slack                                  0.192    

Slack (MET) :             0.208ns  (arrival time - required time)
  Source:                 uDebugCtrl/dmem_wr_data_reg[17]/C
                            (rising edge-triggered cell FDCE clocked by sys_clk  {rise@0.000ns fall@5.000ns period=10.000ns})
  Destination:            uCPUTop/uDataMemory/dmem_wr_data_sync_reg[17]/D
                            (falling edge-triggered cell FDCE clocked by cpu_clk  {rise@0.000ns fall@40.000ns period=80.000ns})
  Path Group:             cpu_clk
  Path Type:              Hold (Min at Fast Process Corner)
  Requirement:            0.000ns  (cpu_clk fall@40.000ns - sys_clk rise@40.000ns)
  Data Path Delay:        1.951ns  (logic 0.141ns (7.227%)  route 1.810ns (92.773%))
  Logic Levels:           0  
  Clock Path Skew:        1.675ns (DCD - SCD - CPR)
    Destination Clock Delay (DCD):    3.388ns = ( 43.388 - 40.000 ) 
    Source Clock Delay      (SCD):    1.468ns = ( 41.468 - 40.000 ) 
    Clock Pessimism Removal (CPR):    0.245ns

    Location             Delay type                Incr(ns)  Path(ns)    Netlist Resource(s)
  -------------------------------------------------------------------    -------------------
                         (clock sys_clk rise edge)   40.000    40.000 r  
    P17                                               0.000    40.000 r  clk (IN)
                         net (fo=0)                   0.000    40.000    clk
    P17                  IBUF (Prop_ibuf_I_O)         0.246    40.246 r  clk_IBUF_inst/O
                         net (fo=1, routed)           0.634    40.880    clk_IBUF
    BUFGCTRL_X0Y1        BUFG (Prop_bufg_I_O)         0.026    40.906 r  clk_IBUF_BUFG_inst/O
                         net (fo=340, routed)         0.562    41.468    uDebugCtrl/clk_IBUF_BUFG
    SLICE_X47Y96         FDCE                                         r  uDebugCtrl/dmem_wr_data_reg[17]/C
  -------------------------------------------------------------------    -------------------
    SLICE_X47Y96         FDCE (Prop_fdce_C_Q)         0.141    41.609 r  uDebugCtrl/dmem_wr_data_reg[17]/Q
                         net (fo=1, routed)           1.810    43.419    uCPUTop/uDataMemory/dmem_wr_data_reg[31][17]
    SLICE_X48Y96         FDCE                                         r  uCPUTop/uDataMemory/dmem_wr_data_sync_reg[17]/D
  -------------------------------------------------------------------    -------------------

                         (clock cpu_clk fall edge)   40.000    40.000 r  
    P17                                               0.000    40.000 r  clk (IN)
                         net (fo=0)                   0.000    40.000    clk
    P17                  IBUF (Prop_ibuf_I_O)         0.434    40.434 r  clk_IBUF_inst/O
                         net (fo=1, routed)           0.689    41.123    clk_IBUF
    BUFGCTRL_X0Y1        BUFG (Prop_bufg_I_O)         0.029    41.152 r  clk_IBUF_BUFG_inst/O
                         net (fo=340, routed)         0.832    41.983    clk_IBUF_BUFG
    SLICE_X36Y46         FDCE (Prop_fdce_C_Q)         0.160    42.143 f  clk_div_reg[2]/Q
                         net (fo=2, routed)           0.314    42.458    clk_12_5mhz
    BUFGCTRL_X0Y0        BUFG (Prop_bufg_I_O)         0.097    42.555 f  BUFG_cpu_clk/O
                         net (fo=3762, routed)        0.833    43.388    uCPUTop/uDataMemory/clk
    SLICE_X48Y96         FDCE                                         r  uCPUTop/uDataMemory/dmem_wr_data_sync_reg[17]/C  (IS_INVERTED)
                         clock pessimism             -0.245    43.143    
    SLICE_X48Y96         FDCE (Hold_fdce_C_D)         0.068    43.211    uCPUTop/uDataMemory/dmem_wr_data_sync_reg[17]
  -------------------------------------------------------------------
                         required time                        -43.211    
                         arrival time                          43.419    
  -------------------------------------------------------------------
                         slack                                  0.208    

Slack (MET) :             0.211ns  (arrival time - required time)
  Source:                 uDebugCtrl/dmem_dbg_addr_reg[23]/C
                            (rising edge-triggered cell FDCE clocked by sys_clk  {rise@0.000ns fall@5.000ns period=10.000ns})
  Destination:            uCPUTop/uDataMemory/dmem_dbg_addr_sync_reg[23]/D
                            (falling edge-triggered cell FDCE clocked by cpu_clk  {rise@0.000ns fall@40.000ns period=80.000ns})
  Path Group:             cpu_clk
  Path Type:              Hold (Min at Fast Process Corner)
  Requirement:            0.000ns  (cpu_clk fall@40.000ns - sys_clk rise@40.000ns)
  Data Path Delay:        1.964ns  (logic 0.141ns (7.181%)  route 1.823ns (92.819%))
  Logic Levels:           0  
  Clock Path Skew:        1.676ns (DCD - SCD - CPR)
    Destination Clock Delay (DCD):    3.384ns = ( 43.384 - 40.000 ) 
    Source Clock Delay      (SCD):    1.463ns = ( 41.463 - 40.000 ) 
    Clock Pessimism Removal (CPR):    0.245ns

    Location             Delay type                Incr(ns)  Path(ns)    Netlist Resource(s)
  -------------------------------------------------------------------    -------------------
                         (clock sys_clk rise edge)   40.000    40.000 r  
    P17                                               0.000    40.000 r  clk (IN)
                         net (fo=0)                   0.000    40.000    clk
    P17                  IBUF (Prop_ibuf_I_O)         0.246    40.246 r  clk_IBUF_inst/O
                         net (fo=1, routed)           0.634    40.880    clk_IBUF
    BUFGCTRL_X0Y1        BUFG (Prop_bufg_I_O)         0.026    40.906 r  clk_IBUF_BUFG_inst/O
                         net (fo=340, routed)         0.557    41.463    uDebugCtrl/clk_IBUF_BUFG
    SLICE_X28Y86         FDCE                                         r  uDebugCtrl/dmem_dbg_addr_reg[23]/C
  -------------------------------------------------------------------    -------------------
    SLICE_X28Y86         FDCE (Prop_fdce_C_Q)         0.141    41.604 r  uDebugCtrl/dmem_dbg_addr_reg[23]/Q
                         net (fo=1, routed)           1.823    43.427    uCPUTop/uDataMemory/dmem_dbg_addr_reg[31][21]
    SLICE_X28Y91         FDCE                                         r  uCPUTop/uDataMemory/dmem_dbg_addr_sync_reg[23]/D
  -------------------------------------------------------------------    -------------------

                         (clock cpu_clk fall edge)   40.000    40.000 r  
    P17                                               0.000    40.000 r  clk (IN)
                         net (fo=0)                   0.000    40.000    clk
    P17                  IBUF (Prop_ibuf_I_O)         0.434    40.434 r  clk_IBUF_inst/O
                         net (fo=1, routed)           0.689    41.123    clk_IBUF
    BUFGCTRL_X0Y1        BUFG (Prop_bufg_I_O)         0.029    41.152 r  clk_IBUF_BUFG_inst/O
                         net (fo=340, routed)         0.832    41.983    clk_IBUF_BUFG
    SLICE_X36Y46         FDCE (Prop_fdce_C_Q)         0.160    42.143 f  clk_div_reg[2]/Q
                         net (fo=2, routed)           0.314    42.458    clk_12_5mhz
    BUFGCTRL_X0Y0        BUFG (Prop_bufg_I_O)         0.097    42.555 f  BUFG_cpu_clk/O
                         net (fo=3762, routed)        0.830    43.384    uCPUTop/uDataMemory/clk
    SLICE_X28Y91         FDCE                                         r  uCPUTop/uDataMemory/dmem_dbg_addr_sync_reg[23]/C  (IS_INVERTED)
                         clock pessimism             -0.245    43.139    
    SLICE_X28Y91         FDCE (Hold_fdce_C_D)         0.077    43.216    uCPUTop/uDataMemory/dmem_dbg_addr_sync_reg[23]
  -------------------------------------------------------------------
                         required time                        -43.216    
                         arrival time                          43.427    
  -------------------------------------------------------------------
                         slack                                  0.211    

Slack (MET) :             0.211ns  (arrival time - required time)
  Source:                 uDebugCtrl/inst_wr_data_reg[25]/C
                            (rising edge-triggered cell FDCE clocked by sys_clk  {rise@0.000ns fall@5.000ns period=10.000ns})
  Destination:            uCPUTop/uIfetch/inst_wr_data_sync_reg[25]/D
                            (rising edge-triggered cell FDCE clocked by cpu_clk  {rise@0.000ns fall@40.000ns period=80.000ns})
  Path Group:             cpu_clk
  Path Type:              Hold (Min at Fast Process Corner)
  Requirement:            0.000ns  (cpu_clk rise@0.000ns - sys_clk rise@0.000ns)
  Data Path Delay:        1.942ns  (logic 0.141ns (7.260%)  route 1.801ns (92.740%))
  Logic Levels:           0  
  Clock Path Skew:        1.672ns (DCD - SCD - CPR)
    Destination Clock Delay (DCD):    3.384ns
    Source Clock Delay      (SCD):    1.467ns
    Clock Pessimism Removal (CPR):    0.245ns

    Location             Delay type                Incr(ns)  Path(ns)    Netlist Resource(s)
  -------------------------------------------------------------------    -------------------
                         (clock sys_clk rise edge)    0.000     0.000 r  
    P17                                               0.000     0.000 r  clk (IN)
                         net (fo=0)                   0.000     0.000    clk
    P17                  IBUF (Prop_ibuf_I_O)         0.246     0.246 r  clk_IBUF_inst/O
                         net (fo=1, routed)           0.634     0.880    clk_IBUF
    BUFGCTRL_X0Y1        BUFG (Prop_bufg_I_O)         0.026     0.906 r  clk_IBUF_BUFG_inst/O
                         net (fo=340, routed)         0.561     1.467    uDebugCtrl/clk_IBUF_BUFG
    SLICE_X37Y94         FDCE                                         r  uDebugCtrl/inst_wr_data_reg[25]/C
  -------------------------------------------------------------------    -------------------
    SLICE_X37Y94         FDCE (Prop_fdce_C_Q)         0.141     1.608 r  uDebugCtrl/inst_wr_data_reg[25]/Q
                         net (fo=1, routed)           1.801     3.409    uCPUTop/uIfetch/inst_wr_data_reg[31][25]
    SLICE_X37Y93         FDCE                                         r  uCPUTop/uIfetch/inst_wr_data_sync_reg[25]/D
  -------------------------------------------------------------------    -------------------

                         (clock cpu_clk rise edge)    0.000     0.000 r  
    P17                                               0.000     0.000 r  clk (IN)
                         net (fo=0)                   0.000     0.000    clk
    P17                  IBUF (Prop_ibuf_I_O)         0.434     0.434 r  clk_IBUF_inst/O
                         net (fo=1, routed)           0.689     1.123    clk_IBUF
    BUFGCTRL_X0Y1        BUFG (Prop_bufg_I_O)         0.029     1.152 r  clk_IBUF_BUFG_inst/O
                         net (fo=340, routed)         0.832     1.983    clk_IBUF_BUFG
    SLICE_X36Y46         FDCE (Prop_fdce_C_Q)         0.160     2.143 r  clk_div_reg[2]/Q
                         net (fo=2, routed)           0.314     2.458    clk_12_5mhz
    BUFGCTRL_X0Y0        BUFG (Prop_bufg_I_O)         0.097     2.555 r  BUFG_cpu_clk/O
                         net (fo=3762, routed)        0.829     3.384    uCPUTop/uIfetch/clk
    SLICE_X37Y93         FDCE                                         r  uCPUTop/uIfetch/inst_wr_data_sync_reg[25]/C
                         clock pessimism             -0.245     3.139    
    SLICE_X37Y93         FDCE (Hold_fdce_C_D)         0.059     3.198    uCPUTop/uIfetch/inst_wr_data_sync_reg[25]
  -------------------------------------------------------------------
                         required time                         -3.198    
                         arrival time                           3.409    
  -------------------------------------------------------------------
                         slack                                  0.211    

Slack (MET) :             0.215ns  (arrival time - required time)
  Source:                 uDebugCtrl/inst_wr_data_reg[18]/C
                            (rising edge-triggered cell FDCE clocked by sys_clk  {rise@0.000ns fall@5.000ns period=10.000ns})
  Destination:            uCPUTop/uIfetch/inst_wr_data_sync_reg[18]/D
                            (rising edge-triggered cell FDCE clocked by cpu_clk  {rise@0.000ns fall@40.000ns period=80.000ns})
  Path Group:             cpu_clk
  Path Type:              Hold (Min at Fast Process Corner)
  Requirement:            0.000ns  (cpu_clk rise@0.000ns - sys_clk rise@0.000ns)
  Data Path Delay:        1.947ns  (logic 0.164ns (8.424%)  route 1.783ns (91.576%))
  Logic Levels:           0  
  Clock Path Skew:        1.673ns (DCD - SCD - CPR)
    Destination Clock Delay (DCD):    3.388ns
    Source Clock Delay      (SCD):    1.470ns
    Clock Pessimism Removal (CPR):    0.245ns

    Location             Delay type                Incr(ns)  Path(ns)    Netlist Resource(s)
  -------------------------------------------------------------------    -------------------
                         (clock sys_clk rise edge)    0.000     0.000 r  
    P17                                               0.000     0.000 r  clk (IN)
                         net (fo=0)                   0.000     0.000    clk
    P17                  IBUF (Prop_ibuf_I_O)         0.246     0.246 r  clk_IBUF_inst/O
                         net (fo=1, routed)           0.634     0.880    clk_IBUF
    BUFGCTRL_X0Y1        BUFG (Prop_bufg_I_O)         0.026     0.906 r  clk_IBUF_BUFG_inst/O
                         net (fo=340, routed)         0.564     1.470    uDebugCtrl/clk_IBUF_BUFG
    SLICE_X14Y94         FDCE                                         r  uDebugCtrl/inst_wr_data_reg[18]/C
  -------------------------------------------------------------------    -------------------
    SLICE_X14Y94         FDCE (Prop_fdce_C_Q)         0.164     1.634 r  uDebugCtrl/inst_wr_data_reg[18]/Q
                         net (fo=1, routed)           1.783     3.417    uCPUTop/uIfetch/inst_wr_data_reg[31][18]
    SLICE_X14Y95         FDCE                                         r  uCPUTop/uIfetch/inst_wr_data_sync_reg[18]/D
  -------------------------------------------------------------------    -------------------

                         (clock cpu_clk rise edge)    0.000     0.000 r  
    P17                                               0.000     0.000 r  clk (IN)
                         net (fo=0)                   0.000     0.000    clk
    P17                  IBUF (Prop_ibuf_I_O)         0.434     0.434 r  clk_IBUF_inst/O
                         net (fo=1, routed)           0.689     1.123    clk_IBUF
    BUFGCTRL_X0Y1        BUFG (Prop_bufg_I_O)         0.029     1.152 r  clk_IBUF_BUFG_inst/O
                         net (fo=340, routed)         0.832     1.983    clk_IBUF_BUFG
    SLICE_X36Y46         FDCE (Prop_fdce_C_Q)         0.160     2.143 r  clk_div_reg[2]/Q
                         net (fo=2, routed)           0.314     2.458    clk_12_5mhz
    BUFGCTRL_X0Y0        BUFG (Prop_bufg_I_O)         0.097     2.555 r  BUFG_cpu_clk/O
                         net (fo=3762, routed)        0.833     3.388    uCPUTop/uIfetch/clk
    SLICE_X14Y95         FDCE                                         r  uCPUTop/uIfetch/inst_wr_data_sync_reg[18]/C
                         clock pessimism             -0.245     3.143    
    SLICE_X14Y95         FDCE (Hold_fdce_C_D)         0.059     3.202    uCPUTop/uIfetch/inst_wr_data_sync_reg[18]
  -------------------------------------------------------------------
                         required time                         -3.202    
                         arrival time                           3.417    
  -------------------------------------------------------------------
                         slack                                  0.215    

Slack (MET) :             0.215ns  (arrival time - required time)
  Source:                 uDebugCtrl/dmem_wr_data_reg[4]/C
                            (rising edge-triggered cell FDCE clocked by sys_clk  {rise@0.000ns fall@5.000ns period=10.000ns})
  Destination:            uCPUTop/uDataMemory/dmem_wr_data_sync_reg[4]/D
                            (falling edge-triggered cell FDCE clocked by cpu_clk  {rise@0.000ns fall@40.000ns period=80.000ns})
  Path Group:             cpu_clk
  Path Type:              Hold (Min at Fast Process Corner)
  Requirement:            0.000ns  (cpu_clk fall@40.000ns - sys_clk rise@40.000ns)
  Data Path Delay:        1.959ns  (logic 0.141ns (7.197%)  route 1.818ns (92.803%))
  Logic Levels:           0  
  Clock Path Skew:        1.671ns (DCD - SCD - CPR)
    Destination Clock Delay (DCD):    3.373ns = ( 43.373 - 40.000 ) 
    Source Clock Delay      (SCD):    1.457ns = ( 41.457 - 40.000 ) 
    Clock Pessimism Removal (CPR):    0.245ns

    Location             Delay type                Incr(ns)  Path(ns)    Netlist Resource(s)
  -------------------------------------------------------------------    -------------------
                         (clock sys_clk rise edge)   40.000    40.000 r  
    P17                                               0.000    40.000 r  clk (IN)
                         net (fo=0)                   0.000    40.000    clk
    P17                  IBUF (Prop_ibuf_I_O)         0.246    40.246 r  clk_IBUF_inst/O
                         net (fo=1, routed)           0.634    40.880    clk_IBUF
    BUFGCTRL_X0Y1        BUFG (Prop_bufg_I_O)         0.026    40.906 r  clk_IBUF_BUFG_inst/O
                         net (fo=340, routed)         0.551    41.457    uDebugCtrl/clk_IBUF_BUFG
    SLICE_X29Y78         FDCE                                         r  uDebugCtrl/dmem_wr_data_reg[4]/C
  -------------------------------------------------------------------    -------------------
    SLICE_X29Y78         FDCE (Prop_fdce_C_Q)         0.141    41.598 r  uDebugCtrl/dmem_wr_data_reg[4]/Q
                         net (fo=1, routed)           1.818    43.416    uCPUTop/uDataMemory/dmem_wr_data_reg[31][4]
    SLICE_X28Y78         FDCE                                         r  uCPUTop/uDataMemory/dmem_wr_data_sync_reg[4]/D
  -------------------------------------------------------------------    -------------------

                         (clock cpu_clk fall edge)   40.000    40.000 r  
    P17                                               0.000    40.000 r  clk (IN)
                         net (fo=0)                   0.000    40.000    clk
    P17                  IBUF (Prop_ibuf_I_O)         0.434    40.434 r  clk_IBUF_inst/O
                         net (fo=1, routed)           0.689    41.123    clk_IBUF
    BUFGCTRL_X0Y1        BUFG (Prop_bufg_I_O)         0.029    41.152 r  clk_IBUF_BUFG_inst/O
                         net (fo=340, routed)         0.832    41.983    clk_IBUF_BUFG
    SLICE_X36Y46         FDCE (Prop_fdce_C_Q)         0.160    42.143 f  clk_div_reg[2]/Q
                         net (fo=2, routed)           0.314    42.458    clk_12_5mhz
    BUFGCTRL_X0Y0        BUFG (Prop_bufg_I_O)         0.097    42.555 f  BUFG_cpu_clk/O
                         net (fo=3762, routed)        0.819    43.373    uCPUTop/uDataMemory/clk
    SLICE_X28Y78         FDCE                                         r  uCPUTop/uDataMemory/dmem_wr_data_sync_reg[4]/C  (IS_INVERTED)
                         clock pessimism             -0.245    43.128    
    SLICE_X28Y78         FDCE (Hold_fdce_C_D)         0.073    43.201    uCPUTop/uDataMemory/dmem_wr_data_sync_reg[4]
  -------------------------------------------------------------------
                         required time                        -43.201    
                         arrival time                          43.416    
  -------------------------------------------------------------------
                         slack                                  0.215    

Slack (MET) :             0.216ns  (arrival time - required time)
  Source:                 uDebugCtrl/dmem_dbg_addr_reg[6]/C
                            (rising edge-triggered cell FDCE clocked by sys_clk  {rise@0.000ns fall@5.000ns period=10.000ns})
  Destination:            uCPUTop/uDataMemory/dmem_dbg_addr_sync_reg[6]/D
                            (falling edge-triggered cell FDCE clocked by cpu_clk  {rise@0.000ns fall@40.000ns period=80.000ns})
  Path Group:             cpu_clk
  Path Type:              Hold (Min at Fast Process Corner)
  Requirement:            0.000ns  (cpu_clk fall@40.000ns - sys_clk rise@40.000ns)
  Data Path Delay:        1.961ns  (logic 0.141ns (7.189%)  route 1.820ns (92.811%))
  Logic Levels:           0  
  Clock Path Skew:        1.668ns (DCD - SCD - CPR)
    Destination Clock Delay (DCD):    3.368ns = ( 43.368 - 40.000 ) 
    Source Clock Delay      (SCD):    1.455ns = ( 41.455 - 40.000 ) 
    Clock Pessimism Removal (CPR):    0.245ns

    Location             Delay type                Incr(ns)  Path(ns)    Netlist Resource(s)
  -------------------------------------------------------------------    -------------------
                         (clock sys_clk rise edge)   40.000    40.000 r  
    P17                                               0.000    40.000 r  clk (IN)
                         net (fo=0)                   0.000    40.000    clk
    P17                  IBUF (Prop_ibuf_I_O)         0.246    40.246 r  clk_IBUF_inst/O
                         net (fo=1, routed)           0.634    40.880    clk_IBUF
    BUFGCTRL_X0Y1        BUFG (Prop_bufg_I_O)         0.026    40.906 r  clk_IBUF_BUFG_inst/O
                         net (fo=340, routed)         0.549    41.455    uDebugCtrl/clk_IBUF_BUFG
    SLICE_X39Y76         FDCE                                         r  uDebugCtrl/dmem_dbg_addr_reg[6]/C
  -------------------------------------------------------------------    -------------------
    SLICE_X39Y76         FDCE (Prop_fdce_C_Q)         0.141    41.596 r  uDebugCtrl/dmem_dbg_addr_reg[6]/Q
                         net (fo=1, routed)           1.820    43.416    uCPUTop/uDataMemory/dmem_dbg_addr_reg[31][4]
    SLICE_X39Y74         FDCE                                         r  uCPUTop/uDataMemory/dmem_dbg_addr_sync_reg[6]/D
  -------------------------------------------------------------------    -------------------

                         (clock cpu_clk fall edge)   40.000    40.000 r  
    P17                                               0.000    40.000 r  clk (IN)
                         net (fo=0)                   0.000    40.000    clk
    P17                  IBUF (Prop_ibuf_I_O)         0.434    40.434 r  clk_IBUF_inst/O
                         net (fo=1, routed)           0.689    41.123    clk_IBUF
    BUFGCTRL_X0Y1        BUFG (Prop_bufg_I_O)         0.029    41.152 r  clk_IBUF_BUFG_inst/O
                         net (fo=340, routed)         0.832    41.983    clk_IBUF_BUFG
    SLICE_X36Y46         FDCE (Prop_fdce_C_Q)         0.160    42.143 f  clk_div_reg[2]/Q
                         net (fo=2, routed)           0.314    42.458    clk_12_5mhz
    BUFGCTRL_X0Y0        BUFG (Prop_bufg_I_O)         0.097    42.555 f  BUFG_cpu_clk/O
                         net (fo=3762, routed)        0.813    43.368    uCPUTop/uDataMemory/clk
    SLICE_X39Y74         FDCE                                         r  uCPUTop/uDataMemory/dmem_dbg_addr_sync_reg[6]/C  (IS_INVERTED)
                         clock pessimism             -0.245    43.123    
    SLICE_X39Y74         FDCE (Hold_fdce_C_D)         0.077    43.200    uCPUTop/uDataMemory/dmem_dbg_addr_sync_reg[6]
  -------------------------------------------------------------------
                         required time                        -43.200    
                         arrival time                          43.416    
  -------------------------------------------------------------------
                         slack                                  0.216    





---------------------------------------------------------------------------------------------------
Path Group:  **async_default**
From Clock:  sys_clk
  To Clock:  cpu_clk

Setup :            0  Failing Endpoints,  Worst Slack        1.303ns,  Total Violation        0.000ns
Hold  :            0  Failing Endpoints,  Worst Slack        0.482ns,  Total Violation        0.000ns
---------------------------------------------------------------------------------------------------


Max Delay Paths
--------------------------------------------------------------------------------------
Slack (MET) :             1.303ns  (required time - arrival time)
  Source:                 uDebugCtrl/cpu_reset_reg/C
                            (rising edge-triggered cell FDCE clocked by sys_clk  {rise@0.000ns fall@5.000ns period=10.000ns})
  Destination:            uCPUTop/uDataMemory/dmem_wr_data_sync_reg[10]/CLR
                            (recovery check against rising-edge clock cpu_clk  {rise@0.000ns fall@40.000ns period=80.000ns})
  Path Group:             **async_default**
  Path Type:              Recovery (Max at Slow Process Corner)
  Requirement:            10.000ns  (cpu_clk fall@40.000ns - sys_clk rise@30.000ns)
  Data Path Delay:        10.808ns  (logic 0.580ns (5.366%)  route 10.228ns (94.634%))
  Logic Levels:           1  (LUT2=1)
  Clock Path Skew:        2.549ns (DCD - SCD + CPR)
    Destination Clock Delay (DCD):    7.458ns = ( 47.458 - 40.000 ) 
    Source Clock Delay      (SCD):    5.089ns = ( 35.089 - 30.000 ) 
    Clock Pessimism Removal (CPR):    0.179ns
  Clock Uncertainty:      0.035ns  ((TSJ^2 + TIJ^2)^1/2 + DJ) / 2 + PE
    Total System Jitter     (TSJ):    0.071ns
    Total Input Jitter      (TIJ):    0.000ns
    Discrete Jitter          (DJ):    0.000ns
    Phase Error              (PE):    0.000ns

    Location             Delay type                Incr(ns)  Path(ns)    Netlist Resource(s)
  -------------------------------------------------------------------    -------------------
                         (clock sys_clk rise edge)   30.000    30.000 r  
    P17                                               0.000    30.000 r  clk (IN)
                         net (fo=0)                   0.000    30.000    clk
    P17                  IBUF (Prop_ibuf_I_O)         1.478    31.478 r  clk_IBUF_inst/O
                         net (fo=1, routed)           1.972    33.450    clk_IBUF
    BUFGCTRL_X0Y1        BUFG (Prop_bufg_I_O)         0.096    33.546 r  clk_IBUF_BUFG_inst/O
                         net (fo=340, routed)         1.543    35.089    uDebugCtrl/clk_IBUF_BUFG
    SLICE_X28Y81         FDCE                                         r  uDebugCtrl/cpu_reset_reg/C
  -------------------------------------------------------------------    -------------------
    SLICE_X28Y81         FDCE (Prop_fdce_C_Q)         0.456    35.545 f  uDebugCtrl/cpu_reset_reg/Q
                         net (fo=27, routed)          3.727    39.271    uDebugCtrl/cpu_reset
    SLICE_X33Y106        LUT2 (Prop_lut2_I0_O)        0.124    39.395 f  uDebugCtrl/led_reg[15]_i_2/O
                         net (fo=127, routed)         6.502    45.897    uCPUTop/uDataMemory/cpu_reset_reg
    SLICE_X36Y70         FDCE                                         f  uCPUTop/uDataMemory/dmem_wr_data_sync_reg[10]/CLR
  -------------------------------------------------------------------    -------------------

                         (clock cpu_clk fall edge)   40.000    40.000 r  
    P17                                               0.000    40.000 r  clk (IN)
                         net (fo=0)                   0.000    40.000    clk
    P17                  IBUF (Prop_ibuf_I_O)         1.408    41.408 r  clk_IBUF_inst/O
                         net (fo=1, routed)           1.868    43.276    clk_IBUF
    BUFGCTRL_X0Y1        BUFG (Prop_bufg_I_O)         0.091    43.367 r  clk_IBUF_BUFG_inst/O
                         net (fo=340, routed)         1.445    44.812    clk_IBUF_BUFG
    SLICE_X36Y46         FDCE (Prop_fdce_C_Q)         0.337    45.149 f  clk_div_reg[2]/Q
                         net (fo=2, routed)           0.653    45.803    clk_12_5mhz
    BUFGCTRL_X0Y0        BUFG (Prop_bufg_I_O)         0.232    46.035 f  BUFG_cpu_clk/O
                         net (fo=3762, routed)        1.424    47.458    uCPUTop/uDataMemory/clk
    SLICE_X36Y70         FDCE                                         r  uCPUTop/uDataMemory/dmem_wr_data_sync_reg[10]/C  (IS_INVERTED)
                         clock pessimism              0.179    47.637    
                         clock uncertainty           -0.035    47.602    
    SLICE_X36Y70         FDCE (Recov_fdce_C_CLR)     -0.402    47.200    uCPUTop/uDataMemory/dmem_wr_data_sync_reg[10]
  -------------------------------------------------------------------
                         required time                         47.200    
                         arrival time                         -45.897    
  -------------------------------------------------------------------
                         slack                                  1.303    

Slack (MET) :             1.303ns  (required time - arrival time)
  Source:                 uDebugCtrl/cpu_reset_reg/C
                            (rising edge-triggered cell FDCE clocked by sys_clk  {rise@0.000ns fall@5.000ns period=10.000ns})
  Destination:            uCPUTop/uDataMemory/dmem_wr_data_sync_reg[11]/CLR
                            (recovery check against rising-edge clock cpu_clk  {rise@0.000ns fall@40.000ns period=80.000ns})
  Path Group:             **async_default**
  Path Type:              Recovery (Max at Slow Process Corner)
  Requirement:            10.000ns  (cpu_clk fall@40.000ns - sys_clk rise@30.000ns)
  Data Path Delay:        10.808ns  (logic 0.580ns (5.366%)  route 10.228ns (94.634%))
  Logic Levels:           1  (LUT2=1)
  Clock Path Skew:        2.549ns (DCD - SCD + CPR)
    Destination Clock Delay (DCD):    7.458ns = ( 47.458 - 40.000 ) 
    Source Clock Delay      (SCD):    5.089ns = ( 35.089 - 30.000 ) 
    Clock Pessimism Removal (CPR):    0.179ns
  Clock Uncertainty:      0.035ns  ((TSJ^2 + TIJ^2)^1/2 + DJ) / 2 + PE
    Total System Jitter     (TSJ):    0.071ns
    Total Input Jitter      (TIJ):    0.000ns
    Discrete Jitter          (DJ):    0.000ns
    Phase Error              (PE):    0.000ns

    Location             Delay type                Incr(ns)  Path(ns)    Netlist Resource(s)
  -------------------------------------------------------------------    -------------------
                         (clock sys_clk rise edge)   30.000    30.000 r  
    P17                                               0.000    30.000 r  clk (IN)
                         net (fo=0)                   0.000    30.000    clk
    P17                  IBUF (Prop_ibuf_I_O)         1.478    31.478 r  clk_IBUF_inst/O
                         net (fo=1, routed)           1.972    33.450    clk_IBUF
    BUFGCTRL_X0Y1        BUFG (Prop_bufg_I_O)         0.096    33.546 r  clk_IBUF_BUFG_inst/O
                         net (fo=340, routed)         1.543    35.089    uDebugCtrl/clk_IBUF_BUFG
    SLICE_X28Y81         FDCE                                         r  uDebugCtrl/cpu_reset_reg/C
  -------------------------------------------------------------------    -------------------
    SLICE_X28Y81         FDCE (Prop_fdce_C_Q)         0.456    35.545 f  uDebugCtrl/cpu_reset_reg/Q
                         net (fo=27, routed)          3.727    39.271    uDebugCtrl/cpu_reset
    SLICE_X33Y106        LUT2 (Prop_lut2_I0_O)        0.124    39.395 f  uDebugCtrl/led_reg[15]_i_2/O
                         net (fo=127, routed)         6.502    45.897    uCPUTop/uDataMemory/cpu_reset_reg
    SLICE_X36Y70         FDCE                                         f  uCPUTop/uDataMemory/dmem_wr_data_sync_reg[11]/CLR
  -------------------------------------------------------------------    -------------------

                         (clock cpu_clk fall edge)   40.000    40.000 r  
    P17                                               0.000    40.000 r  clk (IN)
                         net (fo=0)                   0.000    40.000    clk
    P17                  IBUF (Prop_ibuf_I_O)         1.408    41.408 r  clk_IBUF_inst/O
                         net (fo=1, routed)           1.868    43.276    clk_IBUF
    BUFGCTRL_X0Y1        BUFG (Prop_bufg_I_O)         0.091    43.367 r  clk_IBUF_BUFG_inst/O
                         net (fo=340, routed)         1.445    44.812    clk_IBUF_BUFG
    SLICE_X36Y46         FDCE (Prop_fdce_C_Q)         0.337    45.149 f  clk_div_reg[2]/Q
                         net (fo=2, routed)           0.653    45.803    clk_12_5mhz
    BUFGCTRL_X0Y0        BUFG (Prop_bufg_I_O)         0.232    46.035 f  BUFG_cpu_clk/O
                         net (fo=3762, routed)        1.424    47.458    uCPUTop/uDataMemory/clk
    SLICE_X36Y70         FDCE                                         r  uCPUTop/uDataMemory/dmem_wr_data_sync_reg[11]/C  (IS_INVERTED)
                         clock pessimism              0.179    47.637    
                         clock uncertainty           -0.035    47.602    
    SLICE_X36Y70         FDCE (Recov_fdce_C_CLR)     -0.402    47.200    uCPUTop/uDataMemory/dmem_wr_data_sync_reg[11]
  -------------------------------------------------------------------
                         required time                         47.200    
                         arrival time                         -45.897    
  -------------------------------------------------------------------
                         slack                                  1.303    

Slack (MET) :             1.440ns  (required time - arrival time)
  Source:                 uDebugCtrl/cpu_reset_reg/C
                            (rising edge-triggered cell FDCE clocked by sys_clk  {rise@0.000ns fall@5.000ns period=10.000ns})
  Destination:            uCPUPipe/uDataMemory/seg_data1_reg_reg[6]/CLR
                            (recovery check against rising-edge clock cpu_clk  {rise@0.000ns fall@40.000ns period=80.000ns})
  Path Group:             **async_default**
  Path Type:              Recovery (Max at Slow Process Corner)
  Requirement:            10.000ns  (cpu_clk rise@80.000ns - sys_clk rise@70.000ns)
  Data Path Delay:        10.678ns  (logic 0.580ns (5.432%)  route 10.098ns (94.568%))
  Logic Levels:           1  (LUT2=1)
  Clock Path Skew:        2.559ns (DCD - SCD + CPR)
    Destination Clock Delay (DCD):    7.468ns = ( 87.468 - 80.000 ) 
    Source Clock Delay      (SCD):    5.089ns = ( 75.089 - 70.000 ) 
    Clock Pessimism Removal (CPR):    0.179ns
  Clock Uncertainty:      0.035ns  ((TSJ^2 + TIJ^2)^1/2 + DJ) / 2 + PE
    Total System Jitter     (TSJ):    0.071ns
    Total Input Jitter      (TIJ):    0.000ns
    Discrete Jitter          (DJ):    0.000ns
    Phase Error              (PE):    0.000ns

    Location             Delay type                Incr(ns)  Path(ns)    Netlist Resource(s)
  -------------------------------------------------------------------    -------------------
                         (clock sys_clk rise edge)   70.000    70.000 r  
    P17                                               0.000    70.000 r  clk (IN)
                         net (fo=0)                   0.000    70.000    clk
    P17                  IBUF (Prop_ibuf_I_O)         1.478    71.478 r  clk_IBUF_inst/O
                         net (fo=1, routed)           1.972    73.450    clk_IBUF
    BUFGCTRL_X0Y1        BUFG (Prop_bufg_I_O)         0.096    73.546 r  clk_IBUF_BUFG_inst/O
                         net (fo=340, routed)         1.543    75.089    uDebugCtrl/clk_IBUF_BUFG
    SLICE_X28Y81         FDCE                                         r  uDebugCtrl/cpu_reset_reg/C
  -------------------------------------------------------------------    -------------------
    SLICE_X28Y81         FDCE (Prop_fdce_C_Q)         0.456    75.545 f  uDebugCtrl/cpu_reset_reg/Q
                         net (fo=27, routed)          3.727    79.271    uDebugCtrl/cpu_reset
    SLICE_X33Y106        LUT2 (Prop_lut2_I0_O)        0.124    79.395 f  uDebugCtrl/led_reg[15]_i_2/O
                         net (fo=127, routed)         6.372    85.767    uCPUPipe/uDataMemory/cpu_reset_reg
    SLICE_X48Y66         FDCE                                         f  uCPUPipe/uDataMemory/seg_data1_reg_reg[6]/CLR
  -------------------------------------------------------------------    -------------------

                         (clock cpu_clk rise edge)   80.000    80.000 r  
    P17                                               0.000    80.000 r  clk (IN)
                         net (fo=0)                   0.000    80.000    clk
    P17                  IBUF (Prop_ibuf_I_O)         1.408    81.408 r  clk_IBUF_inst/O
                         net (fo=1, routed)           1.868    83.276    clk_IBUF
    BUFGCTRL_X0Y1        BUFG (Prop_bufg_I_O)         0.091    83.367 r  clk_IBUF_BUFG_inst/O
                         net (fo=340, routed)         1.445    84.812    clk_IBUF_BUFG
    SLICE_X36Y46         FDCE (Prop_fdce_C_Q)         0.337    85.149 r  clk_div_reg[2]/Q
                         net (fo=2, routed)           0.653    85.803    clk_12_5mhz
    BUFGCTRL_X0Y0        BUFG (Prop_bufg_I_O)         0.232    86.035 r  BUFG_cpu_clk/O
                         net (fo=3762, routed)        1.434    87.468    uCPUPipe/uDataMemory/clk
    SLICE_X48Y66         FDCE                                         r  uCPUPipe/uDataMemory/seg_data1_reg_reg[6]/C
                         clock pessimism              0.179    87.647    
                         clock uncertainty           -0.035    87.612    
    SLICE_X48Y66         FDCE (Recov_fdce_C_CLR)     -0.405    87.207    uCPUPipe/uDataMemory/seg_data1_reg_reg[6]
  -------------------------------------------------------------------
                         required time                         87.207    
                         arrival time                         -85.767    
  -------------------------------------------------------------------
                         slack                                  1.440    

Slack (MET) :             1.488ns  (required time - arrival time)
  Source:                 uDebugCtrl/cpu_reset_reg/C
                            (rising edge-triggered cell FDCE clocked by sys_clk  {rise@0.000ns fall@5.000ns period=10.000ns})
  Destination:            uCPUTop/uDataMemory/seg_data1_reg_reg[6]/CLR
                            (recovery check against rising-edge clock cpu_clk  {rise@0.000ns fall@40.000ns period=80.000ns})
  Path Group:             **async_default**
  Path Type:              Recovery (Max at Slow Process Corner)
  Requirement:            10.000ns  (cpu_clk rise@80.000ns - sys_clk rise@70.000ns)
  Data Path Delay:        10.629ns  (logic 0.580ns (5.457%)  route 10.049ns (94.543%))
  Logic Levels:           1  (LUT2=1)
  Clock Path Skew:        2.558ns (DCD - SCD + CPR)
    Destination Clock Delay (DCD):    7.467ns = ( 87.467 - 80.000 ) 
    Source Clock Delay      (SCD):    5.089ns = ( 75.089 - 70.000 ) 
    Clock Pessimism Removal (CPR):    0.179ns
  Clock Uncertainty:      0.035ns  ((TSJ^2 + TIJ^2)^1/2 + DJ) / 2 + PE
    Total System Jitter     (TSJ):    0.071ns
    Total Input Jitter      (TIJ):    0.000ns
    Discrete Jitter          (DJ):    0.000ns
    Phase Error              (PE):    0.000ns

    Location             Delay type                Incr(ns)  Path(ns)    Netlist Resource(s)
  -------------------------------------------------------------------    -------------------
                         (clock sys_clk rise edge)   70.000    70.000 r  
    P17                                               0.000    70.000 r  clk (IN)
                         net (fo=0)                   0.000    70.000    clk
    P17                  IBUF (Prop_ibuf_I_O)         1.478    71.478 r  clk_IBUF_inst/O
                         net (fo=1, routed)           1.972    73.450    clk_IBUF
    BUFGCTRL_X0Y1        BUFG (Prop_bufg_I_O)         0.096    73.546 r  clk_IBUF_BUFG_inst/O
                         net (fo=340, routed)         1.543    75.089    uDebugCtrl/clk_IBUF_BUFG
    SLICE_X28Y81         FDCE                                         r  uDebugCtrl/cpu_reset_reg/C
  -------------------------------------------------------------------    -------------------
    SLICE_X28Y81         FDCE (Prop_fdce_C_Q)         0.456    75.545 f  uDebugCtrl/cpu_reset_reg/Q
                         net (fo=27, routed)          3.727    79.271    uDebugCtrl/cpu_reset
    SLICE_X33Y106        LUT2 (Prop_lut2_I0_O)        0.124    79.395 f  uDebugCtrl/led_reg[15]_i_2/O
                         net (fo=127, routed)         6.323    85.718    uCPUTop/uDataMemory/cpu_reset_reg
    SLICE_X48Y67         FDCE                                         f  uCPUTop/uDataMemory/seg_data1_reg_reg[6]/CLR
  -------------------------------------------------------------------    -------------------

                         (clock cpu_clk rise edge)   80.000    80.000 r  
    P17                                               0.000    80.000 r  clk (IN)
                         net (fo=0)                   0.000    80.000    clk
    P17                  IBUF (Prop_ibuf_I_O)         1.408    81.408 r  clk_IBUF_inst/O
                         net (fo=1, routed)           1.868    83.276    clk_IBUF
    BUFGCTRL_X0Y1        BUFG (Prop_bufg_I_O)         0.091    83.367 r  clk_IBUF_BUFG_inst/O
                         net (fo=340, routed)         1.445    84.812    clk_IBUF_BUFG
    SLICE_X36Y46         FDCE (Prop_fdce_C_Q)         0.337    85.149 r  clk_div_reg[2]/Q
                         net (fo=2, routed)           0.653    85.803    clk_12_5mhz
    BUFGCTRL_X0Y0        BUFG (Prop_bufg_I_O)         0.232    86.035 r  BUFG_cpu_clk/O
                         net (fo=3762, routed)        1.433    87.467    uCPUTop/uDataMemory/clk
    SLICE_X48Y67         FDCE                                         r  uCPUTop/uDataMemory/seg_data1_reg_reg[6]/C
                         clock pessimism              0.179    87.646    
                         clock uncertainty           -0.035    87.611    
    SLICE_X48Y67         FDCE (Recov_fdce_C_CLR)     -0.405    87.206    uCPUTop/uDataMemory/seg_data1_reg_reg[6]
  -------------------------------------------------------------------
                         required time                         87.206    
                         arrival time                         -85.718    
  -------------------------------------------------------------------
                         slack                                  1.488    

Slack (MET) :             1.488ns  (required time - arrival time)
  Source:                 uDebugCtrl/cpu_reset_reg/C
                            (rising edge-triggered cell FDCE clocked by sys_clk  {rise@0.000ns fall@5.000ns period=10.000ns})
  Destination:            uCPUTop/uDataMemory/seg_data1_reg_reg[7]/CLR
                            (recovery check against rising-edge clock cpu_clk  {rise@0.000ns fall@40.000ns period=80.000ns})
  Path Group:             **async_default**
  Path Type:              Recovery (Max at Slow Process Corner)
  Requirement:            10.000ns  (cpu_clk rise@80.000ns - sys_clk rise@70.000ns)
  Data Path Delay:        10.629ns  (logic 0.580ns (5.457%)  route 10.049ns (94.543%))
  Logic Levels:           1  (LUT2=1)
  Clock Path Skew:        2.558ns (DCD - SCD + CPR)
    Destination Clock Delay (DCD):    7.467ns = ( 87.467 - 80.000 ) 
    Source Clock Delay      (SCD):    5.089ns = ( 75.089 - 70.000 ) 
    Clock Pessimism Removal (CPR):    0.179ns
  Clock Uncertainty:      0.035ns  ((TSJ^2 + TIJ^2)^1/2 + DJ) / 2 + PE
    Total System Jitter     (TSJ):    0.071ns
    Total Input Jitter      (TIJ):    0.000ns
    Discrete Jitter          (DJ):    0.000ns
    Phase Error              (PE):    0.000ns

    Location             Delay type                Incr(ns)  Path(ns)    Netlist Resource(s)
  -------------------------------------------------------------------    -------------------
                         (clock sys_clk rise edge)   70.000    70.000 r  
    P17                                               0.000    70.000 r  clk (IN)
                         net (fo=0)                   0.000    70.000    clk
    P17                  IBUF (Prop_ibuf_I_O)         1.478    71.478 r  clk_IBUF_inst/O
                         net (fo=1, routed)           1.972    73.450    clk_IBUF
    BUFGCTRL_X0Y1        BUFG (Prop_bufg_I_O)         0.096    73.546 r  clk_IBUF_BUFG_inst/O
                         net (fo=340, routed)         1.543    75.089    uDebugCtrl/clk_IBUF_BUFG
    SLICE_X28Y81         FDCE                                         r  uDebugCtrl/cpu_reset_reg/C
  -------------------------------------------------------------------    -------------------
    SLICE_X28Y81         FDCE (Prop_fdce_C_Q)         0.456    75.545 f  uDebugCtrl/cpu_reset_reg/Q
                         net (fo=27, routed)          3.727    79.271    uDebugCtrl/cpu_reset
    SLICE_X33Y106        LUT2 (Prop_lut2_I0_O)        0.124    79.395 f  uDebugCtrl/led_reg[15]_i_2/O
                         net (fo=127, routed)         6.323    85.718    uCPUTop/uDataMemory/cpu_reset_reg
    SLICE_X48Y67         FDCE                                         f  uCPUTop/uDataMemory/seg_data1_reg_reg[7]/CLR
  -------------------------------------------------------------------    -------------------

                         (clock cpu_clk rise edge)   80.000    80.000 r  
    P17                                               0.000    80.000 r  clk (IN)
                         net (fo=0)                   0.000    80.000    clk
    P17                  IBUF (Prop_ibuf_I_O)         1.408    81.408 r  clk_IBUF_inst/O
                         net (fo=1, routed)           1.868    83.276    clk_IBUF
    BUFGCTRL_X0Y1        BUFG (Prop_bufg_I_O)         0.091    83.367 r  clk_IBUF_BUFG_inst/O
                         net (fo=340, routed)         1.445    84.812    clk_IBUF_BUFG
    SLICE_X36Y46         FDCE (Prop_fdce_C_Q)         0.337    85.149 r  clk_div_reg[2]/Q
                         net (fo=2, routed)           0.653    85.803    clk_12_5mhz
    BUFGCTRL_X0Y0        BUFG (Prop_bufg_I_O)         0.232    86.035 r  BUFG_cpu_clk/O
                         net (fo=3762, routed)        1.433    87.467    uCPUTop/uDataMemory/clk
    SLICE_X48Y67         FDCE                                         r  uCPUTop/uDataMemory/seg_data1_reg_reg[7]/C
                         clock pessimism              0.179    87.646    
                         clock uncertainty           -0.035    87.611    
    SLICE_X48Y67         FDCE (Recov_fdce_C_CLR)     -0.405    87.206    uCPUTop/uDataMemory/seg_data1_reg_reg[7]
  -------------------------------------------------------------------
                         required time                         87.206    
                         arrival time                         -85.718    
  -------------------------------------------------------------------
                         slack                                  1.488    

Slack (MET) :             1.549ns  (required time - arrival time)
  Source:                 uDebugCtrl/cpu_reset_reg/C
                            (rising edge-triggered cell FDCE clocked by sys_clk  {rise@0.000ns fall@5.000ns period=10.000ns})
  Destination:            uCPUTop/uRegFile/regFile_reg[17][11]/CLR
                            (recovery check against rising-edge clock cpu_clk  {rise@0.000ns fall@40.000ns period=80.000ns})
  Path Group:             **async_default**
  Path Type:              Recovery (Max at Slow Process Corner)
  Requirement:            10.000ns  (cpu_clk rise@80.000ns - sys_clk rise@70.000ns)
  Data Path Delay:        10.577ns  (logic 0.580ns (5.484%)  route 9.997ns (94.516%))
  Logic Levels:           1  (LUT2=1)
  Clock Path Skew:        2.567ns (DCD - SCD + CPR)
    Destination Clock Delay (DCD):    7.476ns = ( 87.476 - 80.000 ) 
    Source Clock Delay      (SCD):    5.089ns = ( 75.089 - 70.000 ) 
    Clock Pessimism Removal (CPR):    0.179ns
  Clock Uncertainty:      0.035ns  ((TSJ^2 + TIJ^2)^1/2 + DJ) / 2 + PE
    Total System Jitter     (TSJ):    0.071ns
    Total Input Jitter      (TIJ):    0.000ns
    Discrete Jitter          (DJ):    0.000ns
    Phase Error              (PE):    0.000ns

    Location             Delay type                Incr(ns)  Path(ns)    Netlist Resource(s)
  -------------------------------------------------------------------    -------------------
                         (clock sys_clk rise edge)   70.000    70.000 r  
    P17                                               0.000    70.000 r  clk (IN)
                         net (fo=0)                   0.000    70.000    clk
    P17                  IBUF (Prop_ibuf_I_O)         1.478    71.478 r  clk_IBUF_inst/O
                         net (fo=1, routed)           1.972    73.450    clk_IBUF
    BUFGCTRL_X0Y1        BUFG (Prop_bufg_I_O)         0.096    73.546 r  clk_IBUF_BUFG_inst/O
                         net (fo=340, routed)         1.543    75.089    uDebugCtrl/clk_IBUF_BUFG
    SLICE_X28Y81         FDCE                                         r  uDebugCtrl/cpu_reset_reg/C
  -------------------------------------------------------------------    -------------------
    SLICE_X28Y81         FDCE (Prop_fdce_C_Q)         0.456    75.545 f  uDebugCtrl/cpu_reset_reg/Q
                         net (fo=27, routed)          4.004    79.549    uDebugCtrl/cpu_reset
    SLICE_X15Y97         LUT2 (Prop_lut2_I0_O)        0.124    79.673 f  uDebugCtrl/regFile[1][11]_i_2/O
                         net (fo=127, routed)         5.993    85.666    uCPUTop/uRegFile/cpu_reset_reg_4
    SLICE_X55Y96         FDCE                                         f  uCPUTop/uRegFile/regFile_reg[17][11]/CLR
  -------------------------------------------------------------------    -------------------

                         (clock cpu_clk rise edge)   80.000    80.000 r  
    P17                                               0.000    80.000 r  clk (IN)
                         net (fo=0)                   0.000    80.000    clk
    P17                  IBUF (Prop_ibuf_I_O)         1.408    81.408 r  clk_IBUF_inst/O
                         net (fo=1, routed)           1.868    83.276    clk_IBUF
    BUFGCTRL_X0Y1        BUFG (Prop_bufg_I_O)         0.091    83.367 r  clk_IBUF_BUFG_inst/O
                         net (fo=340, routed)         1.445    84.812    clk_IBUF_BUFG
    SLICE_X36Y46         FDCE (Prop_fdce_C_Q)         0.337    85.149 r  clk_div_reg[2]/Q
                         net (fo=2, routed)           0.653    85.803    clk_12_5mhz
    BUFGCTRL_X0Y0        BUFG (Prop_bufg_I_O)         0.232    86.035 r  BUFG_cpu_clk/O
                         net (fo=3762, routed)        1.442    87.476    uCPUTop/uRegFile/clk
    SLICE_X55Y96         FDCE                                         r  uCPUTop/uRegFile/regFile_reg[17][11]/C
                         clock pessimism              0.179    87.655    
                         clock uncertainty           -0.035    87.620    
    SLICE_X55Y96         FDCE (Recov_fdce_C_CLR)     -0.405    87.215    uCPUTop/uRegFile/regFile_reg[17][11]
  -------------------------------------------------------------------
                         required time                         87.215    
                         arrival time                         -85.666    
  -------------------------------------------------------------------
                         slack                                  1.549    

Slack (MET) :             1.576ns  (required time - arrival time)
  Source:                 uDebugCtrl/cpu_reset_reg/C
                            (rising edge-triggered cell FDCE clocked by sys_clk  {rise@0.000ns fall@5.000ns period=10.000ns})
  Destination:            uCPUTop/uDataMemory/seg_cs_reg_reg[4]/CLR
                            (recovery check against rising-edge clock cpu_clk  {rise@0.000ns fall@40.000ns period=80.000ns})
  Path Group:             **async_default**
  Path Type:              Recovery (Max at Slow Process Corner)
  Requirement:            10.000ns  (cpu_clk rise@80.000ns - sys_clk rise@70.000ns)
  Data Path Delay:        10.535ns  (logic 0.580ns (5.505%)  route 9.955ns (94.495%))
  Logic Levels:           1  (LUT2=1)
  Clock Path Skew:        2.552ns (DCD - SCD + CPR)
    Destination Clock Delay (DCD):    7.461ns = ( 87.461 - 80.000 ) 
    Source Clock Delay      (SCD):    5.089ns = ( 75.089 - 70.000 ) 
    Clock Pessimism Removal (CPR):    0.179ns
  Clock Uncertainty:      0.035ns  ((TSJ^2 + TIJ^2)^1/2 + DJ) / 2 + PE
    Total System Jitter     (TSJ):    0.071ns
    Total Input Jitter      (TIJ):    0.000ns
    Discrete Jitter          (DJ):    0.000ns
    Phase Error              (PE):    0.000ns

    Location             Delay type                Incr(ns)  Path(ns)    Netlist Resource(s)
  -------------------------------------------------------------------    -------------------
                         (clock sys_clk rise edge)   70.000    70.000 r  
    P17                                               0.000    70.000 r  clk (IN)
                         net (fo=0)                   0.000    70.000    clk
    P17                  IBUF (Prop_ibuf_I_O)         1.478    71.478 r  clk_IBUF_inst/O
                         net (fo=1, routed)           1.972    73.450    clk_IBUF
    BUFGCTRL_X0Y1        BUFG (Prop_bufg_I_O)         0.096    73.546 r  clk_IBUF_BUFG_inst/O
                         net (fo=340, routed)         1.543    75.089    uDebugCtrl/clk_IBUF_BUFG
    SLICE_X28Y81         FDCE                                         r  uDebugCtrl/cpu_reset_reg/C
  -------------------------------------------------------------------    -------------------
    SLICE_X28Y81         FDCE (Prop_fdce_C_Q)         0.456    75.545 f  uDebugCtrl/cpu_reset_reg/Q
                         net (fo=27, routed)          3.727    79.271    uDebugCtrl/cpu_reset
    SLICE_X33Y106        LUT2 (Prop_lut2_I0_O)        0.124    79.395 f  uDebugCtrl/led_reg[15]_i_2/O
                         net (fo=127, routed)         6.229    85.624    uCPUTop/uDataMemory/cpu_reset_reg
    SLICE_X47Y69         FDCE                                         f  uCPUTop/uDataMemory/seg_cs_reg_reg[4]/CLR
  -------------------------------------------------------------------    -------------------

                         (clock cpu_clk rise edge)   80.000    80.000 r  
    P17                                               0.000    80.000 r  clk (IN)
                         net (fo=0)                   0.000    80.000    clk
    P17                  IBUF (Prop_ibuf_I_O)         1.408    81.408 r  clk_IBUF_inst/O
                         net (fo=1, routed)           1.868    83.276    clk_IBUF
    BUFGCTRL_X0Y1        BUFG (Prop_bufg_I_O)         0.091    83.367 r  clk_IBUF_BUFG_inst/O
                         net (fo=340, routed)         1.445    84.812    clk_IBUF_BUFG
    SLICE_X36Y46         FDCE (Prop_fdce_C_Q)         0.337    85.149 r  clk_div_reg[2]/Q
                         net (fo=2, routed)           0.653    85.803    clk_12_5mhz
    BUFGCTRL_X0Y0        BUFG (Prop_bufg_I_O)         0.232    86.035 r  BUFG_cpu_clk/O
                         net (fo=3762, routed)        1.427    87.461    uCPUTop/uDataMemory/clk
    SLICE_X47Y69         FDCE                                         r  uCPUTop/uDataMemory/seg_cs_reg_reg[4]/C
                         clock pessimism              0.179    87.640    
                         clock uncertainty           -0.035    87.605    
    SLICE_X47Y69         FDCE (Recov_fdce_C_CLR)     -0.405    87.200    uCPUTop/uDataMemory/seg_cs_reg_reg[4]
  -------------------------------------------------------------------
                         required time                         87.200    
                         arrival time                         -85.624    
  -------------------------------------------------------------------
                         slack                                  1.576    

Slack (MET) :             1.576ns  (required time - arrival time)
  Source:                 uDebugCtrl/cpu_reset_reg/C
                            (rising edge-triggered cell FDCE clocked by sys_clk  {rise@0.000ns fall@5.000ns period=10.000ns})
  Destination:            uCPUTop/uDataMemory/seg_cs_reg_reg[5]/CLR
                            (recovery check against rising-edge clock cpu_clk  {rise@0.000ns fall@40.000ns period=80.000ns})
  Path Group:             **async_default**
  Path Type:              Recovery (Max at Slow Process Corner)
  Requirement:            10.000ns  (cpu_clk rise@80.000ns - sys_clk rise@70.000ns)
  Data Path Delay:        10.535ns  (logic 0.580ns (5.505%)  route 9.955ns (94.495%))
  Logic Levels:           1  (LUT2=1)
  Clock Path Skew:        2.552ns (DCD - SCD + CPR)
    Destination Clock Delay (DCD):    7.461ns = ( 87.461 - 80.000 ) 
    Source Clock Delay      (SCD):    5.089ns = ( 75.089 - 70.000 ) 
    Clock Pessimism Removal (CPR):    0.179ns
  Clock Uncertainty:      0.035ns  ((TSJ^2 + TIJ^2)^1/2 + DJ) / 2 + PE
    Total System Jitter     (TSJ):    0.071ns
    Total Input Jitter      (TIJ):    0.000ns
    Discrete Jitter          (DJ):    0.000ns
    Phase Error              (PE):    0.000ns

    Location             Delay type                Incr(ns)  Path(ns)    Netlist Resource(s)
  -------------------------------------------------------------------    -------------------
                         (clock sys_clk rise edge)   70.000    70.000 r  
    P17                                               0.000    70.000 r  clk (IN)
                         net (fo=0)                   0.000    70.000    clk
    P17                  IBUF (Prop_ibuf_I_O)         1.478    71.478 r  clk_IBUF_inst/O
                         net (fo=1, routed)           1.972    73.450    clk_IBUF
    BUFGCTRL_X0Y1        BUFG (Prop_bufg_I_O)         0.096    73.546 r  clk_IBUF_BUFG_inst/O
                         net (fo=340, routed)         1.543    75.089    uDebugCtrl/clk_IBUF_BUFG
    SLICE_X28Y81         FDCE                                         r  uDebugCtrl/cpu_reset_reg/C
  -------------------------------------------------------------------    -------------------
    SLICE_X28Y81         FDCE (Prop_fdce_C_Q)         0.456    75.545 f  uDebugCtrl/cpu_reset_reg/Q
                         net (fo=27, routed)          3.727    79.271    uDebugCtrl/cpu_reset
    SLICE_X33Y106        LUT2 (Prop_lut2_I0_O)        0.124    79.395 f  uDebugCtrl/led_reg[15]_i_2/O
                         net (fo=127, routed)         6.229    85.624    uCPUTop/uDataMemory/cpu_reset_reg
    SLICE_X47Y69         FDCE                                         f  uCPUTop/uDataMemory/seg_cs_reg_reg[5]/CLR
  -------------------------------------------------------------------    -------------------

                         (clock cpu_clk rise edge)   80.000    80.000 r  
    P17                                               0.000    80.000 r  clk (IN)
                         net (fo=0)                   0.000    80.000    clk
    P17                  IBUF (Prop_ibuf_I_O)         1.408    81.408 r  clk_IBUF_inst/O
                         net (fo=1, routed)           1.868    83.276    clk_IBUF
    BUFGCTRL_X0Y1        BUFG (Prop_bufg_I_O)         0.091    83.367 r  clk_IBUF_BUFG_inst/O
                         net (fo=340, routed)         1.445    84.812    clk_IBUF_BUFG
    SLICE_X36Y46         FDCE (Prop_fdce_C_Q)         0.337    85.149 r  clk_div_reg[2]/Q
                         net (fo=2, routed)           0.653    85.803    clk_12_5mhz
    BUFGCTRL_X0Y0        BUFG (Prop_bufg_I_O)         0.232    86.035 r  BUFG_cpu_clk/O
                         net (fo=3762, routed)        1.427    87.461    uCPUTop/uDataMemory/clk
    SLICE_X47Y69         FDCE                                         r  uCPUTop/uDataMemory/seg_cs_reg_reg[5]/C
                         clock pessimism              0.179    87.640    
                         clock uncertainty           -0.035    87.605    
    SLICE_X47Y69         FDCE (Recov_fdce_C_CLR)     -0.405    87.200    uCPUTop/uDataMemory/seg_cs_reg_reg[5]
  -------------------------------------------------------------------
                         required time                         87.200    
                         arrival time                         -85.624    
  -------------------------------------------------------------------
                         slack                                  1.576    

Slack (MET) :             1.576ns  (required time - arrival time)
  Source:                 uDebugCtrl/cpu_reset_reg/C
                            (rising edge-triggered cell FDCE clocked by sys_clk  {rise@0.000ns fall@5.000ns period=10.000ns})
  Destination:            uCPUTop/uDataMemory/seg_cs_reg_reg[6]/CLR
                            (recovery check against rising-edge clock cpu_clk  {rise@0.000ns fall@40.000ns period=80.000ns})
  Path Group:             **async_default**
  Path Type:              Recovery (Max at Slow Process Corner)
  Requirement:            10.000ns  (cpu_clk rise@80.000ns - sys_clk rise@70.000ns)
  Data Path Delay:        10.535ns  (logic 0.580ns (5.505%)  route 9.955ns (94.495%))
  Logic Levels:           1  (LUT2=1)
  Clock Path Skew:        2.552ns (DCD - SCD + CPR)
    Destination Clock Delay (DCD):    7.461ns = ( 87.461 - 80.000 ) 
    Source Clock Delay      (SCD):    5.089ns = ( 75.089 - 70.000 ) 
    Clock Pessimism Removal (CPR):    0.179ns
  Clock Uncertainty:      0.035ns  ((TSJ^2 + TIJ^2)^1/2 + DJ) / 2 + PE
    Total System Jitter     (TSJ):    0.071ns
    Total Input Jitter      (TIJ):    0.000ns
    Discrete Jitter          (DJ):    0.000ns
    Phase Error              (PE):    0.000ns

    Location             Delay type                Incr(ns)  Path(ns)    Netlist Resource(s)
  -------------------------------------------------------------------    -------------------
                         (clock sys_clk rise edge)   70.000    70.000 r  
    P17                                               0.000    70.000 r  clk (IN)
                         net (fo=0)                   0.000    70.000    clk
    P17                  IBUF (Prop_ibuf_I_O)         1.478    71.478 r  clk_IBUF_inst/O
                         net (fo=1, routed)           1.972    73.450    clk_IBUF
    BUFGCTRL_X0Y1        BUFG (Prop_bufg_I_O)         0.096    73.546 r  clk_IBUF_BUFG_inst/O
                         net (fo=340, routed)         1.543    75.089    uDebugCtrl/clk_IBUF_BUFG
    SLICE_X28Y81         FDCE                                         r  uDebugCtrl/cpu_reset_reg/C
  -------------------------------------------------------------------    -------------------
    SLICE_X28Y81         FDCE (Prop_fdce_C_Q)         0.456    75.545 f  uDebugCtrl/cpu_reset_reg/Q
                         net (fo=27, routed)          3.727    79.271    uDebugCtrl/cpu_reset
    SLICE_X33Y106        LUT2 (Prop_lut2_I0_O)        0.124    79.395 f  uDebugCtrl/led_reg[15]_i_2/O
                         net (fo=127, routed)         6.229    85.624    uCPUTop/uDataMemory/cpu_reset_reg
    SLICE_X47Y69         FDCE                                         f  uCPUTop/uDataMemory/seg_cs_reg_reg[6]/CLR
  -------------------------------------------------------------------    -------------------

                         (clock cpu_clk rise edge)   80.000    80.000 r  
    P17                                               0.000    80.000 r  clk (IN)
                         net (fo=0)                   0.000    80.000    clk
    P17                  IBUF (Prop_ibuf_I_O)         1.408    81.408 r  clk_IBUF_inst/O
                         net (fo=1, routed)           1.868    83.276    clk_IBUF
    BUFGCTRL_X0Y1        BUFG (Prop_bufg_I_O)         0.091    83.367 r  clk_IBUF_BUFG_inst/O
                         net (fo=340, routed)         1.445    84.812    clk_IBUF_BUFG
    SLICE_X36Y46         FDCE (Prop_fdce_C_Q)         0.337    85.149 r  clk_div_reg[2]/Q
                         net (fo=2, routed)           0.653    85.803    clk_12_5mhz
    BUFGCTRL_X0Y0        BUFG (Prop_bufg_I_O)         0.232    86.035 r  BUFG_cpu_clk/O
                         net (fo=3762, routed)        1.427    87.461    uCPUTop/uDataMemory/clk
    SLICE_X47Y69         FDCE                                         r  uCPUTop/uDataMemory/seg_cs_reg_reg[6]/C
                         clock pessimism              0.179    87.640    
                         clock uncertainty           -0.035    87.605    
    SLICE_X47Y69         FDCE (Recov_fdce_C_CLR)     -0.405    87.200    uCPUTop/uDataMemory/seg_cs_reg_reg[6]
  -------------------------------------------------------------------
                         required time                         87.200    
                         arrival time                         -85.624    
  -------------------------------------------------------------------
                         slack                                  1.576    

Slack (MET) :             1.598ns  (required time - arrival time)
  Source:                 uDebugCtrl/cpu_reset_reg/C
                            (rising edge-triggered cell FDCE clocked by sys_clk  {rise@0.000ns fall@5.000ns period=10.000ns})
  Destination:            uCPUPipe/uDataMemory/led_reg_reg[8]/CLR
                            (recovery check against rising-edge clock cpu_clk  {rise@0.000ns fall@40.000ns period=80.000ns})
  Path Group:             **async_default**
  Path Type:              Recovery (Max at Slow Process Corner)
  Requirement:            10.000ns  (cpu_clk rise@80.000ns - sys_clk rise@70.000ns)
  Data Path Delay:        10.509ns  (logic 0.580ns (5.519%)  route 9.929ns (94.481%))
  Logic Levels:           1  (LUT2=1)
  Clock Path Skew:        2.548ns (DCD - SCD + CPR)
    Destination Clock Delay (DCD):    7.457ns = ( 87.457 - 80.000 ) 
    Source Clock Delay      (SCD):    5.089ns = ( 75.089 - 70.000 ) 
    Clock Pessimism Removal (CPR):    0.179ns
  Clock Uncertainty:      0.035ns  ((TSJ^2 + TIJ^2)^1/2 + DJ) / 2 + PE
    Total System Jitter     (TSJ):    0.071ns
    Total Input Jitter      (TIJ):    0.000ns
    Discrete Jitter          (DJ):    0.000ns
    Phase Error              (PE):    0.000ns

    Location             Delay type                Incr(ns)  Path(ns)    Netlist Resource(s)
  -------------------------------------------------------------------    -------------------
                         (clock sys_clk rise edge)   70.000    70.000 r  
    P17                                               0.000    70.000 r  clk (IN)
                         net (fo=0)                   0.000    70.000    clk
    P17                  IBUF (Prop_ibuf_I_O)         1.478    71.478 r  clk_IBUF_inst/O
                         net (fo=1, routed)           1.972    73.450    clk_IBUF
    BUFGCTRL_X0Y1        BUFG (Prop_bufg_I_O)         0.096    73.546 r  clk_IBUF_BUFG_inst/O
                         net (fo=340, routed)         1.543    75.089    uDebugCtrl/clk_IBUF_BUFG
    SLICE_X28Y81         FDCE                                         r  uDebugCtrl/cpu_reset_reg/C
  -------------------------------------------------------------------    -------------------
    SLICE_X28Y81         FDCE (Prop_fdce_C_Q)         0.456    75.545 f  uDebugCtrl/cpu_reset_reg/Q
                         net (fo=27, routed)          3.727    79.271    uDebugCtrl/cpu_reset
    SLICE_X33Y106        LUT2 (Prop_lut2_I0_O)        0.124    79.395 f  uDebugCtrl/led_reg[15]_i_2/O
                         net (fo=127, routed)         6.203    85.598    uCPUPipe/uDataMemory/cpu_reset_reg
    SLICE_X40Y72         FDCE                                         f  uCPUPipe/uDataMemory/led_reg_reg[8]/CLR
  -------------------------------------------------------------------    -------------------

                         (clock cpu_clk rise edge)   80.000    80.000 r  
    P17                                               0.000    80.000 r  clk (IN)
                         net (fo=0)                   0.000    80.000    clk
    P17                  IBUF (Prop_ibuf_I_O)         1.408    81.408 r  clk_IBUF_inst/O
                         net (fo=1, routed)           1.868    83.276    clk_IBUF
    BUFGCTRL_X0Y1        BUFG (Prop_bufg_I_O)         0.091    83.367 r  clk_IBUF_BUFG_inst/O
                         net (fo=340, routed)         1.445    84.812    clk_IBUF_BUFG
    SLICE_X36Y46         FDCE (Prop_fdce_C_Q)         0.337    85.149 r  clk_div_reg[2]/Q
                         net (fo=2, routed)           0.653    85.803    clk_12_5mhz
    BUFGCTRL_X0Y0        BUFG (Prop_bufg_I_O)         0.232    86.035 r  BUFG_cpu_clk/O
                         net (fo=3762, routed)        1.423    87.457    uCPUPipe/uDataMemory/clk
    SLICE_X40Y72         FDCE                                         r  uCPUPipe/uDataMemory/led_reg_reg[8]/C
                         clock pessimism              0.179    87.636    
                         clock uncertainty           -0.035    87.601    
    SLICE_X40Y72         FDCE (Recov_fdce_C_CLR)     -0.405    87.196    uCPUPipe/uDataMemory/led_reg_reg[8]
  -------------------------------------------------------------------
                         required time                         87.196    
                         arrival time                         -85.598    
  -------------------------------------------------------------------
                         slack                                  1.598    





Min Delay Paths
--------------------------------------------------------------------------------------
Slack (MET) :             0.482ns  (arrival time - required time)
  Source:                 uDebugCtrl/cpu_reset_reg/C
                            (rising edge-triggered cell FDCE clocked by sys_clk  {rise@0.000ns fall@5.000ns period=10.000ns})
  Destination:            uCPUTop/uRegFile/regFile_reg[30][6]/CLR
                            (removal check against rising-edge clock cpu_clk  {rise@0.000ns fall@40.000ns period=80.000ns})
  Path Group:             **async_default**
  Path Type:              Removal (Min at Fast Process Corner)
  Requirement:            0.000ns  (cpu_clk rise@0.000ns - sys_clk rise@0.000ns)
  Data Path Delay:        2.059ns  (logic 0.186ns (9.034%)  route 1.873ns (90.966%))
  Logic Levels:           1  (LUT2=1)
  Clock Path Skew:        1.669ns (DCD - SCD - CPR)
    Destination Clock Delay (DCD):    3.374ns
    Source Clock Delay      (SCD):    1.460ns
    Clock Pessimism Removal (CPR):    0.245ns

    Location             Delay type                Incr(ns)  Path(ns)    Netlist Resource(s)
  -------------------------------------------------------------------    -------------------
                         (clock sys_clk rise edge)    0.000     0.000 r  
    P17                                               0.000     0.000 r  clk (IN)
                         net (fo=0)                   0.000     0.000    clk
    P17                  IBUF (Prop_ibuf_I_O)         0.246     0.246 r  clk_IBUF_inst/O
                         net (fo=1, routed)           0.634     0.880    clk_IBUF
    BUFGCTRL_X0Y1        BUFG (Prop_bufg_I_O)         0.026     0.906 r  clk_IBUF_BUFG_inst/O
                         net (fo=340, routed)         0.554     1.460    uDebugCtrl/clk_IBUF_BUFG
    SLICE_X28Y81         FDCE                                         r  uDebugCtrl/cpu_reset_reg/C
  -------------------------------------------------------------------    -------------------
    SLICE_X28Y81         FDCE (Prop_fdce_C_Q)         0.141     1.601 f  uDebugCtrl/cpu_reset_reg/Q
                         net (fo=27, routed)          0.832     2.433    uDebugCtrl/cpu_reset
    SLICE_X30Y79         LUT2 (Prop_lut2_I0_O)        0.045     2.478 f  uDebugCtrl/regFile[1][7]_i_2/O
                         net (fo=127, routed)         1.041     3.519    uCPUTop/uRegFile/cpu_reset_reg_5
    SLICE_X41Y79         FDCE                                         f  uCPUTop/uRegFile/regFile_reg[30][6]/CLR
  -------------------------------------------------------------------    -------------------

                         (clock cpu_clk rise edge)    0.000     0.000 r  
    P17                                               0.000     0.000 r  clk (IN)
                         net (fo=0)                   0.000     0.000    clk
    P17                  IBUF (Prop_ibuf_I_O)         0.434     0.434 r  clk_IBUF_inst/O
                         net (fo=1, routed)           0.689     1.123    clk_IBUF
    BUFGCTRL_X0Y1        BUFG (Prop_bufg_I_O)         0.029     1.152 r  clk_IBUF_BUFG_inst/O
                         net (fo=340, routed)         0.832     1.983    clk_IBUF_BUFG
    SLICE_X36Y46         FDCE (Prop_fdce_C_Q)         0.160     2.143 r  clk_div_reg[2]/Q
                         net (fo=2, routed)           0.314     2.458    clk_12_5mhz
    BUFGCTRL_X0Y0        BUFG (Prop_bufg_I_O)         0.097     2.555 r  BUFG_cpu_clk/O
                         net (fo=3762, routed)        0.820     3.374    uCPUTop/uRegFile/clk
    SLICE_X41Y79         FDCE                                         r  uCPUTop/uRegFile/regFile_reg[30][6]/C
                         clock pessimism             -0.245     3.129    
    SLICE_X41Y79         FDCE (Remov_fdce_C_CLR)     -0.092     3.037    uCPUTop/uRegFile/regFile_reg[30][6]
  -------------------------------------------------------------------
                         required time                         -3.037    
                         arrival time                           3.519    
  -------------------------------------------------------------------
                         slack                                  0.482    

Slack (MET) :             0.507ns  (arrival time - required time)
  Source:                 uDebugCtrl/cpu_reset_reg/C
                            (rising edge-triggered cell FDCE clocked by sys_clk  {rise@0.000ns fall@5.000ns period=10.000ns})
  Destination:            uCPUTop/uRegFile/regFile_reg[29][6]/CLR
                            (removal check against rising-edge clock cpu_clk  {rise@0.000ns fall@40.000ns period=80.000ns})
  Path Group:             **async_default**
  Path Type:              Removal (Min at Fast Process Corner)
  Requirement:            0.000ns  (cpu_clk rise@0.000ns - sys_clk rise@0.000ns)
  Data Path Delay:        2.092ns  (logic 0.186ns (8.893%)  route 1.906ns (91.107%))
  Logic Levels:           1  (LUT2=1)
  Clock Path Skew:        1.677ns (DCD - SCD - CPR)
    Destination Clock Delay (DCD):    3.382ns
    Source Clock Delay      (SCD):    1.460ns
    Clock Pessimism Removal (CPR):    0.245ns

    Location             Delay type                Incr(ns)  Path(ns)    Netlist Resource(s)
  -------------------------------------------------------------------    -------------------
                         (clock sys_clk rise edge)    0.000     0.000 r  
    P17                                               0.000     0.000 r  clk (IN)
                         net (fo=0)                   0.000     0.000    clk
    P17                  IBUF (Prop_ibuf_I_O)         0.246     0.246 r  clk_IBUF_inst/O
                         net (fo=1, routed)           0.634     0.880    clk_IBUF
    BUFGCTRL_X0Y1        BUFG (Prop_bufg_I_O)         0.026     0.906 r  clk_IBUF_BUFG_inst/O
                         net (fo=340, routed)         0.554     1.460    uDebugCtrl/clk_IBUF_BUFG
    SLICE_X28Y81         FDCE                                         r  uDebugCtrl/cpu_reset_reg/C
  -------------------------------------------------------------------    -------------------
    SLICE_X28Y81         FDCE (Prop_fdce_C_Q)         0.141     1.601 f  uDebugCtrl/cpu_reset_reg/Q
                         net (fo=27, routed)          0.832     2.433    uDebugCtrl/cpu_reset
    SLICE_X30Y79         LUT2 (Prop_lut2_I0_O)        0.045     2.478 f  uDebugCtrl/regFile[1][7]_i_2/O
                         net (fo=127, routed)         1.074     3.552    uCPUTop/uRegFile/cpu_reset_reg_5
    SLICE_X36Y88         FDCE                                         f  uCPUTop/uRegFile/regFile_reg[29][6]/CLR
  -------------------------------------------------------------------    -------------------

                         (clock cpu_clk rise edge)    0.000     0.000 r  
    P17                                               0.000     0.000 r  clk (IN)
                         net (fo=0)                   0.000     0.000    clk
    P17                  IBUF (Prop_ibuf_I_O)         0.434     0.434 r  clk_IBUF_inst/O
                         net (fo=1, routed)           0.689     1.123    clk_IBUF
    BUFGCTRL_X0Y1        BUFG (Prop_bufg_I_O)         0.029     1.152 r  clk_IBUF_BUFG_inst/O
                         net (fo=340, routed)         0.832     1.983    clk_IBUF_BUFG
    SLICE_X36Y46         FDCE (Prop_fdce_C_Q)         0.160     2.143 r  clk_div_reg[2]/Q
                         net (fo=2, routed)           0.314     2.458    clk_12_5mhz
    BUFGCTRL_X0Y0        BUFG (Prop_bufg_I_O)         0.097     2.555 r  BUFG_cpu_clk/O
                         net (fo=3762, routed)        0.827     3.382    uCPUTop/uRegFile/clk
    SLICE_X36Y88         FDCE                                         r  uCPUTop/uRegFile/regFile_reg[29][6]/C
                         clock pessimism             -0.245     3.137    
    SLICE_X36Y88         FDCE (Remov_fdce_C_CLR)     -0.092     3.045    uCPUTop/uRegFile/regFile_reg[29][6]
  -------------------------------------------------------------------
                         required time                         -3.045    
                         arrival time                           3.552    
  -------------------------------------------------------------------
                         slack                                  0.507    

Slack (MET) :             0.514ns  (arrival time - required time)
  Source:                 uDebugCtrl/cpu_reset_reg/C
                            (rising edge-triggered cell FDCE clocked by sys_clk  {rise@0.000ns fall@5.000ns period=10.000ns})
  Destination:            uCPUTop/uRegFile/regFile_reg[12][6]/CLR
                            (removal check against rising-edge clock cpu_clk  {rise@0.000ns fall@40.000ns period=80.000ns})
  Path Group:             **async_default**
  Path Type:              Removal (Min at Fast Process Corner)
  Requirement:            0.000ns  (cpu_clk rise@0.000ns - sys_clk rise@0.000ns)
  Data Path Delay:        2.091ns  (logic 0.186ns (8.894%)  route 1.905ns (91.106%))
  Logic Levels:           1  (LUT2=1)
  Clock Path Skew:        1.669ns (DCD - SCD - CPR)
    Destination Clock Delay (DCD):    3.374ns
    Source Clock Delay      (SCD):    1.460ns
    Clock Pessimism Removal (CPR):    0.245ns

    Location             Delay type                Incr(ns)  Path(ns)    Netlist Resource(s)
  -------------------------------------------------------------------    -------------------
                         (clock sys_clk rise edge)    0.000     0.000 r  
    P17                                               0.000     0.000 r  clk (IN)
                         net (fo=0)                   0.000     0.000    clk
    P17                  IBUF (Prop_ibuf_I_O)         0.246     0.246 r  clk_IBUF_inst/O
                         net (fo=1, routed)           0.634     0.880    clk_IBUF
    BUFGCTRL_X0Y1        BUFG (Prop_bufg_I_O)         0.026     0.906 r  clk_IBUF_BUFG_inst/O
                         net (fo=340, routed)         0.554     1.460    uDebugCtrl/clk_IBUF_BUFG
    SLICE_X28Y81         FDCE                                         r  uDebugCtrl/cpu_reset_reg/C
  -------------------------------------------------------------------    -------------------
    SLICE_X28Y81         FDCE (Prop_fdce_C_Q)         0.141     1.601 f  uDebugCtrl/cpu_reset_reg/Q
                         net (fo=27, routed)          0.832     2.433    uDebugCtrl/cpu_reset
    SLICE_X30Y79         LUT2 (Prop_lut2_I0_O)        0.045     2.478 f  uDebugCtrl/regFile[1][7]_i_2/O
                         net (fo=127, routed)         1.074     3.551    uCPUTop/uRegFile/cpu_reset_reg_5
    SLICE_X45Y78         FDCE                                         f  uCPUTop/uRegFile/regFile_reg[12][6]/CLR
  -------------------------------------------------------------------    -------------------

                         (clock cpu_clk rise edge)    0.000     0.000 r  
    P17                                               0.000     0.000 r  clk (IN)
                         net (fo=0)                   0.000     0.000    clk
    P17                  IBUF (Prop_ibuf_I_O)         0.434     0.434 r  clk_IBUF_inst/O
                         net (fo=1, routed)           0.689     1.123    clk_IBUF
    BUFGCTRL_X0Y1        BUFG (Prop_bufg_I_O)         0.029     1.152 r  clk_IBUF_BUFG_inst/O
                         net (fo=340, routed)         0.832     1.983    clk_IBUF_BUFG
    SLICE_X36Y46         FDCE (Prop_fdce_C_Q)         0.160     2.143 r  clk_div_reg[2]/Q
                         net (fo=2, routed)           0.314     2.458    clk_12_5mhz
    BUFGCTRL_X0Y0        BUFG (Prop_bufg_I_O)         0.097     2.555 r  BUFG_cpu_clk/O
                         net (fo=3762, routed)        0.820     3.374    uCPUTop/uRegFile/clk
    SLICE_X45Y78         FDCE                                         r  uCPUTop/uRegFile/regFile_reg[12][6]/C
                         clock pessimism             -0.245     3.129    
    SLICE_X45Y78         FDCE (Remov_fdce_C_CLR)     -0.092     3.037    uCPUTop/uRegFile/regFile_reg[12][6]
  -------------------------------------------------------------------
                         required time                         -3.037    
                         arrival time                           3.551    
  -------------------------------------------------------------------
                         slack                                  0.514    

Slack (MET) :             0.519ns  (arrival time - required time)
  Source:                 uDebugCtrl/cpu_reset_reg/C
                            (rising edge-triggered cell FDCE clocked by sys_clk  {rise@0.000ns fall@5.000ns period=10.000ns})
  Destination:            uCPUTop/uRegFile/regFile_reg[14][6]/CLR
                            (removal check against rising-edge clock cpu_clk  {rise@0.000ns fall@40.000ns period=80.000ns})
  Path Group:             **async_default**
  Path Type:              Removal (Min at Fast Process Corner)
  Requirement:            0.000ns  (cpu_clk rise@0.000ns - sys_clk rise@0.000ns)
  Data Path Delay:        2.096ns  (logic 0.186ns (8.876%)  route 1.910ns (91.124%))
  Logic Levels:           1  (LUT2=1)
  Clock Path Skew:        1.669ns (DCD - SCD - CPR)
    Destination Clock Delay (DCD):    3.374ns
    Source Clock Delay      (SCD):    1.460ns
    Clock Pessimism Removal (CPR):    0.245ns

    Location             Delay type                Incr(ns)  Path(ns)    Netlist Resource(s)
  -------------------------------------------------------------------    -------------------
                         (clock sys_clk rise edge)    0.000     0.000 r  
    P17                                               0.000     0.000 r  clk (IN)
                         net (fo=0)                   0.000     0.000    clk
    P17                  IBUF (Prop_ibuf_I_O)         0.246     0.246 r  clk_IBUF_inst/O
                         net (fo=1, routed)           0.634     0.880    clk_IBUF
    BUFGCTRL_X0Y1        BUFG (Prop_bufg_I_O)         0.026     0.906 r  clk_IBUF_BUFG_inst/O
                         net (fo=340, routed)         0.554     1.460    uDebugCtrl/clk_IBUF_BUFG
    SLICE_X28Y81         FDCE                                         r  uDebugCtrl/cpu_reset_reg/C
  -------------------------------------------------------------------    -------------------
    SLICE_X28Y81         FDCE (Prop_fdce_C_Q)         0.141     1.601 f  uDebugCtrl/cpu_reset_reg/Q
                         net (fo=27, routed)          0.832     2.433    uDebugCtrl/cpu_reset
    SLICE_X30Y79         LUT2 (Prop_lut2_I0_O)        0.045     2.478 f  uDebugCtrl/regFile[1][7]_i_2/O
                         net (fo=127, routed)         1.078     3.556    uCPUTop/uRegFile/cpu_reset_reg_5
    SLICE_X44Y78         FDCE                                         f  uCPUTop/uRegFile/regFile_reg[14][6]/CLR
  -------------------------------------------------------------------    -------------------

                         (clock cpu_clk rise edge)    0.000     0.000 r  
    P17                                               0.000     0.000 r  clk (IN)
                         net (fo=0)                   0.000     0.000    clk
    P17                  IBUF (Prop_ibuf_I_O)         0.434     0.434 r  clk_IBUF_inst/O
                         net (fo=1, routed)           0.689     1.123    clk_IBUF
    BUFGCTRL_X0Y1        BUFG (Prop_bufg_I_O)         0.029     1.152 r  clk_IBUF_BUFG_inst/O
                         net (fo=340, routed)         0.832     1.983    clk_IBUF_BUFG
    SLICE_X36Y46         FDCE (Prop_fdce_C_Q)         0.160     2.143 r  clk_div_reg[2]/Q
                         net (fo=2, routed)           0.314     2.458    clk_12_5mhz
    BUFGCTRL_X0Y0        BUFG (Prop_bufg_I_O)         0.097     2.555 r  BUFG_cpu_clk/O
                         net (fo=3762, routed)        0.820     3.374    uCPUTop/uRegFile/clk
    SLICE_X44Y78         FDCE                                         r  uCPUTop/uRegFile/regFile_reg[14][6]/C
                         clock pessimism             -0.245     3.129    
    SLICE_X44Y78         FDCE (Remov_fdce_C_CLR)     -0.092     3.037    uCPUTop/uRegFile/regFile_reg[14][6]
  -------------------------------------------------------------------
                         required time                         -3.037    
                         arrival time                           3.556    
  -------------------------------------------------------------------
                         slack                                  0.519    

Slack (MET) :             0.538ns  (arrival time - required time)
  Source:                 uDebugCtrl/cpu_reset_reg/C
                            (rising edge-triggered cell FDCE clocked by sys_clk  {rise@0.000ns fall@5.000ns period=10.000ns})
  Destination:            uCPUTop/uDataMemory/seg_data0_reg_reg[2]/CLR
                            (removal check against rising-edge clock cpu_clk  {rise@0.000ns fall@40.000ns period=80.000ns})
  Path Group:             **async_default**
  Path Type:              Removal (Min at Fast Process Corner)
  Requirement:            0.000ns  (cpu_clk rise@0.000ns - sys_clk rise@0.000ns)
  Data Path Delay:        2.111ns  (logic 0.186ns (8.810%)  route 1.925ns (91.190%))
  Logic Levels:           1  (LUT2=1)
  Clock Path Skew:        1.665ns (DCD - SCD - CPR)
    Destination Clock Delay (DCD):    3.370ns
    Source Clock Delay      (SCD):    1.460ns
    Clock Pessimism Removal (CPR):    0.245ns

    Location             Delay type                Incr(ns)  Path(ns)    Netlist Resource(s)
  -------------------------------------------------------------------    -------------------
                         (clock sys_clk rise edge)    0.000     0.000 r  
    P17                                               0.000     0.000 r  clk (IN)
                         net (fo=0)                   0.000     0.000    clk
    P17                  IBUF (Prop_ibuf_I_O)         0.246     0.246 r  clk_IBUF_inst/O
                         net (fo=1, routed)           0.634     0.880    clk_IBUF
    BUFGCTRL_X0Y1        BUFG (Prop_bufg_I_O)         0.026     0.906 r  clk_IBUF_BUFG_inst/O
                         net (fo=340, routed)         0.554     1.460    uDebugCtrl/clk_IBUF_BUFG
    SLICE_X28Y81         FDCE                                         r  uDebugCtrl/cpu_reset_reg/C
  -------------------------------------------------------------------    -------------------
    SLICE_X28Y81         FDCE (Prop_fdce_C_Q)         0.141     1.601 f  uDebugCtrl/cpu_reset_reg/Q
                         net (fo=27, routed)          1.239     2.840    uDebugCtrl/cpu_reset
    SLICE_X36Y74         LUT2 (Prop_lut2_I0_O)        0.045     2.885 f  uDebugCtrl/led_reg[2]_i_1/O
                         net (fo=11, routed)          0.686     3.571    uCPUTop/uDataMemory/cpu_reset_reg_2
    SLICE_X41Y73         FDCE                                         f  uCPUTop/uDataMemory/seg_data0_reg_reg[2]/CLR
  -------------------------------------------------------------------    -------------------

                         (clock cpu_clk rise edge)    0.000     0.000 r  
    P17                                               0.000     0.000 r  clk (IN)
                         net (fo=0)                   0.000     0.000    clk
    P17                  IBUF (Prop_ibuf_I_O)         0.434     0.434 r  clk_IBUF_inst/O
                         net (fo=1, routed)           0.689     1.123    clk_IBUF
    BUFGCTRL_X0Y1        BUFG (Prop_bufg_I_O)         0.029     1.152 r  clk_IBUF_BUFG_inst/O
                         net (fo=340, routed)         0.832     1.983    clk_IBUF_BUFG
    SLICE_X36Y46         FDCE (Prop_fdce_C_Q)         0.160     2.143 r  clk_div_reg[2]/Q
                         net (fo=2, routed)           0.314     2.458    clk_12_5mhz
    BUFGCTRL_X0Y0        BUFG (Prop_bufg_I_O)         0.097     2.555 r  BUFG_cpu_clk/O
                         net (fo=3762, routed)        0.816     3.370    uCPUTop/uDataMemory/clk
    SLICE_X41Y73         FDCE                                         r  uCPUTop/uDataMemory/seg_data0_reg_reg[2]/C
                         clock pessimism             -0.245     3.125    
    SLICE_X41Y73         FDCE (Remov_fdce_C_CLR)     -0.092     3.033    uCPUTop/uDataMemory/seg_data0_reg_reg[2]
  -------------------------------------------------------------------
                         required time                         -3.033    
                         arrival time                           3.571    
  -------------------------------------------------------------------
                         slack                                  0.538    

Slack (MET) :             0.570ns  (arrival time - required time)
  Source:                 uDebugCtrl/cpu_reset_reg/C
                            (rising edge-triggered cell FDCE clocked by sys_clk  {rise@0.000ns fall@5.000ns period=10.000ns})
  Destination:            uCPUTop/uRegFile/regFile_reg[21][6]/CLR
                            (removal check against rising-edge clock cpu_clk  {rise@0.000ns fall@40.000ns period=80.000ns})
  Path Group:             **async_default**
  Path Type:              Removal (Min at Fast Process Corner)
  Requirement:            0.000ns  (cpu_clk rise@0.000ns - sys_clk rise@0.000ns)
  Data Path Delay:        2.153ns  (logic 0.186ns (8.638%)  route 1.967ns (91.362%))
  Logic Levels:           1  (LUT2=1)
  Clock Path Skew:        1.676ns (DCD - SCD - CPR)
    Destination Clock Delay (DCD):    3.381ns
    Source Clock Delay      (SCD):    1.460ns
    Clock Pessimism Removal (CPR):    0.245ns

    Location             Delay type                Incr(ns)  Path(ns)    Netlist Resource(s)
  -------------------------------------------------------------------    -------------------
                         (clock sys_clk rise edge)    0.000     0.000 r  
    P17                                               0.000     0.000 r  clk (IN)
                         net (fo=0)                   0.000     0.000    clk
    P17                  IBUF (Prop_ibuf_I_O)         0.246     0.246 r  clk_IBUF_inst/O
                         net (fo=1, routed)           0.634     0.880    clk_IBUF
    BUFGCTRL_X0Y1        BUFG (Prop_bufg_I_O)         0.026     0.906 r  clk_IBUF_BUFG_inst/O
                         net (fo=340, routed)         0.554     1.460    uDebugCtrl/clk_IBUF_BUFG
    SLICE_X28Y81         FDCE                                         r  uDebugCtrl/cpu_reset_reg/C
  -------------------------------------------------------------------    -------------------
    SLICE_X28Y81         FDCE (Prop_fdce_C_Q)         0.141     1.601 f  uDebugCtrl/cpu_reset_reg/Q
                         net (fo=27, routed)          0.832     2.433    uDebugCtrl/cpu_reset
    SLICE_X30Y79         LUT2 (Prop_lut2_I0_O)        0.045     2.478 f  uDebugCtrl/regFile[1][7]_i_2/O
                         net (fo=127, routed)         1.136     3.613    uCPUTop/uRegFile/cpu_reset_reg_5
    SLICE_X35Y88         FDCE                                         f  uCPUTop/uRegFile/regFile_reg[21][6]/CLR
  -------------------------------------------------------------------    -------------------

                         (clock cpu_clk rise edge)    0.000     0.000 r  
    P17                                               0.000     0.000 r  clk (IN)
                         net (fo=0)                   0.000     0.000    clk
    P17                  IBUF (Prop_ibuf_I_O)         0.434     0.434 r  clk_IBUF_inst/O
                         net (fo=1, routed)           0.689     1.123    clk_IBUF
    BUFGCTRL_X0Y1        BUFG (Prop_bufg_I_O)         0.029     1.152 r  clk_IBUF_BUFG_inst/O
                         net (fo=340, routed)         0.832     1.983    clk_IBUF_BUFG
    SLICE_X36Y46         FDCE (Prop_fdce_C_Q)         0.160     2.143 r  clk_div_reg[2]/Q
                         net (fo=2, routed)           0.314     2.458    clk_12_5mhz
    BUFGCTRL_X0Y0        BUFG (Prop_bufg_I_O)         0.097     2.555 r  BUFG_cpu_clk/O
                         net (fo=3762, routed)        0.826     3.381    uCPUTop/uRegFile/clk
    SLICE_X35Y88         FDCE                                         r  uCPUTop/uRegFile/regFile_reg[21][6]/C
                         clock pessimism             -0.245     3.136    
    SLICE_X35Y88         FDCE (Remov_fdce_C_CLR)     -0.092     3.044    uCPUTop/uRegFile/regFile_reg[21][6]
  -------------------------------------------------------------------
                         required time                         -3.044    
                         arrival time                           3.613    
  -------------------------------------------------------------------
                         slack                                  0.570    

Slack (MET) :             0.579ns  (arrival time - required time)
  Source:                 uDebugCtrl/cpu_reset_reg/C
                            (rising edge-triggered cell FDCE clocked by sys_clk  {rise@0.000ns fall@5.000ns period=10.000ns})
  Destination:            uCPUTop/uRegFile/regFile_reg[2][6]/CLR
                            (removal check against rising-edge clock cpu_clk  {rise@0.000ns fall@40.000ns period=80.000ns})
  Path Group:             **async_default**
  Path Type:              Removal (Min at Fast Process Corner)
  Requirement:            0.000ns  (cpu_clk rise@0.000ns - sys_clk rise@0.000ns)
  Data Path Delay:        2.155ns  (logic 0.186ns (8.630%)  route 1.969ns (91.370%))
  Logic Levels:           1  (LUT2=1)
  Clock Path Skew:        1.668ns (DCD - SCD - CPR)
    Destination Clock Delay (DCD):    3.373ns
    Source Clock Delay      (SCD):    1.460ns
    Clock Pessimism Removal (CPR):    0.245ns

    Location             Delay type                Incr(ns)  Path(ns)    Netlist Resource(s)
  -------------------------------------------------------------------    -------------------
                         (clock sys_clk rise edge)    0.000     0.000 r  
    P17                                               0.000     0.000 r  clk (IN)
                         net (fo=0)                   0.000     0.000    clk
    P17                  IBUF (Prop_ibuf_I_O)         0.246     0.246 r  clk_IBUF_inst/O
                         net (fo=1, routed)           0.634     0.880    clk_IBUF
    BUFGCTRL_X0Y1        BUFG (Prop_bufg_I_O)         0.026     0.906 r  clk_IBUF_BUFG_inst/O
                         net (fo=340, routed)         0.554     1.460    uDebugCtrl/clk_IBUF_BUFG
    SLICE_X28Y81         FDCE                                         r  uDebugCtrl/cpu_reset_reg/C
  -------------------------------------------------------------------    -------------------
    SLICE_X28Y81         FDCE (Prop_fdce_C_Q)         0.141     1.601 f  uDebugCtrl/cpu_reset_reg/Q
                         net (fo=27, routed)          0.832     2.433    uDebugCtrl/cpu_reset
    SLICE_X30Y79         LUT2 (Prop_lut2_I0_O)        0.045     2.478 f  uDebugCtrl/regFile[1][7]_i_2/O
                         net (fo=127, routed)         1.137     3.615    uCPUTop/uRegFile/cpu_reset_reg_5
    SLICE_X45Y77         FDCE                                         f  uCPUTop/uRegFile/regFile_reg[2][6]/CLR
  -------------------------------------------------------------------    -------------------

                         (clock cpu_clk rise edge)    0.000     0.000 r  
    P17                                               0.000     0.000 r  clk (IN)
                         net (fo=0)                   0.000     0.000    clk
    P17                  IBUF (Prop_ibuf_I_O)         0.434     0.434 r  clk_IBUF_inst/O
                         net (fo=1, routed)           0.689     1.123    clk_IBUF
    BUFGCTRL_X0Y1        BUFG (Prop_bufg_I_O)         0.029     1.152 r  clk_IBUF_BUFG_inst/O
                         net (fo=340, routed)         0.832     1.983    clk_IBUF_BUFG
    SLICE_X36Y46         FDCE (Prop_fdce_C_Q)         0.160     2.143 r  clk_div_reg[2]/Q
                         net (fo=2, routed)           0.314     2.458    clk_12_5mhz
    BUFGCTRL_X0Y0        BUFG (Prop_bufg_I_O)         0.097     2.555 r  BUFG_cpu_clk/O
                         net (fo=3762, routed)        0.818     3.373    uCPUTop/uRegFile/clk
    SLICE_X45Y77         FDCE                                         r  uCPUTop/uRegFile/regFile_reg[2][6]/C
                         clock pessimism             -0.245     3.128    
    SLICE_X45Y77         FDCE (Remov_fdce_C_CLR)     -0.092     3.036    uCPUTop/uRegFile/regFile_reg[2][6]
  -------------------------------------------------------------------
                         required time                         -3.036    
                         arrival time                           3.615    
  -------------------------------------------------------------------
                         slack                                  0.579    

Slack (MET) :             0.584ns  (arrival time - required time)
  Source:                 uDebugCtrl/cpu_reset_reg/C
                            (rising edge-triggered cell FDCE clocked by sys_clk  {rise@0.000ns fall@5.000ns period=10.000ns})
  Destination:            uCPUTop/uRegFile/regFile_reg[10][6]/CLR
                            (removal check against rising-edge clock cpu_clk  {rise@0.000ns fall@40.000ns period=80.000ns})
  Path Group:             **async_default**
  Path Type:              Removal (Min at Fast Process Corner)
  Requirement:            0.000ns  (cpu_clk rise@0.000ns - sys_clk rise@0.000ns)
  Data Path Delay:        2.160ns  (logic 0.186ns (8.613%)  route 1.974ns (91.387%))
  Logic Levels:           1  (LUT2=1)
  Clock Path Skew:        1.668ns (DCD - SCD - CPR)
    Destination Clock Delay (DCD):    3.373ns
    Source Clock Delay      (SCD):    1.460ns
    Clock Pessimism Removal (CPR):    0.245ns

    Location             Delay type                Incr(ns)  Path(ns)    Netlist Resource(s)
  -------------------------------------------------------------------    -------------------
                         (clock sys_clk rise edge)    0.000     0.000 r  
    P17                                               0.000     0.000 r  clk (IN)
                         net (fo=0)                   0.000     0.000    clk
    P17                  IBUF (Prop_ibuf_I_O)         0.246     0.246 r  clk_IBUF_inst/O
                         net (fo=1, routed)           0.634     0.880    clk_IBUF
    BUFGCTRL_X0Y1        BUFG (Prop_bufg_I_O)         0.026     0.906 r  clk_IBUF_BUFG_inst/O
                         net (fo=340, routed)         0.554     1.460    uDebugCtrl/clk_IBUF_BUFG
    SLICE_X28Y81         FDCE                                         r  uDebugCtrl/cpu_reset_reg/C
  -------------------------------------------------------------------    -------------------
    SLICE_X28Y81         FDCE (Prop_fdce_C_Q)         0.141     1.601 f  uDebugCtrl/cpu_reset_reg/Q
                         net (fo=27, routed)          0.832     2.433    uDebugCtrl/cpu_reset
    SLICE_X30Y79         LUT2 (Prop_lut2_I0_O)        0.045     2.478 f  uDebugCtrl/regFile[1][7]_i_2/O
                         net (fo=127, routed)         1.142     3.620    uCPUTop/uRegFile/cpu_reset_reg_5
    SLICE_X44Y77         FDCE                                         f  uCPUTop/uRegFile/regFile_reg[10][6]/CLR
  -------------------------------------------------------------------    -------------------

                         (clock cpu_clk rise edge)    0.000     0.000 r  
    P17                                               0.000     0.000 r  clk (IN)
                         net (fo=0)                   0.000     0.000    clk
    P17                  IBUF (Prop_ibuf_I_O)         0.434     0.434 r  clk_IBUF_inst/O
                         net (fo=1, routed)           0.689     1.123    clk_IBUF
    BUFGCTRL_X0Y1        BUFG (Prop_bufg_I_O)         0.029     1.152 r  clk_IBUF_BUFG_inst/O
                         net (fo=340, routed)         0.832     1.983    clk_IBUF_BUFG
    SLICE_X36Y46         FDCE (Prop_fdce_C_Q)         0.160     2.143 r  clk_div_reg[2]/Q
                         net (fo=2, routed)           0.314     2.458    clk_12_5mhz
    BUFGCTRL_X0Y0        BUFG (Prop_bufg_I_O)         0.097     2.555 r  BUFG_cpu_clk/O
                         net (fo=3762, routed)        0.818     3.373    uCPUTop/uRegFile/clk
    SLICE_X44Y77         FDCE                                         r  uCPUTop/uRegFile/regFile_reg[10][6]/C
                         clock pessimism             -0.245     3.128    
    SLICE_X44Y77         FDCE (Remov_fdce_C_CLR)     -0.092     3.036    uCPUTop/uRegFile/regFile_reg[10][6]
  -------------------------------------------------------------------
                         required time                         -3.036    
                         arrival time                           3.620    
  -------------------------------------------------------------------
                         slack                                  0.584    

Slack (MET) :             0.592ns  (arrival time - required time)
  Source:                 uDebugCtrl/cpu_reset_reg/C
                            (rising edge-triggered cell FDCE clocked by sys_clk  {rise@0.000ns fall@5.000ns period=10.000ns})
  Destination:            uCPUTop/uRegFile/regFile_reg[20][6]/CLR
                            (removal check against rising-edge clock cpu_clk  {rise@0.000ns fall@40.000ns period=80.000ns})
  Path Group:             **async_default**
  Path Type:              Removal (Min at Fast Process Corner)
  Requirement:            0.000ns  (cpu_clk rise@0.000ns - sys_clk rise@0.000ns)
  Data Path Delay:        2.170ns  (logic 0.186ns (8.570%)  route 1.984ns (91.429%))
  Logic Levels:           1  (LUT2=1)
  Clock Path Skew:        1.670ns (DCD - SCD - CPR)
    Destination Clock Delay (DCD):    3.375ns
    Source Clock Delay      (SCD):    1.460ns
    Clock Pessimism Removal (CPR):    0.245ns

    Location             Delay type                Incr(ns)  Path(ns)    Netlist Resource(s)
  -------------------------------------------------------------------    -------------------
                         (clock sys_clk rise edge)    0.000     0.000 r  
    P17                                               0.000     0.000 r  clk (IN)
                         net (fo=0)                   0.000     0.000    clk
    P17                  IBUF (Prop_ibuf_I_O)         0.246     0.246 r  clk_IBUF_inst/O
                         net (fo=1, routed)           0.634     0.880    clk_IBUF
    BUFGCTRL_X0Y1        BUFG (Prop_bufg_I_O)         0.026     0.906 r  clk_IBUF_BUFG_inst/O
                         net (fo=340, routed)         0.554     1.460    uDebugCtrl/clk_IBUF_BUFG
    SLICE_X28Y81         FDCE                                         r  uDebugCtrl/cpu_reset_reg/C
  -------------------------------------------------------------------    -------------------
    SLICE_X28Y81         FDCE (Prop_fdce_C_Q)         0.141     1.601 f  uDebugCtrl/cpu_reset_reg/Q
                         net (fo=27, routed)          0.832     2.433    uDebugCtrl/cpu_reset
    SLICE_X30Y79         LUT2 (Prop_lut2_I0_O)        0.045     2.478 f  uDebugCtrl/regFile[1][7]_i_2/O
                         net (fo=127, routed)         1.152     3.630    uCPUTop/uRegFile/cpu_reset_reg_5
    SLICE_X41Y80         FDCE                                         f  uCPUTop/uRegFile/regFile_reg[20][6]/CLR
  -------------------------------------------------------------------    -------------------

                         (clock cpu_clk rise edge)    0.000     0.000 r  
    P17                                               0.000     0.000 r  clk (IN)
                         net (fo=0)                   0.000     0.000    clk
    P17                  IBUF (Prop_ibuf_I_O)         0.434     0.434 r  clk_IBUF_inst/O
                         net (fo=1, routed)           0.689     1.123    clk_IBUF
    BUFGCTRL_X0Y1        BUFG (Prop_bufg_I_O)         0.029     1.152 r  clk_IBUF_BUFG_inst/O
                         net (fo=340, routed)         0.832     1.983    clk_IBUF_BUFG
    SLICE_X36Y46         FDCE (Prop_fdce_C_Q)         0.160     2.143 r  clk_div_reg[2]/Q
                         net (fo=2, routed)           0.314     2.458    clk_12_5mhz
    BUFGCTRL_X0Y0        BUFG (Prop_bufg_I_O)         0.097     2.555 r  BUFG_cpu_clk/O
                         net (fo=3762, routed)        0.821     3.375    uCPUTop/uRegFile/clk
    SLICE_X41Y80         FDCE                                         r  uCPUTop/uRegFile/regFile_reg[20][6]/C
                         clock pessimism             -0.245     3.130    
    SLICE_X41Y80         FDCE (Remov_fdce_C_CLR)     -0.092     3.038    uCPUTop/uRegFile/regFile_reg[20][6]
  -------------------------------------------------------------------
                         required time                         -3.038    
                         arrival time                           3.630    
  -------------------------------------------------------------------
                         slack                                  0.592    

Slack (MET) :             0.633ns  (arrival time - required time)
  Source:                 uDebugCtrl/cpu_reset_reg/C
                            (rising edge-triggered cell FDCE clocked by sys_clk  {rise@0.000ns fall@5.000ns period=10.000ns})
  Destination:            uCPUTop/uRegFile/regFile_reg[16][6]/CLR
                            (removal check against rising-edge clock cpu_clk  {rise@0.000ns fall@40.000ns period=80.000ns})
  Path Group:             **async_default**
  Path Type:              Removal (Min at Fast Process Corner)
  Requirement:            0.000ns  (cpu_clk rise@0.000ns - sys_clk rise@0.000ns)
  Data Path Delay:        2.209ns  (logic 0.186ns (8.420%)  route 2.023ns (91.580%))
  Logic Levels:           1  (LUT2=1)
  Clock Path Skew:        1.668ns (DCD - SCD - CPR)
    Destination Clock Delay (DCD):    3.373ns
    Source Clock Delay      (SCD):    1.460ns
    Clock Pessimism Removal (CPR):    0.245ns

    Location             Delay type                Incr(ns)  Path(ns)    Netlist Resource(s)
  -------------------------------------------------------------------    -------------------
                         (clock sys_clk rise edge)    0.000     0.000 r  
    P17                                               0.000     0.000 r  clk (IN)
                         net (fo=0)                   0.000     0.000    clk
    P17                  IBUF (Prop_ibuf_I_O)         0.246     0.246 r  clk_IBUF_inst/O
                         net (fo=1, routed)           0.634     0.880    clk_IBUF
    BUFGCTRL_X0Y1        BUFG (Prop_bufg_I_O)         0.026     0.906 r  clk_IBUF_BUFG_inst/O
                         net (fo=340, routed)         0.554     1.460    uDebugCtrl/clk_IBUF_BUFG
    SLICE_X28Y81         FDCE                                         r  uDebugCtrl/cpu_reset_reg/C
  -------------------------------------------------------------------    -------------------
    SLICE_X28Y81         FDCE (Prop_fdce_C_Q)         0.141     1.601 f  uDebugCtrl/cpu_reset_reg/Q
                         net (fo=27, routed)          0.832     2.433    uDebugCtrl/cpu_reset
    SLICE_X30Y79         LUT2 (Prop_lut2_I0_O)        0.045     2.478 f  uDebugCtrl/regFile[1][7]_i_2/O
                         net (fo=127, routed)         1.191     3.669    uCPUTop/uRegFile/cpu_reset_reg_5
    SLICE_X43Y78         FDCE                                         f  uCPUTop/uRegFile/regFile_reg[16][6]/CLR
  -------------------------------------------------------------------    -------------------

                         (clock cpu_clk rise edge)    0.000     0.000 r  
    P17                                               0.000     0.000 r  clk (IN)
                         net (fo=0)                   0.000     0.000    clk
    P17                  IBUF (Prop_ibuf_I_O)         0.434     0.434 r  clk_IBUF_inst/O
                         net (fo=1, routed)           0.689     1.123    clk_IBUF
    BUFGCTRL_X0Y1        BUFG (Prop_bufg_I_O)         0.029     1.152 r  clk_IBUF_BUFG_inst/O
                         net (fo=340, routed)         0.832     1.983    clk_IBUF_BUFG
    SLICE_X36Y46         FDCE (Prop_fdce_C_Q)         0.160     2.143 r  clk_div_reg[2]/Q
                         net (fo=2, routed)           0.314     2.458    clk_12_5mhz
    BUFGCTRL_X0Y0        BUFG (Prop_bufg_I_O)         0.097     2.555 r  BUFG_cpu_clk/O
                         net (fo=3762, routed)        0.819     3.373    uCPUTop/uRegFile/clk
    SLICE_X43Y78         FDCE                                         r  uCPUTop/uRegFile/regFile_reg[16][6]/C
                         clock pessimism             -0.245     3.128    
    SLICE_X43Y78         FDCE (Remov_fdce_C_CLR)     -0.092     3.036    uCPUTop/uRegFile/regFile_reg[16][6]
  -------------------------------------------------------------------
                         required time                         -3.036    
                         arrival time                           3.669    
  -------------------------------------------------------------------
                         slack                                  0.633    





---------------------------------------------------------------------------------------------------
Path Group:  **async_default**
From Clock:  vga_clk
  To Clock:  vga_clk

Setup :            0  Failing Endpoints,  Worst Slack       34.908ns,  Total Violation        0.000ns
Hold  :            0  Failing Endpoints,  Worst Slack        0.774ns,  Total Violation        0.000ns
---------------------------------------------------------------------------------------------------


Max Delay Paths
--------------------------------------------------------------------------------------
Slack (MET) :             34.908ns  (required time - arrival time)
  Source:                 uVGA/rst_sync2_reg/C
                            (rising edge-triggered cell FDCE clocked by vga_clk  {rise@0.000ns fall@20.000ns period=40.000ns})
  Destination:            uVGA/v_d1_reg[5]/CLR
                            (recovery check against rising-edge clock vga_clk  {rise@0.000ns fall@20.000ns period=40.000ns})
  Path Group:             **async_default**
  Path Type:              Recovery (Max at Slow Process Corner)
  Requirement:            40.000ns  (vga_clk rise@40.000ns - vga_clk rise@0.000ns)
  Data Path Delay:        4.624ns  (logic 0.580ns (12.543%)  route 4.044ns (87.457%))
  Logic Levels:           1  (LUT1=1)
  Clock Path Skew:        -0.028ns (DCD - SCD + CPR)
    Destination Clock Delay (DCD):    7.226ns = ( 47.226 - 40.000 ) 
    Source Clock Delay      (SCD):    7.795ns
    Clock Pessimism Removal (CPR):    0.541ns
  Clock Uncertainty:      0.035ns  ((TSJ^2 + TIJ^2)^1/2 + DJ) / 2 + PE
    Total System Jitter     (TSJ):    0.071ns
    Total Input Jitter      (TIJ):    0.000ns
    Discrete Jitter          (DJ):    0.000ns
    Phase Error              (PE):    0.000ns

    Location             Delay type                Incr(ns)  Path(ns)    Netlist Resource(s)
  -------------------------------------------------------------------    -------------------
                         (clock vga_clk rise edge)    0.000     0.000 r  
    P17                                               0.000     0.000 r  clk (IN)
                         net (fo=0)                   0.000     0.000    clk
    P17                  IBUF (Prop_ibuf_I_O)         1.478     1.478 r  clk_IBUF_inst/O
                         net (fo=1, routed)           1.972     3.450    clk_IBUF
    BUFGCTRL_X0Y1        BUFG (Prop_bufg_I_O)         0.096     3.546 r  clk_IBUF_BUFG_inst/O
                         net (fo=340, routed)         1.565     5.111    clk_IBUF_BUFG
    SLICE_X36Y46         FDCE (Prop_fdce_C_Q)         0.456     5.567 r  clk_div_reg[1]/Q
                         net (fo=3, routed)           0.582     6.149    clk_25mhz
    BUFGCTRL_X0Y2        BUFG (Prop_bufg_I_O)         0.096     6.245 r  BUFG_vga_clk/O
                         net (fo=83, routed)          1.550     7.795    uVGA/vga_clk
    SLICE_X47Y64         FDCE                                         r  uVGA/rst_sync2_reg/C
  -------------------------------------------------------------------    -------------------
    SLICE_X47Y64         FDCE (Prop_fdce_C_Q)         0.456     8.251 r  uVGA/rst_sync2_reg/Q
                         net (fo=1, routed)           0.656     8.908    uVGA/rst_sync2
    SLICE_X47Y64         LUT1 (Prop_lut1_I0_O)        0.124     9.032 f  uVGA/h_cnt[9]_i_2/O
                         net (fo=76, routed)          3.388    12.420    uVGA/h_cnt_reg[9]_0
    SLICE_X47Y67         FDCE                                         f  uVGA/v_d1_reg[5]/CLR
  -------------------------------------------------------------------    -------------------

                         (clock vga_clk rise edge)   40.000    40.000 r  
    P17                                               0.000    40.000 r  clk (IN)
                         net (fo=0)                   0.000    40.000    clk
    P17                  IBUF (Prop_ibuf_I_O)         1.408    41.408 r  clk_IBUF_inst/O
                         net (fo=1, routed)           1.868    43.276    clk_IBUF
    BUFGCTRL_X0Y1        BUFG (Prop_bufg_I_O)         0.091    43.367 r  clk_IBUF_BUFG_inst/O
                         net (fo=340, routed)         1.445    44.812    clk_IBUF_BUFG
    SLICE_X36Y46         FDCE (Prop_fdce_C_Q)         0.367    45.179 r  clk_div_reg[1]/Q
                         net (fo=3, routed)           0.526    45.705    clk_25mhz
    BUFGCTRL_X0Y2        BUFG (Prop_bufg_I_O)         0.091    45.796 r  BUFG_vga_clk/O
                         net (fo=83, routed)          1.430    47.226    uVGA/vga_clk
    SLICE_X47Y67         FDCE                                         r  uVGA/v_d1_reg[5]/C
                         clock pessimism              0.541    47.767    
                         clock uncertainty           -0.035    47.732    
    SLICE_X47Y67         FDCE (Recov_fdce_C_CLR)     -0.405    47.327    uVGA/v_d1_reg[5]
  -------------------------------------------------------------------
                         required time                         47.327    
                         arrival time                         -12.420    
  -------------------------------------------------------------------
                         slack                                 34.908    

Slack (MET) :             34.908ns  (required time - arrival time)
  Source:                 uVGA/rst_sync2_reg/C
                            (rising edge-triggered cell FDCE clocked by vga_clk  {rise@0.000ns fall@20.000ns period=40.000ns})
  Destination:            uVGA/v_d1_reg[6]/CLR
                            (recovery check against rising-edge clock vga_clk  {rise@0.000ns fall@20.000ns period=40.000ns})
  Path Group:             **async_default**
  Path Type:              Recovery (Max at Slow Process Corner)
  Requirement:            40.000ns  (vga_clk rise@40.000ns - vga_clk rise@0.000ns)
  Data Path Delay:        4.624ns  (logic 0.580ns (12.543%)  route 4.044ns (87.457%))
  Logic Levels:           1  (LUT1=1)
  Clock Path Skew:        -0.028ns (DCD - SCD + CPR)
    Destination Clock Delay (DCD):    7.226ns = ( 47.226 - 40.000 ) 
    Source Clock Delay      (SCD):    7.795ns
    Clock Pessimism Removal (CPR):    0.541ns
  Clock Uncertainty:      0.035ns  ((TSJ^2 + TIJ^2)^1/2 + DJ) / 2 + PE
    Total System Jitter     (TSJ):    0.071ns
    Total Input Jitter      (TIJ):    0.000ns
    Discrete Jitter          (DJ):    0.000ns
    Phase Error              (PE):    0.000ns

    Location             Delay type                Incr(ns)  Path(ns)    Netlist Resource(s)
  -------------------------------------------------------------------    -------------------
                         (clock vga_clk rise edge)    0.000     0.000 r  
    P17                                               0.000     0.000 r  clk (IN)
                         net (fo=0)                   0.000     0.000    clk
    P17                  IBUF (Prop_ibuf_I_O)         1.478     1.478 r  clk_IBUF_inst/O
                         net (fo=1, routed)           1.972     3.450    clk_IBUF
    BUFGCTRL_X0Y1        BUFG (Prop_bufg_I_O)         0.096     3.546 r  clk_IBUF_BUFG_inst/O
                         net (fo=340, routed)         1.565     5.111    clk_IBUF_BUFG
    SLICE_X36Y46         FDCE (Prop_fdce_C_Q)         0.456     5.567 r  clk_div_reg[1]/Q
                         net (fo=3, routed)           0.582     6.149    clk_25mhz
    BUFGCTRL_X0Y2        BUFG (Prop_bufg_I_O)         0.096     6.245 r  BUFG_vga_clk/O
                         net (fo=83, routed)          1.550     7.795    uVGA/vga_clk
    SLICE_X47Y64         FDCE                                         r  uVGA/rst_sync2_reg/C
  -------------------------------------------------------------------    -------------------
    SLICE_X47Y64         FDCE (Prop_fdce_C_Q)         0.456     8.251 r  uVGA/rst_sync2_reg/Q
                         net (fo=1, routed)           0.656     8.908    uVGA/rst_sync2
    SLICE_X47Y64         LUT1 (Prop_lut1_I0_O)        0.124     9.032 f  uVGA/h_cnt[9]_i_2/O
                         net (fo=76, routed)          3.388    12.420    uVGA/h_cnt_reg[9]_0
    SLICE_X47Y67         FDCE                                         f  uVGA/v_d1_reg[6]/CLR
  -------------------------------------------------------------------    -------------------

                         (clock vga_clk rise edge)   40.000    40.000 r  
    P17                                               0.000    40.000 r  clk (IN)
                         net (fo=0)                   0.000    40.000    clk
    P17                  IBUF (Prop_ibuf_I_O)         1.408    41.408 r  clk_IBUF_inst/O
                         net (fo=1, routed)           1.868    43.276    clk_IBUF
    BUFGCTRL_X0Y1        BUFG (Prop_bufg_I_O)         0.091    43.367 r  clk_IBUF_BUFG_inst/O
                         net (fo=340, routed)         1.445    44.812    clk_IBUF_BUFG
    SLICE_X36Y46         FDCE (Prop_fdce_C_Q)         0.367    45.179 r  clk_div_reg[1]/Q
                         net (fo=3, routed)           0.526    45.705    clk_25mhz
    BUFGCTRL_X0Y2        BUFG (Prop_bufg_I_O)         0.091    45.796 r  BUFG_vga_clk/O
                         net (fo=83, routed)          1.430    47.226    uVGA/vga_clk
    SLICE_X47Y67         FDCE                                         r  uVGA/v_d1_reg[6]/C
                         clock pessimism              0.541    47.767    
                         clock uncertainty           -0.035    47.732    
    SLICE_X47Y67         FDCE (Recov_fdce_C_CLR)     -0.405    47.327    uVGA/v_d1_reg[6]
  -------------------------------------------------------------------
                         required time                         47.327    
                         arrival time                         -12.420    
  -------------------------------------------------------------------
                         slack                                 34.908    

Slack (MET) :             34.908ns  (required time - arrival time)
  Source:                 uVGA/rst_sync2_reg/C
                            (rising edge-triggered cell FDCE clocked by vga_clk  {rise@0.000ns fall@20.000ns period=40.000ns})
  Destination:            uVGA/v_d1_reg[7]/CLR
                            (recovery check against rising-edge clock vga_clk  {rise@0.000ns fall@20.000ns period=40.000ns})
  Path Group:             **async_default**
  Path Type:              Recovery (Max at Slow Process Corner)
  Requirement:            40.000ns  (vga_clk rise@40.000ns - vga_clk rise@0.000ns)
  Data Path Delay:        4.624ns  (logic 0.580ns (12.543%)  route 4.044ns (87.457%))
  Logic Levels:           1  (LUT1=1)
  Clock Path Skew:        -0.028ns (DCD - SCD + CPR)
    Destination Clock Delay (DCD):    7.226ns = ( 47.226 - 40.000 ) 
    Source Clock Delay      (SCD):    7.795ns
    Clock Pessimism Removal (CPR):    0.541ns
  Clock Uncertainty:      0.035ns  ((TSJ^2 + TIJ^2)^1/2 + DJ) / 2 + PE
    Total System Jitter     (TSJ):    0.071ns
    Total Input Jitter      (TIJ):    0.000ns
    Discrete Jitter          (DJ):    0.000ns
    Phase Error              (PE):    0.000ns

    Location             Delay type                Incr(ns)  Path(ns)    Netlist Resource(s)
  -------------------------------------------------------------------    -------------------
                         (clock vga_clk rise edge)    0.000     0.000 r  
    P17                                               0.000     0.000 r  clk (IN)
                         net (fo=0)                   0.000     0.000    clk
    P17                  IBUF (Prop_ibuf_I_O)         1.478     1.478 r  clk_IBUF_inst/O
                         net (fo=1, routed)           1.972     3.450    clk_IBUF
    BUFGCTRL_X0Y1        BUFG (Prop_bufg_I_O)         0.096     3.546 r  clk_IBUF_BUFG_inst/O
                         net (fo=340, routed)         1.565     5.111    clk_IBUF_BUFG
    SLICE_X36Y46         FDCE (Prop_fdce_C_Q)         0.456     5.567 r  clk_div_reg[1]/Q
                         net (fo=3, routed)           0.582     6.149    clk_25mhz
    BUFGCTRL_X0Y2        BUFG (Prop_bufg_I_O)         0.096     6.245 r  BUFG_vga_clk/O
                         net (fo=83, routed)          1.550     7.795    uVGA/vga_clk
    SLICE_X47Y64         FDCE                                         r  uVGA/rst_sync2_reg/C
  -------------------------------------------------------------------    -------------------
    SLICE_X47Y64         FDCE (Prop_fdce_C_Q)         0.456     8.251 r  uVGA/rst_sync2_reg/Q
                         net (fo=1, routed)           0.656     8.908    uVGA/rst_sync2
    SLICE_X47Y64         LUT1 (Prop_lut1_I0_O)        0.124     9.032 f  uVGA/h_cnt[9]_i_2/O
                         net (fo=76, routed)          3.388    12.420    uVGA/h_cnt_reg[9]_0
    SLICE_X47Y67         FDCE                                         f  uVGA/v_d1_reg[7]/CLR
  -------------------------------------------------------------------    -------------------

                         (clock vga_clk rise edge)   40.000    40.000 r  
    P17                                               0.000    40.000 r  clk (IN)
                         net (fo=0)                   0.000    40.000    clk
    P17                  IBUF (Prop_ibuf_I_O)         1.408    41.408 r  clk_IBUF_inst/O
                         net (fo=1, routed)           1.868    43.276    clk_IBUF
    BUFGCTRL_X0Y1        BUFG (Prop_bufg_I_O)         0.091    43.367 r  clk_IBUF_BUFG_inst/O
                         net (fo=340, routed)         1.445    44.812    clk_IBUF_BUFG
    SLICE_X36Y46         FDCE (Prop_fdce_C_Q)         0.367    45.179 r  clk_div_reg[1]/Q
                         net (fo=3, routed)           0.526    45.705    clk_25mhz
    BUFGCTRL_X0Y2        BUFG (Prop_bufg_I_O)         0.091    45.796 r  BUFG_vga_clk/O
                         net (fo=83, routed)          1.430    47.226    uVGA/vga_clk
    SLICE_X47Y67         FDCE                                         r  uVGA/v_d1_reg[7]/C
                         clock pessimism              0.541    47.767    
                         clock uncertainty           -0.035    47.732    
    SLICE_X47Y67         FDCE (Recov_fdce_C_CLR)     -0.405    47.327    uVGA/v_d1_reg[7]
  -------------------------------------------------------------------
                         required time                         47.327    
                         arrival time                         -12.420    
  -------------------------------------------------------------------
                         slack                                 34.908    

Slack (MET) :             34.908ns  (required time - arrival time)
  Source:                 uVGA/rst_sync2_reg/C
                            (rising edge-triggered cell FDCE clocked by vga_clk  {rise@0.000ns fall@20.000ns period=40.000ns})
  Destination:            uVGA/v_d1_reg[8]/CLR
                            (recovery check against rising-edge clock vga_clk  {rise@0.000ns fall@20.000ns period=40.000ns})
  Path Group:             **async_default**
  Path Type:              Recovery (Max at Slow Process Corner)
  Requirement:            40.000ns  (vga_clk rise@40.000ns - vga_clk rise@0.000ns)
  Data Path Delay:        4.624ns  (logic 0.580ns (12.543%)  route 4.044ns (87.457%))
  Logic Levels:           1  (LUT1=1)
  Clock Path Skew:        -0.028ns (DCD - SCD + CPR)
    Destination Clock Delay (DCD):    7.226ns = ( 47.226 - 40.000 ) 
    Source Clock Delay      (SCD):    7.795ns
    Clock Pessimism Removal (CPR):    0.541ns
  Clock Uncertainty:      0.035ns  ((TSJ^2 + TIJ^2)^1/2 + DJ) / 2 + PE
    Total System Jitter     (TSJ):    0.071ns
    Total Input Jitter      (TIJ):    0.000ns
    Discrete Jitter          (DJ):    0.000ns
    Phase Error              (PE):    0.000ns

    Location             Delay type                Incr(ns)  Path(ns)    Netlist Resource(s)
  -------------------------------------------------------------------    -------------------
                         (clock vga_clk rise edge)    0.000     0.000 r  
    P17                                               0.000     0.000 r  clk (IN)
                         net (fo=0)                   0.000     0.000    clk
    P17                  IBUF (Prop_ibuf_I_O)         1.478     1.478 r  clk_IBUF_inst/O
                         net (fo=1, routed)           1.972     3.450    clk_IBUF
    BUFGCTRL_X0Y1        BUFG (Prop_bufg_I_O)         0.096     3.546 r  clk_IBUF_BUFG_inst/O
                         net (fo=340, routed)         1.565     5.111    clk_IBUF_BUFG
    SLICE_X36Y46         FDCE (Prop_fdce_C_Q)         0.456     5.567 r  clk_div_reg[1]/Q
                         net (fo=3, routed)           0.582     6.149    clk_25mhz
    BUFGCTRL_X0Y2        BUFG (Prop_bufg_I_O)         0.096     6.245 r  BUFG_vga_clk/O
                         net (fo=83, routed)          1.550     7.795    uVGA/vga_clk
    SLICE_X47Y64         FDCE                                         r  uVGA/rst_sync2_reg/C
  -------------------------------------------------------------------    -------------------
    SLICE_X47Y64         FDCE (Prop_fdce_C_Q)         0.456     8.251 r  uVGA/rst_sync2_reg/Q
                         net (fo=1, routed)           0.656     8.908    uVGA/rst_sync2
    SLICE_X47Y64         LUT1 (Prop_lut1_I0_O)        0.124     9.032 f  uVGA/h_cnt[9]_i_2/O
                         net (fo=76, routed)          3.388    12.420    uVGA/h_cnt_reg[9]_0
    SLICE_X47Y67         FDCE                                         f  uVGA/v_d1_reg[8]/CLR
  -------------------------------------------------------------------    -------------------

                         (clock vga_clk rise edge)   40.000    40.000 r  
    P17                                               0.000    40.000 r  clk (IN)
                         net (fo=0)                   0.000    40.000    clk
    P17                  IBUF (Prop_ibuf_I_O)         1.408    41.408 r  clk_IBUF_inst/O
                         net (fo=1, routed)           1.868    43.276    clk_IBUF
    BUFGCTRL_X0Y1        BUFG (Prop_bufg_I_O)         0.091    43.367 r  clk_IBUF_BUFG_inst/O
                         net (fo=340, routed)         1.445    44.812    clk_IBUF_BUFG
    SLICE_X36Y46         FDCE (Prop_fdce_C_Q)         0.367    45.179 r  clk_div_reg[1]/Q
                         net (fo=3, routed)           0.526    45.705    clk_25mhz
    BUFGCTRL_X0Y2        BUFG (Prop_bufg_I_O)         0.091    45.796 r  BUFG_vga_clk/O
                         net (fo=83, routed)          1.430    47.226    uVGA/vga_clk
    SLICE_X47Y67         FDCE                                         r  uVGA/v_d1_reg[8]/C
                         clock pessimism              0.541    47.767    
                         clock uncertainty           -0.035    47.732    
    SLICE_X47Y67         FDCE (Recov_fdce_C_CLR)     -0.405    47.327    uVGA/v_d1_reg[8]
  -------------------------------------------------------------------
                         required time                         47.327    
                         arrival time                         -12.420    
  -------------------------------------------------------------------
                         slack                                 34.908    

Slack (MET) :             34.908ns  (required time - arrival time)
  Source:                 uVGA/rst_sync2_reg/C
                            (rising edge-triggered cell FDCE clocked by vga_clk  {rise@0.000ns fall@20.000ns period=40.000ns})
  Destination:            uVGA/v_d2_reg[5]/CLR
                            (recovery check against rising-edge clock vga_clk  {rise@0.000ns fall@20.000ns period=40.000ns})
  Path Group:             **async_default**
  Path Type:              Recovery (Max at Slow Process Corner)
  Requirement:            40.000ns  (vga_clk rise@40.000ns - vga_clk rise@0.000ns)
  Data Path Delay:        4.624ns  (logic 0.580ns (12.543%)  route 4.044ns (87.457%))
  Logic Levels:           1  (LUT1=1)
  Clock Path Skew:        -0.028ns (DCD - SCD + CPR)
    Destination Clock Delay (DCD):    7.226ns = ( 47.226 - 40.000 ) 
    Source Clock Delay      (SCD):    7.795ns
    Clock Pessimism Removal (CPR):    0.541ns
  Clock Uncertainty:      0.035ns  ((TSJ^2 + TIJ^2)^1/2 + DJ) / 2 + PE
    Total System Jitter     (TSJ):    0.071ns
    Total Input Jitter      (TIJ):    0.000ns
    Discrete Jitter          (DJ):    0.000ns
    Phase Error              (PE):    0.000ns

    Location             Delay type                Incr(ns)  Path(ns)    Netlist Resource(s)
  -------------------------------------------------------------------    -------------------
                         (clock vga_clk rise edge)    0.000     0.000 r  
    P17                                               0.000     0.000 r  clk (IN)
                         net (fo=0)                   0.000     0.000    clk
    P17                  IBUF (Prop_ibuf_I_O)         1.478     1.478 r  clk_IBUF_inst/O
                         net (fo=1, routed)           1.972     3.450    clk_IBUF
    BUFGCTRL_X0Y1        BUFG (Prop_bufg_I_O)         0.096     3.546 r  clk_IBUF_BUFG_inst/O
                         net (fo=340, routed)         1.565     5.111    clk_IBUF_BUFG
    SLICE_X36Y46         FDCE (Prop_fdce_C_Q)         0.456     5.567 r  clk_div_reg[1]/Q
                         net (fo=3, routed)           0.582     6.149    clk_25mhz
    BUFGCTRL_X0Y2        BUFG (Prop_bufg_I_O)         0.096     6.245 r  BUFG_vga_clk/O
                         net (fo=83, routed)          1.550     7.795    uVGA/vga_clk
    SLICE_X47Y64         FDCE                                         r  uVGA/rst_sync2_reg/C
  -------------------------------------------------------------------    -------------------
    SLICE_X47Y64         FDCE (Prop_fdce_C_Q)         0.456     8.251 r  uVGA/rst_sync2_reg/Q
                         net (fo=1, routed)           0.656     8.908    uVGA/rst_sync2
    SLICE_X47Y64         LUT1 (Prop_lut1_I0_O)        0.124     9.032 f  uVGA/h_cnt[9]_i_2/O
                         net (fo=76, routed)          3.388    12.420    uVGA/h_cnt_reg[9]_0
    SLICE_X47Y67         FDCE                                         f  uVGA/v_d2_reg[5]/CLR
  -------------------------------------------------------------------    -------------------

                         (clock vga_clk rise edge)   40.000    40.000 r  
    P17                                               0.000    40.000 r  clk (IN)
                         net (fo=0)                   0.000    40.000    clk
    P17                  IBUF (Prop_ibuf_I_O)         1.408    41.408 r  clk_IBUF_inst/O
                         net (fo=1, routed)           1.868    43.276    clk_IBUF
    BUFGCTRL_X0Y1        BUFG (Prop_bufg_I_O)         0.091    43.367 r  clk_IBUF_BUFG_inst/O
                         net (fo=340, routed)         1.445    44.812    clk_IBUF_BUFG
    SLICE_X36Y46         FDCE (Prop_fdce_C_Q)         0.367    45.179 r  clk_div_reg[1]/Q
                         net (fo=3, routed)           0.526    45.705    clk_25mhz
    BUFGCTRL_X0Y2        BUFG (Prop_bufg_I_O)         0.091    45.796 r  BUFG_vga_clk/O
                         net (fo=83, routed)          1.430    47.226    uVGA/vga_clk
    SLICE_X47Y67         FDCE                                         r  uVGA/v_d2_reg[5]/C
                         clock pessimism              0.541    47.767    
                         clock uncertainty           -0.035    47.732    
    SLICE_X47Y67         FDCE (Recov_fdce_C_CLR)     -0.405    47.327    uVGA/v_d2_reg[5]
  -------------------------------------------------------------------
                         required time                         47.327    
                         arrival time                         -12.420    
  -------------------------------------------------------------------
                         slack                                 34.908    

Slack (MET) :             34.908ns  (required time - arrival time)
  Source:                 uVGA/rst_sync2_reg/C
                            (rising edge-triggered cell FDCE clocked by vga_clk  {rise@0.000ns fall@20.000ns period=40.000ns})
  Destination:            uVGA/v_d2_reg[6]/CLR
                            (recovery check against rising-edge clock vga_clk  {rise@0.000ns fall@20.000ns period=40.000ns})
  Path Group:             **async_default**
  Path Type:              Recovery (Max at Slow Process Corner)
  Requirement:            40.000ns  (vga_clk rise@40.000ns - vga_clk rise@0.000ns)
  Data Path Delay:        4.624ns  (logic 0.580ns (12.543%)  route 4.044ns (87.457%))
  Logic Levels:           1  (LUT1=1)
  Clock Path Skew:        -0.028ns (DCD - SCD + CPR)
    Destination Clock Delay (DCD):    7.226ns = ( 47.226 - 40.000 ) 
    Source Clock Delay      (SCD):    7.795ns
    Clock Pessimism Removal (CPR):    0.541ns
  Clock Uncertainty:      0.035ns  ((TSJ^2 + TIJ^2)^1/2 + DJ) / 2 + PE
    Total System Jitter     (TSJ):    0.071ns
    Total Input Jitter      (TIJ):    0.000ns
    Discrete Jitter          (DJ):    0.000ns
    Phase Error              (PE):    0.000ns

    Location             Delay type                Incr(ns)  Path(ns)    Netlist Resource(s)
  -------------------------------------------------------------------    -------------------
                         (clock vga_clk rise edge)    0.000     0.000 r  
    P17                                               0.000     0.000 r  clk (IN)
                         net (fo=0)                   0.000     0.000    clk
    P17                  IBUF (Prop_ibuf_I_O)         1.478     1.478 r  clk_IBUF_inst/O
                         net (fo=1, routed)           1.972     3.450    clk_IBUF
    BUFGCTRL_X0Y1        BUFG (Prop_bufg_I_O)         0.096     3.546 r  clk_IBUF_BUFG_inst/O
                         net (fo=340, routed)         1.565     5.111    clk_IBUF_BUFG
    SLICE_X36Y46         FDCE (Prop_fdce_C_Q)         0.456     5.567 r  clk_div_reg[1]/Q
                         net (fo=3, routed)           0.582     6.149    clk_25mhz
    BUFGCTRL_X0Y2        BUFG (Prop_bufg_I_O)         0.096     6.245 r  BUFG_vga_clk/O
                         net (fo=83, routed)          1.550     7.795    uVGA/vga_clk
    SLICE_X47Y64         FDCE                                         r  uVGA/rst_sync2_reg/C
  -------------------------------------------------------------------    -------------------
    SLICE_X47Y64         FDCE (Prop_fdce_C_Q)         0.456     8.251 r  uVGA/rst_sync2_reg/Q
                         net (fo=1, routed)           0.656     8.908    uVGA/rst_sync2
    SLICE_X47Y64         LUT1 (Prop_lut1_I0_O)        0.124     9.032 f  uVGA/h_cnt[9]_i_2/O
                         net (fo=76, routed)          3.388    12.420    uVGA/h_cnt_reg[9]_0
    SLICE_X47Y67         FDCE                                         f  uVGA/v_d2_reg[6]/CLR
  -------------------------------------------------------------------    -------------------

                         (clock vga_clk rise edge)   40.000    40.000 r  
    P17                                               0.000    40.000 r  clk (IN)
                         net (fo=0)                   0.000    40.000    clk
    P17                  IBUF (Prop_ibuf_I_O)         1.408    41.408 r  clk_IBUF_inst/O
                         net (fo=1, routed)           1.868    43.276    clk_IBUF
    BUFGCTRL_X0Y1        BUFG (Prop_bufg_I_O)         0.091    43.367 r  clk_IBUF_BUFG_inst/O
                         net (fo=340, routed)         1.445    44.812    clk_IBUF_BUFG
    SLICE_X36Y46         FDCE (Prop_fdce_C_Q)         0.367    45.179 r  clk_div_reg[1]/Q
                         net (fo=3, routed)           0.526    45.705    clk_25mhz
    BUFGCTRL_X0Y2        BUFG (Prop_bufg_I_O)         0.091    45.796 r  BUFG_vga_clk/O
                         net (fo=83, routed)          1.430    47.226    uVGA/vga_clk
    SLICE_X47Y67         FDCE                                         r  uVGA/v_d2_reg[6]/C
                         clock pessimism              0.541    47.767    
                         clock uncertainty           -0.035    47.732    
    SLICE_X47Y67         FDCE (Recov_fdce_C_CLR)     -0.405    47.327    uVGA/v_d2_reg[6]
  -------------------------------------------------------------------
                         required time                         47.327    
                         arrival time                         -12.420    
  -------------------------------------------------------------------
                         slack                                 34.908    

Slack (MET) :             34.908ns  (required time - arrival time)
  Source:                 uVGA/rst_sync2_reg/C
                            (rising edge-triggered cell FDCE clocked by vga_clk  {rise@0.000ns fall@20.000ns period=40.000ns})
  Destination:            uVGA/v_d2_reg[7]/CLR
                            (recovery check against rising-edge clock vga_clk  {rise@0.000ns fall@20.000ns period=40.000ns})
  Path Group:             **async_default**
  Path Type:              Recovery (Max at Slow Process Corner)
  Requirement:            40.000ns  (vga_clk rise@40.000ns - vga_clk rise@0.000ns)
  Data Path Delay:        4.624ns  (logic 0.580ns (12.543%)  route 4.044ns (87.457%))
  Logic Levels:           1  (LUT1=1)
  Clock Path Skew:        -0.028ns (DCD - SCD + CPR)
    Destination Clock Delay (DCD):    7.226ns = ( 47.226 - 40.000 ) 
    Source Clock Delay      (SCD):    7.795ns
    Clock Pessimism Removal (CPR):    0.541ns
  Clock Uncertainty:      0.035ns  ((TSJ^2 + TIJ^2)^1/2 + DJ) / 2 + PE
    Total System Jitter     (TSJ):    0.071ns
    Total Input Jitter      (TIJ):    0.000ns
    Discrete Jitter          (DJ):    0.000ns
    Phase Error              (PE):    0.000ns

    Location             Delay type                Incr(ns)  Path(ns)    Netlist Resource(s)
  -------------------------------------------------------------------    -------------------
                         (clock vga_clk rise edge)    0.000     0.000 r  
    P17                                               0.000     0.000 r  clk (IN)
                         net (fo=0)                   0.000     0.000    clk
    P17                  IBUF (Prop_ibuf_I_O)         1.478     1.478 r  clk_IBUF_inst/O
                         net (fo=1, routed)           1.972     3.450    clk_IBUF
    BUFGCTRL_X0Y1        BUFG (Prop_bufg_I_O)         0.096     3.546 r  clk_IBUF_BUFG_inst/O
                         net (fo=340, routed)         1.565     5.111    clk_IBUF_BUFG
    SLICE_X36Y46         FDCE (Prop_fdce_C_Q)         0.456     5.567 r  clk_div_reg[1]/Q
                         net (fo=3, routed)           0.582     6.149    clk_25mhz
    BUFGCTRL_X0Y2        BUFG (Prop_bufg_I_O)         0.096     6.245 r  BUFG_vga_clk/O
                         net (fo=83, routed)          1.550     7.795    uVGA/vga_clk
    SLICE_X47Y64         FDCE                                         r  uVGA/rst_sync2_reg/C
  -------------------------------------------------------------------    -------------------
    SLICE_X47Y64         FDCE (Prop_fdce_C_Q)         0.456     8.251 r  uVGA/rst_sync2_reg/Q
                         net (fo=1, routed)           0.656     8.908    uVGA/rst_sync2
    SLICE_X47Y64         LUT1 (Prop_lut1_I0_O)        0.124     9.032 f  uVGA/h_cnt[9]_i_2/O
                         net (fo=76, routed)          3.388    12.420    uVGA/h_cnt_reg[9]_0
    SLICE_X47Y67         FDCE                                         f  uVGA/v_d2_reg[7]/CLR
  -------------------------------------------------------------------    -------------------

                         (clock vga_clk rise edge)   40.000    40.000 r  
    P17                                               0.000    40.000 r  clk (IN)
                         net (fo=0)                   0.000    40.000    clk
    P17                  IBUF (Prop_ibuf_I_O)         1.408    41.408 r  clk_IBUF_inst/O
                         net (fo=1, routed)           1.868    43.276    clk_IBUF
    BUFGCTRL_X0Y1        BUFG (Prop_bufg_I_O)         0.091    43.367 r  clk_IBUF_BUFG_inst/O
                         net (fo=340, routed)         1.445    44.812    clk_IBUF_BUFG
    SLICE_X36Y46         FDCE (Prop_fdce_C_Q)         0.367    45.179 r  clk_div_reg[1]/Q
                         net (fo=3, routed)           0.526    45.705    clk_25mhz
    BUFGCTRL_X0Y2        BUFG (Prop_bufg_I_O)         0.091    45.796 r  BUFG_vga_clk/O
                         net (fo=83, routed)          1.430    47.226    uVGA/vga_clk
    SLICE_X47Y67         FDCE                                         r  uVGA/v_d2_reg[7]/C
                         clock pessimism              0.541    47.767    
                         clock uncertainty           -0.035    47.732    
    SLICE_X47Y67         FDCE (Recov_fdce_C_CLR)     -0.405    47.327    uVGA/v_d2_reg[7]
  -------------------------------------------------------------------
                         required time                         47.327    
                         arrival time                         -12.420    
  -------------------------------------------------------------------
                         slack                                 34.908    

Slack (MET) :             34.908ns  (required time - arrival time)
  Source:                 uVGA/rst_sync2_reg/C
                            (rising edge-triggered cell FDCE clocked by vga_clk  {rise@0.000ns fall@20.000ns period=40.000ns})
  Destination:            uVGA/v_d2_reg[8]/CLR
                            (recovery check against rising-edge clock vga_clk  {rise@0.000ns fall@20.000ns period=40.000ns})
  Path Group:             **async_default**
  Path Type:              Recovery (Max at Slow Process Corner)
  Requirement:            40.000ns  (vga_clk rise@40.000ns - vga_clk rise@0.000ns)
  Data Path Delay:        4.624ns  (logic 0.580ns (12.543%)  route 4.044ns (87.457%))
  Logic Levels:           1  (LUT1=1)
  Clock Path Skew:        -0.028ns (DCD - SCD + CPR)
    Destination Clock Delay (DCD):    7.226ns = ( 47.226 - 40.000 ) 
    Source Clock Delay      (SCD):    7.795ns
    Clock Pessimism Removal (CPR):    0.541ns
  Clock Uncertainty:      0.035ns  ((TSJ^2 + TIJ^2)^1/2 + DJ) / 2 + PE
    Total System Jitter     (TSJ):    0.071ns
    Total Input Jitter      (TIJ):    0.000ns
    Discrete Jitter          (DJ):    0.000ns
    Phase Error              (PE):    0.000ns

    Location             Delay type                Incr(ns)  Path(ns)    Netlist Resource(s)
  -------------------------------------------------------------------    -------------------
                         (clock vga_clk rise edge)    0.000     0.000 r  
    P17                                               0.000     0.000 r  clk (IN)
                         net (fo=0)                   0.000     0.000    clk
    P17                  IBUF (Prop_ibuf_I_O)         1.478     1.478 r  clk_IBUF_inst/O
                         net (fo=1, routed)           1.972     3.450    clk_IBUF
    BUFGCTRL_X0Y1        BUFG (Prop_bufg_I_O)         0.096     3.546 r  clk_IBUF_BUFG_inst/O
                         net (fo=340, routed)         1.565     5.111    clk_IBUF_BUFG
    SLICE_X36Y46         FDCE (Prop_fdce_C_Q)         0.456     5.567 r  clk_div_reg[1]/Q
                         net (fo=3, routed)           0.582     6.149    clk_25mhz
    BUFGCTRL_X0Y2        BUFG (Prop_bufg_I_O)         0.096     6.245 r  BUFG_vga_clk/O
                         net (fo=83, routed)          1.550     7.795    uVGA/vga_clk
    SLICE_X47Y64         FDCE                                         r  uVGA/rst_sync2_reg/C
  -------------------------------------------------------------------    -------------------
    SLICE_X47Y64         FDCE (Prop_fdce_C_Q)         0.456     8.251 r  uVGA/rst_sync2_reg/Q
                         net (fo=1, routed)           0.656     8.908    uVGA/rst_sync2
    SLICE_X47Y64         LUT1 (Prop_lut1_I0_O)        0.124     9.032 f  uVGA/h_cnt[9]_i_2/O
                         net (fo=76, routed)          3.388    12.420    uVGA/h_cnt_reg[9]_0
    SLICE_X47Y67         FDCE                                         f  uVGA/v_d2_reg[8]/CLR
  -------------------------------------------------------------------    -------------------

                         (clock vga_clk rise edge)   40.000    40.000 r  
    P17                                               0.000    40.000 r  clk (IN)
                         net (fo=0)                   0.000    40.000    clk
    P17                  IBUF (Prop_ibuf_I_O)         1.408    41.408 r  clk_IBUF_inst/O
                         net (fo=1, routed)           1.868    43.276    clk_IBUF
    BUFGCTRL_X0Y1        BUFG (Prop_bufg_I_O)         0.091    43.367 r  clk_IBUF_BUFG_inst/O
                         net (fo=340, routed)         1.445    44.812    clk_IBUF_BUFG
    SLICE_X36Y46         FDCE (Prop_fdce_C_Q)         0.367    45.179 r  clk_div_reg[1]/Q
                         net (fo=3, routed)           0.526    45.705    clk_25mhz
    BUFGCTRL_X0Y2        BUFG (Prop_bufg_I_O)         0.091    45.796 r  BUFG_vga_clk/O
                         net (fo=83, routed)          1.430    47.226    uVGA/vga_clk
    SLICE_X47Y67         FDCE                                         r  uVGA/v_d2_reg[8]/C
                         clock pessimism              0.541    47.767    
                         clock uncertainty           -0.035    47.732    
    SLICE_X47Y67         FDCE (Recov_fdce_C_CLR)     -0.405    47.327    uVGA/v_d2_reg[8]
  -------------------------------------------------------------------
                         required time                         47.327    
                         arrival time                         -12.420    
  -------------------------------------------------------------------
                         slack                                 34.908    

Slack (MET) :             35.053ns  (required time - arrival time)
  Source:                 uVGA/rst_sync2_reg/C
                            (rising edge-triggered cell FDCE clocked by vga_clk  {rise@0.000ns fall@20.000ns period=40.000ns})
  Destination:            uVGA/char_data_reg[13]/CLR
                            (recovery check against rising-edge clock vga_clk  {rise@0.000ns fall@20.000ns period=40.000ns})
  Path Group:             **async_default**
  Path Type:              Recovery (Max at Slow Process Corner)
  Requirement:            40.000ns  (vga_clk rise@40.000ns - vga_clk rise@0.000ns)
  Data Path Delay:        4.477ns  (logic 0.580ns (12.956%)  route 3.897ns (87.044%))
  Logic Levels:           1  (LUT1=1)
  Clock Path Skew:        -0.030ns (DCD - SCD + CPR)
    Destination Clock Delay (DCD):    7.224ns = ( 47.224 - 40.000 ) 
    Source Clock Delay      (SCD):    7.795ns
    Clock Pessimism Removal (CPR):    0.541ns
  Clock Uncertainty:      0.035ns  ((TSJ^2 + TIJ^2)^1/2 + DJ) / 2 + PE
    Total System Jitter     (TSJ):    0.071ns
    Total Input Jitter      (TIJ):    0.000ns
    Discrete Jitter          (DJ):    0.000ns
    Phase Error              (PE):    0.000ns

    Location             Delay type                Incr(ns)  Path(ns)    Netlist Resource(s)
  -------------------------------------------------------------------    -------------------
                         (clock vga_clk rise edge)    0.000     0.000 r  
    P17                                               0.000     0.000 r  clk (IN)
                         net (fo=0)                   0.000     0.000    clk
    P17                  IBUF (Prop_ibuf_I_O)         1.478     1.478 r  clk_IBUF_inst/O
                         net (fo=1, routed)           1.972     3.450    clk_IBUF
    BUFGCTRL_X0Y1        BUFG (Prop_bufg_I_O)         0.096     3.546 r  clk_IBUF_BUFG_inst/O
                         net (fo=340, routed)         1.565     5.111    clk_IBUF_BUFG
    SLICE_X36Y46         FDCE (Prop_fdce_C_Q)         0.456     5.567 r  clk_div_reg[1]/Q
                         net (fo=3, routed)           0.582     6.149    clk_25mhz
    BUFGCTRL_X0Y2        BUFG (Prop_bufg_I_O)         0.096     6.245 r  BUFG_vga_clk/O
                         net (fo=83, routed)          1.550     7.795    uVGA/vga_clk
    SLICE_X47Y64         FDCE                                         r  uVGA/rst_sync2_reg/C
  -------------------------------------------------------------------    -------------------
    SLICE_X47Y64         FDCE (Prop_fdce_C_Q)         0.456     8.251 r  uVGA/rst_sync2_reg/Q
                         net (fo=1, routed)           0.656     8.908    uVGA/rst_sync2
    SLICE_X47Y64         LUT1 (Prop_lut1_I0_O)        0.124     9.032 f  uVGA/h_cnt[9]_i_2/O
                         net (fo=76, routed)          3.241    12.272    uVGA/h_cnt_reg[9]_0
    SLICE_X47Y68         FDCE                                         f  uVGA/char_data_reg[13]/CLR
  -------------------------------------------------------------------    -------------------

                         (clock vga_clk rise edge)   40.000    40.000 r  
    P17                                               0.000    40.000 r  clk (IN)
                         net (fo=0)                   0.000    40.000    clk
    P17                  IBUF (Prop_ibuf_I_O)         1.408    41.408 r  clk_IBUF_inst/O
                         net (fo=1, routed)           1.868    43.276    clk_IBUF
    BUFGCTRL_X0Y1        BUFG (Prop_bufg_I_O)         0.091    43.367 r  clk_IBUF_BUFG_inst/O
                         net (fo=340, routed)         1.445    44.812    clk_IBUF_BUFG
    SLICE_X36Y46         FDCE (Prop_fdce_C_Q)         0.367    45.179 r  clk_div_reg[1]/Q
                         net (fo=3, routed)           0.526    45.705    clk_25mhz
    BUFGCTRL_X0Y2        BUFG (Prop_bufg_I_O)         0.091    45.796 r  BUFG_vga_clk/O
                         net (fo=83, routed)          1.428    47.224    uVGA/vga_clk
    SLICE_X47Y68         FDCE                                         r  uVGA/char_data_reg[13]/C
                         clock pessimism              0.541    47.765    
                         clock uncertainty           -0.035    47.730    
    SLICE_X47Y68         FDCE (Recov_fdce_C_CLR)     -0.405    47.325    uVGA/char_data_reg[13]
  -------------------------------------------------------------------
                         required time                         47.325    
                         arrival time                         -12.272    
  -------------------------------------------------------------------
                         slack                                 35.053    

Slack (MET) :             35.053ns  (required time - arrival time)
  Source:                 uVGA/rst_sync2_reg/C
                            (rising edge-triggered cell FDCE clocked by vga_clk  {rise@0.000ns fall@20.000ns period=40.000ns})
  Destination:            uVGA/char_data_reg[8]/CLR
                            (recovery check against rising-edge clock vga_clk  {rise@0.000ns fall@20.000ns period=40.000ns})
  Path Group:             **async_default**
  Path Type:              Recovery (Max at Slow Process Corner)
  Requirement:            40.000ns  (vga_clk rise@40.000ns - vga_clk rise@0.000ns)
  Data Path Delay:        4.477ns  (logic 0.580ns (12.956%)  route 3.897ns (87.044%))
  Logic Levels:           1  (LUT1=1)
  Clock Path Skew:        -0.030ns (DCD - SCD + CPR)
    Destination Clock Delay (DCD):    7.224ns = ( 47.224 - 40.000 ) 
    Source Clock Delay      (SCD):    7.795ns
    Clock Pessimism Removal (CPR):    0.541ns
  Clock Uncertainty:      0.035ns  ((TSJ^2 + TIJ^2)^1/2 + DJ) / 2 + PE
    Total System Jitter     (TSJ):    0.071ns
    Total Input Jitter      (TIJ):    0.000ns
    Discrete Jitter          (DJ):    0.000ns
    Phase Error              (PE):    0.000ns

    Location             Delay type                Incr(ns)  Path(ns)    Netlist Resource(s)
  -------------------------------------------------------------------    -------------------
                         (clock vga_clk rise edge)    0.000     0.000 r  
    P17                                               0.000     0.000 r  clk (IN)
                         net (fo=0)                   0.000     0.000    clk
    P17                  IBUF (Prop_ibuf_I_O)         1.478     1.478 r  clk_IBUF_inst/O
                         net (fo=1, routed)           1.972     3.450    clk_IBUF
    BUFGCTRL_X0Y1        BUFG (Prop_bufg_I_O)         0.096     3.546 r  clk_IBUF_BUFG_inst/O
                         net (fo=340, routed)         1.565     5.111    clk_IBUF_BUFG
    SLICE_X36Y46         FDCE (Prop_fdce_C_Q)         0.456     5.567 r  clk_div_reg[1]/Q
                         net (fo=3, routed)           0.582     6.149    clk_25mhz
    BUFGCTRL_X0Y2        BUFG (Prop_bufg_I_O)         0.096     6.245 r  BUFG_vga_clk/O
                         net (fo=83, routed)          1.550     7.795    uVGA/vga_clk
    SLICE_X47Y64         FDCE                                         r  uVGA/rst_sync2_reg/C
  -------------------------------------------------------------------    -------------------
    SLICE_X47Y64         FDCE (Prop_fdce_C_Q)         0.456     8.251 r  uVGA/rst_sync2_reg/Q
                         net (fo=1, routed)           0.656     8.908    uVGA/rst_sync2
    SLICE_X47Y64         LUT1 (Prop_lut1_I0_O)        0.124     9.032 f  uVGA/h_cnt[9]_i_2/O
                         net (fo=76, routed)          3.241    12.272    uVGA/h_cnt_reg[9]_0
    SLICE_X47Y68         FDCE                                         f  uVGA/char_data_reg[8]/CLR
  -------------------------------------------------------------------    -------------------

                         (clock vga_clk rise edge)   40.000    40.000 r  
    P17                                               0.000    40.000 r  clk (IN)
                         net (fo=0)                   0.000    40.000    clk
    P17                  IBUF (Prop_ibuf_I_O)         1.408    41.408 r  clk_IBUF_inst/O
                         net (fo=1, routed)           1.868    43.276    clk_IBUF
    BUFGCTRL_X0Y1        BUFG (Prop_bufg_I_O)         0.091    43.367 r  clk_IBUF_BUFG_inst/O
                         net (fo=340, routed)         1.445    44.812    clk_IBUF_BUFG
    SLICE_X36Y46         FDCE (Prop_fdce_C_Q)         0.367    45.179 r  clk_div_reg[1]/Q
                         net (fo=3, routed)           0.526    45.705    clk_25mhz
    BUFGCTRL_X0Y2        BUFG (Prop_bufg_I_O)         0.091    45.796 r  BUFG_vga_clk/O
                         net (fo=83, routed)          1.428    47.224    uVGA/vga_clk
    SLICE_X47Y68         FDCE                                         r  uVGA/char_data_reg[8]/C
                         clock pessimism              0.541    47.765    
                         clock uncertainty           -0.035    47.730    
    SLICE_X47Y68         FDCE (Recov_fdce_C_CLR)     -0.405    47.325    uVGA/char_data_reg[8]
  -------------------------------------------------------------------
                         required time                         47.325    
                         arrival time                         -12.272    
  -------------------------------------------------------------------
                         slack                                 35.053    





Min Delay Paths
--------------------------------------------------------------------------------------
Slack (MET) :             0.774ns  (arrival time - required time)
  Source:                 uVGA/rst_sync2_reg/C
                            (rising edge-triggered cell FDCE clocked by vga_clk  {rise@0.000ns fall@20.000ns period=40.000ns})
  Destination:            uVGA/char_data_reg[5]/CLR
                            (removal check against rising-edge clock vga_clk  {rise@0.000ns fall@20.000ns period=40.000ns})
  Path Group:             **async_default**
  Path Type:              Removal (Min at Fast Process Corner)
  Requirement:            0.000ns  (vga_clk rise@0.000ns - vga_clk rise@0.000ns)
  Data Path Delay:        0.719ns  (logic 0.186ns (25.855%)  route 0.533ns (74.145%))
  Logic Levels:           1  (LUT1=1)
  Clock Path Skew:        0.037ns (DCD - SCD - CPR)
    Destination Clock Delay (DCD):    3.269ns
    Source Clock Delay      (SCD):    2.423ns
    Clock Pessimism Removal (CPR):    0.809ns

    Location             Delay type                Incr(ns)  Path(ns)    Netlist Resource(s)
  -------------------------------------------------------------------    -------------------
                         (clock vga_clk rise edge)    0.000     0.000 r  
    P17                                               0.000     0.000 r  clk (IN)
                         net (fo=0)                   0.000     0.000    clk
    P17                  IBUF (Prop_ibuf_I_O)         0.246     0.246 r  clk_IBUF_inst/O
                         net (fo=1, routed)           0.634     0.880    clk_IBUF
    BUFGCTRL_X0Y1        BUFG (Prop_bufg_I_O)         0.026     0.906 r  clk_IBUF_BUFG_inst/O
                         net (fo=340, routed)         0.563     1.469    clk_IBUF_BUFG
    SLICE_X36Y46         FDCE (Prop_fdce_C_Q)         0.141     1.610 r  clk_div_reg[1]/Q
                         net (fo=3, routed)           0.229     1.839    clk_25mhz
    BUFGCTRL_X0Y2        BUFG (Prop_bufg_I_O)         0.026     1.865 r  BUFG_vga_clk/O
                         net (fo=83, routed)          0.558     2.423    uVGA/vga_clk
    SLICE_X47Y64         FDCE                                         r  uVGA/rst_sync2_reg/C
  -------------------------------------------------------------------    -------------------
    SLICE_X47Y64         FDCE (Prop_fdce_C_Q)         0.141     2.564 r  uVGA/rst_sync2_reg/Q
                         net (fo=1, routed)           0.219     2.783    uVGA/rst_sync2
    SLICE_X47Y64         LUT1 (Prop_lut1_I0_O)        0.045     2.828 f  uVGA/h_cnt[9]_i_2/O
                         net (fo=76, routed)          0.314     3.142    uVGA/h_cnt_reg[9]_0
    SLICE_X48Y63         FDCE                                         f  uVGA/char_data_reg[5]/CLR
  -------------------------------------------------------------------    -------------------

                         (clock vga_clk rise edge)    0.000     0.000 r  
    P17                                               0.000     0.000 r  clk (IN)
                         net (fo=0)                   0.000     0.000    clk
    P17                  IBUF (Prop_ibuf_I_O)         0.434     0.434 r  clk_IBUF_inst/O
                         net (fo=1, routed)           0.689     1.123    clk_IBUF
    BUFGCTRL_X0Y1        BUFG (Prop_bufg_I_O)         0.029     1.152 r  clk_IBUF_BUFG_inst/O
                         net (fo=340, routed)         0.832     1.983    clk_IBUF_BUFG
    SLICE_X36Y46         FDCE (Prop_fdce_C_Q)         0.175     2.158 r  clk_div_reg[1]/Q
                         net (fo=3, routed)           0.253     2.412    clk_25mhz
    BUFGCTRL_X0Y2        BUFG (Prop_bufg_I_O)         0.029     2.441 r  BUFG_vga_clk/O
                         net (fo=83, routed)          0.828     3.269    uVGA/vga_clk
    SLICE_X48Y63         FDCE                                         r  uVGA/char_data_reg[5]/C
                         clock pessimism             -0.809     2.460    
    SLICE_X48Y63         FDCE (Remov_fdce_C_CLR)     -0.092     2.368    uVGA/char_data_reg[5]
  -------------------------------------------------------------------
                         required time                         -2.368    
                         arrival time                           3.142    
  -------------------------------------------------------------------
                         slack                                  0.774    

Slack (MET) :             0.774ns  (arrival time - required time)
  Source:                 uVGA/rst_sync2_reg/C
                            (rising edge-triggered cell FDCE clocked by vga_clk  {rise@0.000ns fall@20.000ns period=40.000ns})
  Destination:            uVGA/char_data_reg[6]/CLR
                            (removal check against rising-edge clock vga_clk  {rise@0.000ns fall@20.000ns period=40.000ns})
  Path Group:             **async_default**
  Path Type:              Removal (Min at Fast Process Corner)
  Requirement:            0.000ns  (vga_clk rise@0.000ns - vga_clk rise@0.000ns)
  Data Path Delay:        0.719ns  (logic 0.186ns (25.855%)  route 0.533ns (74.145%))
  Logic Levels:           1  (LUT1=1)
  Clock Path Skew:        0.037ns (DCD - SCD - CPR)
    Destination Clock Delay (DCD):    3.269ns
    Source Clock Delay      (SCD):    2.423ns
    Clock Pessimism Removal (CPR):    0.809ns

    Location             Delay type                Incr(ns)  Path(ns)    Netlist Resource(s)
  -------------------------------------------------------------------    -------------------
                         (clock vga_clk rise edge)    0.000     0.000 r  
    P17                                               0.000     0.000 r  clk (IN)
                         net (fo=0)                   0.000     0.000    clk
    P17                  IBUF (Prop_ibuf_I_O)         0.246     0.246 r  clk_IBUF_inst/O
                         net (fo=1, routed)           0.634     0.880    clk_IBUF
    BUFGCTRL_X0Y1        BUFG (Prop_bufg_I_O)         0.026     0.906 r  clk_IBUF_BUFG_inst/O
                         net (fo=340, routed)         0.563     1.469    clk_IBUF_BUFG
    SLICE_X36Y46         FDCE (Prop_fdce_C_Q)         0.141     1.610 r  clk_div_reg[1]/Q
                         net (fo=3, routed)           0.229     1.839    clk_25mhz
    BUFGCTRL_X0Y2        BUFG (Prop_bufg_I_O)         0.026     1.865 r  BUFG_vga_clk/O
                         net (fo=83, routed)          0.558     2.423    uVGA/vga_clk
    SLICE_X47Y64         FDCE                                         r  uVGA/rst_sync2_reg/C
  -------------------------------------------------------------------    -------------------
    SLICE_X47Y64         FDCE (Prop_fdce_C_Q)         0.141     2.564 r  uVGA/rst_sync2_reg/Q
                         net (fo=1, routed)           0.219     2.783    uVGA/rst_sync2
    SLICE_X47Y64         LUT1 (Prop_lut1_I0_O)        0.045     2.828 f  uVGA/h_cnt[9]_i_2/O
                         net (fo=76, routed)          0.314     3.142    uVGA/h_cnt_reg[9]_0
    SLICE_X48Y63         FDCE                                         f  uVGA/char_data_reg[6]/CLR
  -------------------------------------------------------------------    -------------------

                         (clock vga_clk rise edge)    0.000     0.000 r  
    P17                                               0.000     0.000 r  clk (IN)
                         net (fo=0)                   0.000     0.000    clk
    P17                  IBUF (Prop_ibuf_I_O)         0.434     0.434 r  clk_IBUF_inst/O
                         net (fo=1, routed)           0.689     1.123    clk_IBUF
    BUFGCTRL_X0Y1        BUFG (Prop_bufg_I_O)         0.029     1.152 r  clk_IBUF_BUFG_inst/O
                         net (fo=340, routed)         0.832     1.983    clk_IBUF_BUFG
    SLICE_X36Y46         FDCE (Prop_fdce_C_Q)         0.175     2.158 r  clk_div_reg[1]/Q
                         net (fo=3, routed)           0.253     2.412    clk_25mhz
    BUFGCTRL_X0Y2        BUFG (Prop_bufg_I_O)         0.029     2.441 r  BUFG_vga_clk/O
                         net (fo=83, routed)          0.828     3.269    uVGA/vga_clk
    SLICE_X48Y63         FDCE                                         r  uVGA/char_data_reg[6]/C
                         clock pessimism             -0.809     2.460    
    SLICE_X48Y63         FDCE (Remov_fdce_C_CLR)     -0.092     2.368    uVGA/char_data_reg[6]
  -------------------------------------------------------------------
                         required time                         -2.368    
                         arrival time                           3.142    
  -------------------------------------------------------------------
                         slack                                  0.774    

Slack (MET) :             0.891ns  (arrival time - required time)
  Source:                 uVGA/rst_sync2_reg/C
                            (rising edge-triggered cell FDCE clocked by vga_clk  {rise@0.000ns fall@20.000ns period=40.000ns})
  Destination:            uVGA/v_d1_reg[2]/CLR
                            (removal check against rising-edge clock vga_clk  {rise@0.000ns fall@20.000ns period=40.000ns})
  Path Group:             **async_default**
  Path Type:              Removal (Min at Fast Process Corner)
  Requirement:            0.000ns  (vga_clk rise@0.000ns - vga_clk rise@0.000ns)
  Data Path Delay:        0.837ns  (logic 0.186ns (22.220%)  route 0.651ns (77.780%))
  Logic Levels:           1  (LUT1=1)
  Clock Path Skew:        0.038ns (DCD - SCD - CPR)
    Destination Clock Delay (DCD):    3.270ns
    Source Clock Delay      (SCD):    2.423ns
    Clock Pessimism Removal (CPR):    0.809ns

    Location             Delay type                Incr(ns)  Path(ns)    Netlist Resource(s)
  -------------------------------------------------------------------    -------------------
                         (clock vga_clk rise edge)    0.000     0.000 r  
    P17                                               0.000     0.000 r  clk (IN)
                         net (fo=0)                   0.000     0.000    clk
    P17                  IBUF (Prop_ibuf_I_O)         0.246     0.246 r  clk_IBUF_inst/O
                         net (fo=1, routed)           0.634     0.880    clk_IBUF
    BUFGCTRL_X0Y1        BUFG (Prop_bufg_I_O)         0.026     0.906 r  clk_IBUF_BUFG_inst/O
                         net (fo=340, routed)         0.563     1.469    clk_IBUF_BUFG
    SLICE_X36Y46         FDCE (Prop_fdce_C_Q)         0.141     1.610 r  clk_div_reg[1]/Q
                         net (fo=3, routed)           0.229     1.839    clk_25mhz
    BUFGCTRL_X0Y2        BUFG (Prop_bufg_I_O)         0.026     1.865 r  BUFG_vga_clk/O
                         net (fo=83, routed)          0.558     2.423    uVGA/vga_clk
    SLICE_X47Y64         FDCE                                         r  uVGA/rst_sync2_reg/C
  -------------------------------------------------------------------    -------------------
    SLICE_X47Y64         FDCE (Prop_fdce_C_Q)         0.141     2.564 r  uVGA/rst_sync2_reg/Q
                         net (fo=1, routed)           0.219     2.783    uVGA/rst_sync2
    SLICE_X47Y64         LUT1 (Prop_lut1_I0_O)        0.045     2.828 f  uVGA/h_cnt[9]_i_2/O
                         net (fo=76, routed)          0.432     3.260    uVGA/h_cnt_reg[9]_0
    SLICE_X53Y63         FDCE                                         f  uVGA/v_d1_reg[2]/CLR
  -------------------------------------------------------------------    -------------------

                         (clock vga_clk rise edge)    0.000     0.000 r  
    P17                                               0.000     0.000 r  clk (IN)
                         net (fo=0)                   0.000     0.000    clk
    P17                  IBUF (Prop_ibuf_I_O)         0.434     0.434 r  clk_IBUF_inst/O
                         net (fo=1, routed)           0.689     1.123    clk_IBUF
    BUFGCTRL_X0Y1        BUFG (Prop_bufg_I_O)         0.029     1.152 r  clk_IBUF_BUFG_inst/O
                         net (fo=340, routed)         0.832     1.983    clk_IBUF_BUFG
    SLICE_X36Y46         FDCE (Prop_fdce_C_Q)         0.175     2.158 r  clk_div_reg[1]/Q
                         net (fo=3, routed)           0.253     2.412    clk_25mhz
    BUFGCTRL_X0Y2        BUFG (Prop_bufg_I_O)         0.029     2.441 r  BUFG_vga_clk/O
                         net (fo=83, routed)          0.829     3.270    uVGA/vga_clk
    SLICE_X53Y63         FDCE                                         r  uVGA/v_d1_reg[2]/C
                         clock pessimism             -0.809     2.461    
    SLICE_X53Y63         FDCE (Remov_fdce_C_CLR)     -0.092     2.369    uVGA/v_d1_reg[2]
  -------------------------------------------------------------------
                         required time                         -2.369    
                         arrival time                           3.260    
  -------------------------------------------------------------------
                         slack                                  0.891    

Slack (MET) :             0.947ns  (arrival time - required time)
  Source:                 uVGA/rst_sync2_reg/C
                            (rising edge-triggered cell FDCE clocked by vga_clk  {rise@0.000ns fall@20.000ns period=40.000ns})
  Destination:            uVGA/h_d1_reg[0]/CLR
                            (removal check against rising-edge clock vga_clk  {rise@0.000ns fall@20.000ns period=40.000ns})
  Path Group:             **async_default**
  Path Type:              Removal (Min at Fast Process Corner)
  Requirement:            0.000ns  (vga_clk rise@0.000ns - vga_clk rise@0.000ns)
  Data Path Delay:        0.918ns  (logic 0.186ns (20.269%)  route 0.732ns (79.731%))
  Logic Levels:           1  (LUT1=1)
  Clock Path Skew:        0.038ns (DCD - SCD - CPR)
    Destination Clock Delay (DCD):    3.270ns
    Source Clock Delay      (SCD):    2.423ns
    Clock Pessimism Removal (CPR):    0.809ns

    Location             Delay type                Incr(ns)  Path(ns)    Netlist Resource(s)
  -------------------------------------------------------------------    -------------------
                         (clock vga_clk rise edge)    0.000     0.000 r  
    P17                                               0.000     0.000 r  clk (IN)
                         net (fo=0)                   0.000     0.000    clk
    P17                  IBUF (Prop_ibuf_I_O)         0.246     0.246 r  clk_IBUF_inst/O
                         net (fo=1, routed)           0.634     0.880    clk_IBUF
    BUFGCTRL_X0Y1        BUFG (Prop_bufg_I_O)         0.026     0.906 r  clk_IBUF_BUFG_inst/O
                         net (fo=340, routed)         0.563     1.469    clk_IBUF_BUFG
    SLICE_X36Y46         FDCE (Prop_fdce_C_Q)         0.141     1.610 r  clk_div_reg[1]/Q
                         net (fo=3, routed)           0.229     1.839    clk_25mhz
    BUFGCTRL_X0Y2        BUFG (Prop_bufg_I_O)         0.026     1.865 r  BUFG_vga_clk/O
                         net (fo=83, routed)          0.558     2.423    uVGA/vga_clk
    SLICE_X47Y64         FDCE                                         r  uVGA/rst_sync2_reg/C
  -------------------------------------------------------------------    -------------------
    SLICE_X47Y64         FDCE (Prop_fdce_C_Q)         0.141     2.564 r  uVGA/rst_sync2_reg/Q
                         net (fo=1, routed)           0.219     2.783    uVGA/rst_sync2
    SLICE_X47Y64         LUT1 (Prop_lut1_I0_O)        0.045     2.828 f  uVGA/h_cnt[9]_i_2/O
                         net (fo=76, routed)          0.513     3.340    uVGA/h_cnt_reg[9]_0
    SLICE_X52Y64         FDCE                                         f  uVGA/h_d1_reg[0]/CLR
  -------------------------------------------------------------------    -------------------

                         (clock vga_clk rise edge)    0.000     0.000 r  
    P17                                               0.000     0.000 r  clk (IN)
                         net (fo=0)                   0.000     0.000    clk
    P17                  IBUF (Prop_ibuf_I_O)         0.434     0.434 r  clk_IBUF_inst/O
                         net (fo=1, routed)           0.689     1.123    clk_IBUF
    BUFGCTRL_X0Y1        BUFG (Prop_bufg_I_O)         0.029     1.152 r  clk_IBUF_BUFG_inst/O
                         net (fo=340, routed)         0.832     1.983    clk_IBUF_BUFG
    SLICE_X36Y46         FDCE (Prop_fdce_C_Q)         0.175     2.158 r  clk_div_reg[1]/Q
                         net (fo=3, routed)           0.253     2.412    clk_25mhz
    BUFGCTRL_X0Y2        BUFG (Prop_bufg_I_O)         0.029     2.441 r  BUFG_vga_clk/O
                         net (fo=83, routed)          0.829     3.270    uVGA/vga_clk
    SLICE_X52Y64         FDCE                                         r  uVGA/h_d1_reg[0]/C
                         clock pessimism             -0.809     2.461    
    SLICE_X52Y64         FDCE (Remov_fdce_C_CLR)     -0.067     2.394    uVGA/h_d1_reg[0]
  -------------------------------------------------------------------
                         required time                         -2.394    
                         arrival time                           3.340    
  -------------------------------------------------------------------
                         slack                                  0.947    

Slack (MET) :             0.947ns  (arrival time - required time)
  Source:                 uVGA/rst_sync2_reg/C
                            (rising edge-triggered cell FDCE clocked by vga_clk  {rise@0.000ns fall@20.000ns period=40.000ns})
  Destination:            uVGA/h_d2_reg[0]/CLR
                            (removal check against rising-edge clock vga_clk  {rise@0.000ns fall@20.000ns period=40.000ns})
  Path Group:             **async_default**
  Path Type:              Removal (Min at Fast Process Corner)
  Requirement:            0.000ns  (vga_clk rise@0.000ns - vga_clk rise@0.000ns)
  Data Path Delay:        0.918ns  (logic 0.186ns (20.269%)  route 0.732ns (79.731%))
  Logic Levels:           1  (LUT1=1)
  Clock Path Skew:        0.038ns (DCD - SCD - CPR)
    Destination Clock Delay (DCD):    3.270ns
    Source Clock Delay      (SCD):    2.423ns
    Clock Pessimism Removal (CPR):    0.809ns

    Location             Delay type                Incr(ns)  Path(ns)    Netlist Resource(s)
  -------------------------------------------------------------------    -------------------
                         (clock vga_clk rise edge)    0.000     0.000 r  
    P17                                               0.000     0.000 r  clk (IN)
                         net (fo=0)                   0.000     0.000    clk
    P17                  IBUF (Prop_ibuf_I_O)         0.246     0.246 r  clk_IBUF_inst/O
                         net (fo=1, routed)           0.634     0.880    clk_IBUF
    BUFGCTRL_X0Y1        BUFG (Prop_bufg_I_O)         0.026     0.906 r  clk_IBUF_BUFG_inst/O
                         net (fo=340, routed)         0.563     1.469    clk_IBUF_BUFG
    SLICE_X36Y46         FDCE (Prop_fdce_C_Q)         0.141     1.610 r  clk_div_reg[1]/Q
                         net (fo=3, routed)           0.229     1.839    clk_25mhz
    BUFGCTRL_X0Y2        BUFG (Prop_bufg_I_O)         0.026     1.865 r  BUFG_vga_clk/O
                         net (fo=83, routed)          0.558     2.423    uVGA/vga_clk
    SLICE_X47Y64         FDCE                                         r  uVGA/rst_sync2_reg/C
  -------------------------------------------------------------------    -------------------
    SLICE_X47Y64         FDCE (Prop_fdce_C_Q)         0.141     2.564 r  uVGA/rst_sync2_reg/Q
                         net (fo=1, routed)           0.219     2.783    uVGA/rst_sync2
    SLICE_X47Y64         LUT1 (Prop_lut1_I0_O)        0.045     2.828 f  uVGA/h_cnt[9]_i_2/O
                         net (fo=76, routed)          0.513     3.340    uVGA/h_cnt_reg[9]_0
    SLICE_X52Y64         FDCE                                         f  uVGA/h_d2_reg[0]/CLR
  -------------------------------------------------------------------    -------------------

                         (clock vga_clk rise edge)    0.000     0.000 r  
    P17                                               0.000     0.000 r  clk (IN)
                         net (fo=0)                   0.000     0.000    clk
    P17                  IBUF (Prop_ibuf_I_O)         0.434     0.434 r  clk_IBUF_inst/O
                         net (fo=1, routed)           0.689     1.123    clk_IBUF
    BUFGCTRL_X0Y1        BUFG (Prop_bufg_I_O)         0.029     1.152 r  clk_IBUF_BUFG_inst/O
                         net (fo=340, routed)         0.832     1.983    clk_IBUF_BUFG
    SLICE_X36Y46         FDCE (Prop_fdce_C_Q)         0.175     2.158 r  clk_div_reg[1]/Q
                         net (fo=3, routed)           0.253     2.412    clk_25mhz
    BUFGCTRL_X0Y2        BUFG (Prop_bufg_I_O)         0.029     2.441 r  BUFG_vga_clk/O
                         net (fo=83, routed)          0.829     3.270    uVGA/vga_clk
    SLICE_X52Y64         FDCE                                         r  uVGA/h_d2_reg[0]/C
                         clock pessimism             -0.809     2.461    
    SLICE_X52Y64         FDCE (Remov_fdce_C_CLR)     -0.067     2.394    uVGA/h_d2_reg[0]
  -------------------------------------------------------------------
                         required time                         -2.394    
                         arrival time                           3.340    
  -------------------------------------------------------------------
                         slack                                  0.947    

Slack (MET) :             0.972ns  (arrival time - required time)
  Source:                 uVGA/rst_sync2_reg/C
                            (rising edge-triggered cell FDCE clocked by vga_clk  {rise@0.000ns fall@20.000ns period=40.000ns})
  Destination:            uVGA/h_cnt_reg[0]/CLR
                            (removal check against rising-edge clock vga_clk  {rise@0.000ns fall@20.000ns period=40.000ns})
  Path Group:             **async_default**
  Path Type:              Removal (Min at Fast Process Corner)
  Requirement:            0.000ns  (vga_clk rise@0.000ns - vga_clk rise@0.000ns)
  Data Path Delay:        0.918ns  (logic 0.186ns (20.269%)  route 0.732ns (79.731%))
  Logic Levels:           1  (LUT1=1)
  Clock Path Skew:        0.038ns (DCD - SCD - CPR)
    Destination Clock Delay (DCD):    3.270ns
    Source Clock Delay      (SCD):    2.423ns
    Clock Pessimism Removal (CPR):    0.809ns

    Location             Delay type                Incr(ns)  Path(ns)    Netlist Resource(s)
  -------------------------------------------------------------------    -------------------
                         (clock vga_clk rise edge)    0.000     0.000 r  
    P17                                               0.000     0.000 r  clk (IN)
                         net (fo=0)                   0.000     0.000    clk
    P17                  IBUF (Prop_ibuf_I_O)         0.246     0.246 r  clk_IBUF_inst/O
                         net (fo=1, routed)           0.634     0.880    clk_IBUF
    BUFGCTRL_X0Y1        BUFG (Prop_bufg_I_O)         0.026     0.906 r  clk_IBUF_BUFG_inst/O
                         net (fo=340, routed)         0.563     1.469    clk_IBUF_BUFG
    SLICE_X36Y46         FDCE (Prop_fdce_C_Q)         0.141     1.610 r  clk_div_reg[1]/Q
                         net (fo=3, routed)           0.229     1.839    clk_25mhz
    BUFGCTRL_X0Y2        BUFG (Prop_bufg_I_O)         0.026     1.865 r  BUFG_vga_clk/O
                         net (fo=83, routed)          0.558     2.423    uVGA/vga_clk
    SLICE_X47Y64         FDCE                                         r  uVGA/rst_sync2_reg/C
  -------------------------------------------------------------------    -------------------
    SLICE_X47Y64         FDCE (Prop_fdce_C_Q)         0.141     2.564 r  uVGA/rst_sync2_reg/Q
                         net (fo=1, routed)           0.219     2.783    uVGA/rst_sync2
    SLICE_X47Y64         LUT1 (Prop_lut1_I0_O)        0.045     2.828 f  uVGA/h_cnt[9]_i_2/O
                         net (fo=76, routed)          0.513     3.340    uVGA/h_cnt_reg[9]_0
    SLICE_X53Y64         FDCE                                         f  uVGA/h_cnt_reg[0]/CLR
  -------------------------------------------------------------------    -------------------

                         (clock vga_clk rise edge)    0.000     0.000 r  
    P17                                               0.000     0.000 r  clk (IN)
                         net (fo=0)                   0.000     0.000    clk
    P17                  IBUF (Prop_ibuf_I_O)         0.434     0.434 r  clk_IBUF_inst/O
                         net (fo=1, routed)           0.689     1.123    clk_IBUF
    BUFGCTRL_X0Y1        BUFG (Prop_bufg_I_O)         0.029     1.152 r  clk_IBUF_BUFG_inst/O
                         net (fo=340, routed)         0.832     1.983    clk_IBUF_BUFG
    SLICE_X36Y46         FDCE (Prop_fdce_C_Q)         0.175     2.158 r  clk_div_reg[1]/Q
                         net (fo=3, routed)           0.253     2.412    clk_25mhz
    BUFGCTRL_X0Y2        BUFG (Prop_bufg_I_O)         0.029     2.441 r  BUFG_vga_clk/O
                         net (fo=83, routed)          0.829     3.270    uVGA/vga_clk
    SLICE_X53Y64         FDCE                                         r  uVGA/h_cnt_reg[0]/C
                         clock pessimism             -0.809     2.461    
    SLICE_X53Y64         FDCE (Remov_fdce_C_CLR)     -0.092     2.369    uVGA/h_cnt_reg[0]
  -------------------------------------------------------------------
                         required time                         -2.369    
                         arrival time                           3.340    
  -------------------------------------------------------------------
                         slack                                  0.972    

Slack (MET) :             0.972ns  (arrival time - required time)
  Source:                 uVGA/rst_sync2_reg/C
                            (rising edge-triggered cell FDCE clocked by vga_clk  {rise@0.000ns fall@20.000ns period=40.000ns})
  Destination:            uVGA/v_d1_reg[0]/CLR
                            (removal check against rising-edge clock vga_clk  {rise@0.000ns fall@20.000ns period=40.000ns})
  Path Group:             **async_default**
  Path Type:              Removal (Min at Fast Process Corner)
  Requirement:            0.000ns  (vga_clk rise@0.000ns - vga_clk rise@0.000ns)
  Data Path Delay:        0.918ns  (logic 0.186ns (20.269%)  route 0.732ns (79.731%))
  Logic Levels:           1  (LUT1=1)
  Clock Path Skew:        0.038ns (DCD - SCD - CPR)
    Destination Clock Delay (DCD):    3.270ns
    Source Clock Delay      (SCD):    2.423ns
    Clock Pessimism Removal (CPR):    0.809ns

    Location             Delay type                Incr(ns)  Path(ns)    Netlist Resource(s)
  -------------------------------------------------------------------    -------------------
                         (clock vga_clk rise edge)    0.000     0.000 r  
    P17                                               0.000     0.000 r  clk (IN)
                         net (fo=0)                   0.000     0.000    clk
    P17                  IBUF (Prop_ibuf_I_O)         0.246     0.246 r  clk_IBUF_inst/O
                         net (fo=1, routed)           0.634     0.880    clk_IBUF
    BUFGCTRL_X0Y1        BUFG (Prop_bufg_I_O)         0.026     0.906 r  clk_IBUF_BUFG_inst/O
                         net (fo=340, routed)         0.563     1.469    clk_IBUF_BUFG
    SLICE_X36Y46         FDCE (Prop_fdce_C_Q)         0.141     1.610 r  clk_div_reg[1]/Q
                         net (fo=3, routed)           0.229     1.839    clk_25mhz
    BUFGCTRL_X0Y2        BUFG (Prop_bufg_I_O)         0.026     1.865 r  BUFG_vga_clk/O
                         net (fo=83, routed)          0.558     2.423    uVGA/vga_clk
    SLICE_X47Y64         FDCE                                         r  uVGA/rst_sync2_reg/C
  -------------------------------------------------------------------    -------------------
    SLICE_X47Y64         FDCE (Prop_fdce_C_Q)         0.141     2.564 r  uVGA/rst_sync2_reg/Q
                         net (fo=1, routed)           0.219     2.783    uVGA/rst_sync2
    SLICE_X47Y64         LUT1 (Prop_lut1_I0_O)        0.045     2.828 f  uVGA/h_cnt[9]_i_2/O
                         net (fo=76, routed)          0.513     3.340    uVGA/h_cnt_reg[9]_0
    SLICE_X53Y64         FDCE                                         f  uVGA/v_d1_reg[0]/CLR
  -------------------------------------------------------------------    -------------------

                         (clock vga_clk rise edge)    0.000     0.000 r  
    P17                                               0.000     0.000 r  clk (IN)
                         net (fo=0)                   0.000     0.000    clk
    P17                  IBUF (Prop_ibuf_I_O)         0.434     0.434 r  clk_IBUF_inst/O
                         net (fo=1, routed)           0.689     1.123    clk_IBUF
    BUFGCTRL_X0Y1        BUFG (Prop_bufg_I_O)         0.029     1.152 r  clk_IBUF_BUFG_inst/O
                         net (fo=340, routed)         0.832     1.983    clk_IBUF_BUFG
    SLICE_X36Y46         FDCE (Prop_fdce_C_Q)         0.175     2.158 r  clk_div_reg[1]/Q
                         net (fo=3, routed)           0.253     2.412    clk_25mhz
    BUFGCTRL_X0Y2        BUFG (Prop_bufg_I_O)         0.029     2.441 r  BUFG_vga_clk/O
                         net (fo=83, routed)          0.829     3.270    uVGA/vga_clk
    SLICE_X53Y64         FDCE                                         r  uVGA/v_d1_reg[0]/C
                         clock pessimism             -0.809     2.461    
    SLICE_X53Y64         FDCE (Remov_fdce_C_CLR)     -0.092     2.369    uVGA/v_d1_reg[0]
  -------------------------------------------------------------------
                         required time                         -2.369    
                         arrival time                           3.340    
  -------------------------------------------------------------------
                         slack                                  0.972    

Slack (MET) :             0.972ns  (arrival time - required time)
  Source:                 uVGA/rst_sync2_reg/C
                            (rising edge-triggered cell FDCE clocked by vga_clk  {rise@0.000ns fall@20.000ns period=40.000ns})
  Destination:            uVGA/v_d1_reg[1]/CLR
                            (removal check against rising-edge clock vga_clk  {rise@0.000ns fall@20.000ns period=40.000ns})
  Path Group:             **async_default**
  Path Type:              Removal (Min at Fast Process Corner)
  Requirement:            0.000ns  (vga_clk rise@0.000ns - vga_clk rise@0.000ns)
  Data Path Delay:        0.918ns  (logic 0.186ns (20.269%)  route 0.732ns (79.731%))
  Logic Levels:           1  (LUT1=1)
  Clock Path Skew:        0.038ns (DCD - SCD - CPR)
    Destination Clock Delay (DCD):    3.270ns
    Source Clock Delay      (SCD):    2.423ns
    Clock Pessimism Removal (CPR):    0.809ns

    Location             Delay type                Incr(ns)  Path(ns)    Netlist Resource(s)
  -------------------------------------------------------------------    -------------------
                         (clock vga_clk rise edge)    0.000     0.000 r  
    P17                                               0.000     0.000 r  clk (IN)
                         net (fo=0)                   0.000     0.000    clk
    P17                  IBUF (Prop_ibuf_I_O)         0.246     0.246 r  clk_IBUF_inst/O
                         net (fo=1, routed)           0.634     0.880    clk_IBUF
    BUFGCTRL_X0Y1        BUFG (Prop_bufg_I_O)         0.026     0.906 r  clk_IBUF_BUFG_inst/O
                         net (fo=340, routed)         0.563     1.469    clk_IBUF_BUFG
    SLICE_X36Y46         FDCE (Prop_fdce_C_Q)         0.141     1.610 r  clk_div_reg[1]/Q
                         net (fo=3, routed)           0.229     1.839    clk_25mhz
    BUFGCTRL_X0Y2        BUFG (Prop_bufg_I_O)         0.026     1.865 r  BUFG_vga_clk/O
                         net (fo=83, routed)          0.558     2.423    uVGA/vga_clk
    SLICE_X47Y64         FDCE                                         r  uVGA/rst_sync2_reg/C
  -------------------------------------------------------------------    -------------------
    SLICE_X47Y64         FDCE (Prop_fdce_C_Q)         0.141     2.564 r  uVGA/rst_sync2_reg/Q
                         net (fo=1, routed)           0.219     2.783    uVGA/rst_sync2
    SLICE_X47Y64         LUT1 (Prop_lut1_I0_O)        0.045     2.828 f  uVGA/h_cnt[9]_i_2/O
                         net (fo=76, routed)          0.513     3.340    uVGA/h_cnt_reg[9]_0
    SLICE_X53Y64         FDCE                                         f  uVGA/v_d1_reg[1]/CLR
  -------------------------------------------------------------------    -------------------

                         (clock vga_clk rise edge)    0.000     0.000 r  
    P17                                               0.000     0.000 r  clk (IN)
                         net (fo=0)                   0.000     0.000    clk
    P17                  IBUF (Prop_ibuf_I_O)         0.434     0.434 r  clk_IBUF_inst/O
                         net (fo=1, routed)           0.689     1.123    clk_IBUF
    BUFGCTRL_X0Y1        BUFG (Prop_bufg_I_O)         0.029     1.152 r  clk_IBUF_BUFG_inst/O
                         net (fo=340, routed)         0.832     1.983    clk_IBUF_BUFG
    SLICE_X36Y46         FDCE (Prop_fdce_C_Q)         0.175     2.158 r  clk_div_reg[1]/Q
                         net (fo=3, routed)           0.253     2.412    clk_25mhz
    BUFGCTRL_X0Y2        BUFG (Prop_bufg_I_O)         0.029     2.441 r  BUFG_vga_clk/O
                         net (fo=83, routed)          0.829     3.270    uVGA/vga_clk
    SLICE_X53Y64         FDCE                                         r  uVGA/v_d1_reg[1]/C
                         clock pessimism             -0.809     2.461    
    SLICE_X53Y64         FDCE (Remov_fdce_C_CLR)     -0.092     2.369    uVGA/v_d1_reg[1]
  -------------------------------------------------------------------
                         required time                         -2.369    
                         arrival time                           3.340    
  -------------------------------------------------------------------
                         slack                                  0.972    

Slack (MET) :             0.972ns  (arrival time - required time)
  Source:                 uVGA/rst_sync2_reg/C
                            (rising edge-triggered cell FDCE clocked by vga_clk  {rise@0.000ns fall@20.000ns period=40.000ns})
  Destination:            uVGA/v_d1_reg[3]/CLR
                            (removal check against rising-edge clock vga_clk  {rise@0.000ns fall@20.000ns period=40.000ns})
  Path Group:             **async_default**
  Path Type:              Removal (Min at Fast Process Corner)
  Requirement:            0.000ns  (vga_clk rise@0.000ns - vga_clk rise@0.000ns)
  Data Path Delay:        0.918ns  (logic 0.186ns (20.269%)  route 0.732ns (79.731%))
  Logic Levels:           1  (LUT1=1)
  Clock Path Skew:        0.038ns (DCD - SCD - CPR)
    Destination Clock Delay (DCD):    3.270ns
    Source Clock Delay      (SCD):    2.423ns
    Clock Pessimism Removal (CPR):    0.809ns

    Location             Delay type                Incr(ns)  Path(ns)    Netlist Resource(s)
  -------------------------------------------------------------------    -------------------
                         (clock vga_clk rise edge)    0.000     0.000 r  
    P17                                               0.000     0.000 r  clk (IN)
                         net (fo=0)                   0.000     0.000    clk
    P17                  IBUF (Prop_ibuf_I_O)         0.246     0.246 r  clk_IBUF_inst/O
                         net (fo=1, routed)           0.634     0.880    clk_IBUF
    BUFGCTRL_X0Y1        BUFG (Prop_bufg_I_O)         0.026     0.906 r  clk_IBUF_BUFG_inst/O
                         net (fo=340, routed)         0.563     1.469    clk_IBUF_BUFG
    SLICE_X36Y46         FDCE (Prop_fdce_C_Q)         0.141     1.610 r  clk_div_reg[1]/Q
                         net (fo=3, routed)           0.229     1.839    clk_25mhz
    BUFGCTRL_X0Y2        BUFG (Prop_bufg_I_O)         0.026     1.865 r  BUFG_vga_clk/O
                         net (fo=83, routed)          0.558     2.423    uVGA/vga_clk
    SLICE_X47Y64         FDCE                                         r  uVGA/rst_sync2_reg/C
  -------------------------------------------------------------------    -------------------
    SLICE_X47Y64         FDCE (Prop_fdce_C_Q)         0.141     2.564 r  uVGA/rst_sync2_reg/Q
                         net (fo=1, routed)           0.219     2.783    uVGA/rst_sync2
    SLICE_X47Y64         LUT1 (Prop_lut1_I0_O)        0.045     2.828 f  uVGA/h_cnt[9]_i_2/O
                         net (fo=76, routed)          0.513     3.340    uVGA/h_cnt_reg[9]_0
    SLICE_X53Y64         FDCE                                         f  uVGA/v_d1_reg[3]/CLR
  -------------------------------------------------------------------    -------------------

                         (clock vga_clk rise edge)    0.000     0.000 r  
    P17                                               0.000     0.000 r  clk (IN)
                         net (fo=0)                   0.000     0.000    clk
    P17                  IBUF (Prop_ibuf_I_O)         0.434     0.434 r  clk_IBUF_inst/O
                         net (fo=1, routed)           0.689     1.123    clk_IBUF
    BUFGCTRL_X0Y1        BUFG (Prop_bufg_I_O)         0.029     1.152 r  clk_IBUF_BUFG_inst/O
                         net (fo=340, routed)         0.832     1.983    clk_IBUF_BUFG
    SLICE_X36Y46         FDCE (Prop_fdce_C_Q)         0.175     2.158 r  clk_div_reg[1]/Q
                         net (fo=3, routed)           0.253     2.412    clk_25mhz
    BUFGCTRL_X0Y2        BUFG (Prop_bufg_I_O)         0.029     2.441 r  BUFG_vga_clk/O
                         net (fo=83, routed)          0.829     3.270    uVGA/vga_clk
    SLICE_X53Y64         FDCE                                         r  uVGA/v_d1_reg[3]/C
                         clock pessimism             -0.809     2.461    
    SLICE_X53Y64         FDCE (Remov_fdce_C_CLR)     -0.092     2.369    uVGA/v_d1_reg[3]
  -------------------------------------------------------------------
                         required time                         -2.369    
                         arrival time                           3.340    
  -------------------------------------------------------------------
                         slack                                  0.972    

Slack (MET) :             0.977ns  (arrival time - required time)
  Source:                 uVGA/rst_sync2_reg/C
                            (rising edge-triggered cell FDCE clocked by vga_clk  {rise@0.000ns fall@20.000ns period=40.000ns})
  Destination:            uVGA/char_data_reg[4]/CLR
                            (removal check against rising-edge clock vga_clk  {rise@0.000ns fall@20.000ns period=40.000ns})
  Path Group:             **async_default**
  Path Type:              Removal (Min at Fast Process Corner)
  Requirement:            0.000ns  (vga_clk rise@0.000ns - vga_clk rise@0.000ns)
  Data Path Delay:        0.948ns  (logic 0.186ns (19.613%)  route 0.762ns (80.387%))
  Logic Levels:           1  (LUT1=1)
  Clock Path Skew:        0.038ns (DCD - SCD - CPR)
    Destination Clock Delay (DCD):    3.270ns
    Source Clock Delay      (SCD):    2.423ns
    Clock Pessimism Removal (CPR):    0.809ns

    Location             Delay type                Incr(ns)  Path(ns)    Netlist Resource(s)
  -------------------------------------------------------------------    -------------------
                         (clock vga_clk rise edge)    0.000     0.000 r  
    P17                                               0.000     0.000 r  clk (IN)
                         net (fo=0)                   0.000     0.000    clk
    P17                  IBUF (Prop_ibuf_I_O)         0.246     0.246 r  clk_IBUF_inst/O
                         net (fo=1, routed)           0.634     0.880    clk_IBUF
    BUFGCTRL_X0Y1        BUFG (Prop_bufg_I_O)         0.026     0.906 r  clk_IBUF_BUFG_inst/O
                         net (fo=340, routed)         0.563     1.469    clk_IBUF_BUFG
    SLICE_X36Y46         FDCE (Prop_fdce_C_Q)         0.141     1.610 r  clk_div_reg[1]/Q
                         net (fo=3, routed)           0.229     1.839    clk_25mhz
    BUFGCTRL_X0Y2        BUFG (Prop_bufg_I_O)         0.026     1.865 r  BUFG_vga_clk/O
                         net (fo=83, routed)          0.558     2.423    uVGA/vga_clk
    SLICE_X47Y64         FDCE                                         r  uVGA/rst_sync2_reg/C
  -------------------------------------------------------------------    -------------------
    SLICE_X47Y64         FDCE (Prop_fdce_C_Q)         0.141     2.564 r  uVGA/rst_sync2_reg/Q
                         net (fo=1, routed)           0.219     2.783    uVGA/rst_sync2
    SLICE_X47Y64         LUT1 (Prop_lut1_I0_O)        0.045     2.828 f  uVGA/h_cnt[9]_i_2/O
                         net (fo=76, routed)          0.543     3.371    uVGA/h_cnt_reg[9]_0
    SLICE_X54Y63         FDCE                                         f  uVGA/char_data_reg[4]/CLR
  -------------------------------------------------------------------    -------------------

                         (clock vga_clk rise edge)    0.000     0.000 r  
    P17                                               0.000     0.000 r  clk (IN)
                         net (fo=0)                   0.000     0.000    clk
    P17                  IBUF (Prop_ibuf_I_O)         0.434     0.434 r  clk_IBUF_inst/O
                         net (fo=1, routed)           0.689     1.123    clk_IBUF
    BUFGCTRL_X0Y1        BUFG (Prop_bufg_I_O)         0.029     1.152 r  clk_IBUF_BUFG_inst/O
                         net (fo=340, routed)         0.832     1.983    clk_IBUF_BUFG
    SLICE_X36Y46         FDCE (Prop_fdce_C_Q)         0.175     2.158 r  clk_div_reg[1]/Q
                         net (fo=3, routed)           0.253     2.412    clk_25mhz
    BUFGCTRL_X0Y2        BUFG (Prop_bufg_I_O)         0.029     2.441 r  BUFG_vga_clk/O
                         net (fo=83, routed)          0.829     3.270    uVGA/vga_clk
    SLICE_X54Y63         FDCE                                         r  uVGA/char_data_reg[4]/C
                         clock pessimism             -0.809     2.461    
    SLICE_X54Y63         FDCE (Remov_fdce_C_CLR)     -0.067     2.394    uVGA/char_data_reg[4]
  -------------------------------------------------------------------
                         required time                         -2.394    
                         arrival time                           3.371    
  -------------------------------------------------------------------
                         slack                                  0.977    





